name	Me_1_p	Me_2_p	Me_3_p	Me_4_p	Me_5_p	Me_6_p	0M_1_p	0M_2_p	0M_3_p	0M_4_p	0M_5_p	0M_6_p	1M_1_p	1M_2_p	1M_3_p	1M_4_p	1M_5_p	1M_6_p	3M_1_p	3M_2_p	3M_3_p	3M_4_p	6M_1	6M_2	6M_3	6M_4	6M_5	12M_1_p	12M_2_p	12M_3_p	12M_5_p	12M_6_p
Enterococcus	0.34087	77.013	18.151	3.4362	2.5645	8.8002	26.766	90.115	13.831	34.397	30.609	1.8938	45.327	73.894	12.169	61.166	36.582	3.5903	33.457	80.762	17.538	25.78	71.561	73.863	7.5782	56.756	41.707	71.248	75.96	17.022	44.61	58.834
Bacillus	93.352	0.67371	0.52246	63.635	52.671	46.574	43.547	0.53826	0.23064	31.665	33.081	47.913	45.688	0.13326	0.23613	19.368	28.776	49.83	15.633	0.13082	0.071051	6.5993	19.452	0.18332	0.072271	15.573	14.516	20.728	0.065137	0.12422	14.219	12.47
Pediococcus	0.014536	0.051599	56.641	0.38344	0.01703	1.8153	0.1076	0.031824	51.018	0.43545	0.64615	1.1787	0.12486	0.079499	55.033	0.58008	0.76258	3.7899	0.065973	0.0050464	62.585	0.41523	0.32615	0.078472	64.609	0.90203	0.98813	0.35459	0.037218	61.026	1.089	0.48372
Tetragenococcus	7.3352e-05	0.000636	0.00066269	0.00049015	0.00011295	0.00054955	0.00024119	0.013468	0.019967	0.029701	0.030036	0.031473	0.019878	20.636	0.020825	0.19941	0.87679	0.042304	1.1529	11.291	0.077636	57.455	0.18534	20.082	0.10206	13.822	15.45	0.11744	18.48	0.058906	3.058	15.257
Heyndrickxia	0.12522	0.054346	0.041935	0.088993	31.18	0.10466	3.598	0.03717	0.023956	0.090141	16.003	9.448	1.1954	0.015833	0.02285	0.059131	15.684	10.73	1.1769	0.021254	0.0040433	0.021653	2.3331	0.011406	0.0061505	0.035267	14.086	2.0489	0.028716	0.051533	23.52	0.07332
Weissella	0.0052156	0.041506	11.052	0.37082	0.0035666	0.022657	0.32707	0.028983	12.573	19.685	0.081423	0.066449	0.21336	0.042948	12.004	7.8432	0.028255	0.0053596	0.11843	0.021567	4.0857	3.7748	0.24892	0.031093	2.8195	6.3097	0.029677	0.35658	0.028282	11.325	0.05793	5.8862
Pseudomonas	0.037918	0.34885	0.10436	0.12229	0.045389	40.213	0.11714	0.31385	0.0078881	0.045844	0.033754	10.541	0.017357	0.04526	0.0080009	0.037287	0.22009	14.722	0.23477	0.086392	0.0035609	0.1577	0.0093434	0.10986	0.0032234	0.013204	0.071128	0.0085374	0.078765	0.058941	0.06645	0.078822
Chromohalobacter	0.006536	0.02426	0.014403	0.014949	0.0064035	0.036466	11.265	0.012924	0.0057037	0.039278	0.0027148	0.20273	1.9829	0.0029585	0.0023204	1.3295	1.2496	0.41904	42.309	0.059853	0.38619	2.3609	0.96743	0.021203	0.012691	0.089438	0.88588	0.81779	0.0048158	0.13516	0.08943	0.058125
Caldifermentibacillus	5.4108	0.044843	0.033038	0.66484	8.2277	0.12071	5.1467	0.026758	0.033642	0.48687	2.4101	4.6639	3.4294	0.0069683	0.034342	0.38063	3.6473	4.7075	1.8303	0.0091603	0.013719	0.12748	3.0064	0.011286	0.024368	0.21532	1.4355	2.5474	0.0049082	0.023794	2.0699	0.27129
Leuconostoc	0.016312	13.833	0.26646	1.0564	0.039724	0.42015	0.13002	4.5058	0.3046	4.2873	1.5919	2.035	0.1311	3.3188	0.32879	1.324	0.90763	0.72493	0.06042	2.8983	0.23769	0.38842	0.077322	2.0942	0.08861	0.46608	0.6294	0.10134	2.7044	0.44829	0.079083	1.0215
Kroppenstedtia	0.0074035	0.022408	0.017407	26.888	0.030171	0.041705	0.030407	0.020882	0.013972	2.3922	1.1873	0.012491	0.013668	0.003162	0.012014	3.4286	1.2446	0.016074	0.020817	0.0011454	0.011874	1.1486	0.031631	0.0027576	0.00442	2.8371	0.90325	0.045101	0.0027158	0.025102	1.013	2.5339
Staphylococcus	0.0063108	2.9379	0.037367	0.020088	0.0080804	0.039277	6.6969	1.4357	5.438	0.07842	0.085446	0.073496	0.68119	0.97994	3.599	0.09537	0.25271	0.06212	1.2425	1.6125	3.9678	0.070793	0.62382	1.9136	2.9998	0.09098	0.075777	0.58312	1.2215	1.3356	0.037448	0.040739
Brochothrix	0.00076894	0.004747	0.0022178	0.0015337	0.00090795	0.88944	0.0012791	0.0031215	0.010827	0.014956	0.012951	18.881	0.0093961	0.010517	0.011631	0.013594	0.020494	6.866	0.0048278	0.0048012	0.00022649	0.00055794	5.5915e-05	0.0046486	0.00030792	0.00092443	0.00011528	0.0018202	0.0019183	0.00020471	8.9011e-05	0.00094168
Lactiplantibacillus	0.0015556	0.010674	5.5631	0.018309	0.0034928	0.010728	0.0037082	0.13827	4.3628	0.051529	0.022272	0.020299	0.0069161	0.043545	4.6385	0.028893	0.014726	0.04092	0.0019236	0.10901	3.0102	0.015146	0.011138	0.10323	3.8105	0.023961	0.024651	0.0098489	0.12818	2.4026	0.02615	0.016268
Nocardiopsis	0	0.00033183	0.0060438	0	0	3.6637e-05	0.0050994	0.017597	3.7506	0.024121	0.0095705	0.0086268	0.0039051	0.0059171	3.6642	0.012388	0.00093449	0	0.00018589	0.0030524	0.20082	0.011094	0.0082977	0.0079313	7.3654	0.021816	0.00019629	0.00060215	0.00065278	0.016534	0.00026385	0.0052389
Lacticaseibacillus	0.00058176	0.003263	2.6538	0.0044904	0.00078631	0.0046009	0.0013093	0.006243	2.6808	0.025541	0.02423	0.0081357	0.0030494	0.0042669	2.4578	0.015665	0.013779	0.0011544	0.00011585	0.0029136	2.0183	0.0096561	0.0060695	0.0068385	3.1296	0.015701	0.0028571	0.0046165	0.0036981	1.3507	0.009486	0.0073073
Lactococcus	0.00078158	0.030795	0.36229	0.0070834	0.95038	0.01206	0.035015	0.038649	1.2562	0.10025	4.6662	0.034903	0.050449	0.032637	1.3135	0.13319	2.0892	0.016289	0.040586	0.035573	0.75218	0.056174	0.076997	0.028622	0.11672	0.12851	0.38053	0.085993	0.037578	1.1422	0.299	0.15338
Mammaliicoccus	0.0012091	2.7904	0.0030749	0.015645	0.0020939	0.10327	0.062691	0.64833	0.016184	0.02644	0.1269	0.067203	0.0045304	0.33245	0.015593	0.017593	0.31506	0.45558	0.0074276	2.138	0.0076964	0.013349	0.0045291	0.46889	0.014453	0.039147	1.3457	0.01234	0.3735	0.0076276	1.6528	0.01385
Weizmannia	0.0089718	0.0031247	0.0027656	0.0036128	1.8178	0.0064053	0.26079	0.0022969	0.0016459	0.0037126	0.98519	0.45924	0.084323	0.00085902	0.0014192	0.0028226	1.0166	0.521	0.08287	0.0013648	0.00031037	0.00090365	0.16068	0.00093912	0	0.00078601	0.91083	0.14222	0.0020446	0.0033821	1.4371	0.0033966
Acinetobacter	0.0011989	0.0023228	0.0053281	0.018127	0.3828	0.032039	0.0039537	0.0016229	0.034195	0.0040676	1.9309	0.0058363	0.0014601	0.0014355	0.014645	0.0050026	1.3817	0.023051	0.003206	0.0019005	0.0055784	0.0071505	0.0019011	0.00046529	0.0019527	0.0038411	1.6479	0.0090873	0.0027189	0.01419	1.5992	0.010856
Shouchella	0.00071329	0.0010784	0.0024034	0.33032	0.016443	0.17933	0.0022137	0.0031084	0.51093	0.41211	0.48743	0.017749	0.0075553	0.0020345	0.68773	0.49396	0.64303	0.067104	0.0029015	0.0025103	0.60437	0.18474	0.0050882	0.0020319	0.16848	0.32059	0.44231	0.0098874	0.0019614	0.39974	0.51165	0.34081
Loigolactobacillus	0	0.00038713	0.07568	0.0082692	0.00015205	0.00031446	0	0.0003272	0.97937	0.0051459	0.0050853	0.0025622	0.0010654	0.0013055	0.83912	0.003574	0.0022791	0	0	0.00014197	1.637	0.0051378	0.0048338	0.0029198	2.5837	0.0092147	0.0012992	0.0019302	0.00056349	0.59353	0.0038592	0.0020108
Levilactobacillus	0.00017453	0.0012351	0.23709	0.0029488	0.016582	0.0011388	0.00088722	0.36929	0.71187	0.0029499	0.011879	0.0048502	0.0012225	0.14041	0.66771	0.0019032	0.010362	0.0035959	0.00041489	0.21849	0.73692	0.0033784	0.0041265	0.17521	1.9288	0.0053538	0.0093689	0.0038714	0.24731	0.81078	0.017901	0.0014557
Enterobacter	0.00058176	0.0061665	0.0071924	0.0013439	0.014036	0.006793	0.0016495	0.00031411	0.025232	0.0013763	0.71018	0.0048502	0.00077544	0.0002854	0.022729	0.0010381	0.66765	0.01481	0.0062206	0.00063887	0.042068	0.0071026	0.0011882	0.00037565	0.0073471	0	1.8194	0.010784	0.0030114	0.021165	2.4045	0.0073731
Caldibacillus	0.53516	0.0044889	0.0029424	0.054983	0.70054	0.0079471	0.49169	0.0028139	0.0034583	0.043731	0.19648	0.38645	0.32899	0.00054254	0.0033091	0.03227	0.29726	0.3704	0.17572	0.00099379	0.0012037	0.0098717	0.29321	0.00093485	0.0036638	0.016244	0.10938	0.24327	0.00047419	0.0022221	0.16132	0.023246
Leclercia	0	0.00050696	0.00025624	0.00036366	0.089822	0.0010258	0.00039193	0.00018323	0.0034777	0.0020601	1.9061	0.0029391	0.00098152	0.0011162	0.0041993	0.0020416	0.90077	0.0033532	0.0021256	0.00097443	0.0084053	0.00031833	0	0.0006275	0.00065091	0.00043008	0.87826	0.0030905	0.0013456	0.0049872	0.51542	0.001834
Saccharopolyspora	0	0.00049774	0	0.048627	0	0.00019234	0	0.0067665	0.002201	1.1333	0.027525	0.0011688	0.00038772	0.00074599	0.0018789	0.62439	0.037323	0.00014201	0	0.00054207	0.00031037	0.2101	0.00065141	0.00053786	0.0031649	0.49357	0.022489	0.00078637	0.00036026	0.00041238	0.009842	0.46773
Latilactobacillus	0.00035664	0.0097152	0.035273	0.063592	0.00031279	0.017338	0.0032991	0.071788	0.062469	0.81502	0.0052197	0.2565	0.0042859	0.050106	0.064963	0.19596	0.0047841	0.259	0.0028961	0.089283	0.066387	0.040836	0.0066343	0.18106	0.087355	0.043058	0.0054369	0.0068767	0.12823	0.064667	0.0054678	0.12606
Limosilactobacillus	0.00031112	0.0023412	0.22446	0.12277	0.00059951	0.0027477	0.11948	0.0051829	0.16715	0.15325	0.079164	0.003533	0.17272	0.0030094	0.183	0.12723	0.064924	0.0052863	0.11576	0.0040107	0.20319	0.039614	0.17869	0.0038589	0.23034	0.049608	0.027571	0.13594	0.0040553	0.2025	0.019255	0.051213
Escherichia	0	0.0036962	0.00035344	0.0077712	0.0012946	0.0012395	0.0027995	0.0008769	0.20404	0.0018103	0.16132	0.0019378	0.0013378	0.00069796	0.1887	0.0013396	0.07186	0.0048831	0.0091761	0.00054207	0.67315	0.0013794	0.00071291	0.0011269	0.84633	0.0023531	0.10461	0.00069839	0.00049882	0.26842	0.095683	0.0018751
Proteus	0.0089465	0.48856	0.87375	0.0051782	0.10137	0.012634	0.14941	0.078508	0.065497	0.046589	0.053761	0.025401	0.05631	0.018314	0.084329	0.043718	0.034649	0.029331	0.048669	0.048722	0.015594	0.025795	0.044698	0.046149	0.013143	0.044897	0.020165	0.050424	0.025009	0.022364	0.02793	0.02793
Clostridium	0.00035664	0.30998	0.0047184	0.131	0.0012468	0.0025096	0.0021405	0.74823	0.012659	0.14105	0.0050197	0.0030533	0.0011771	0.087587	0.012237	0.11145	0.0056225	0.0052908	0.0030578	0.17728	0.0046892	0.056821	0.0024351	0.20739	0.0099469	0.068477	0.0019878	0.0024664	0.17763	0.0069215	0.0020981	0.074413
Rahnella	0.00047806	0.00034104	0	0	0	0.0021585	0.00042638	0.0030168	0.00041633	0.00080651	0.0020328	0.78773	0.00040518	0.0020995	0.00039038	0.00067723	0.0040988	1.4926	0.0015814	0.0046657	4.6137e-05	0.00014034	0.00012022	0.012755	0.00014032	0.00013842	0.00072596	0.00020622	0.0093021	0	0.00034651	0
Macrococcoides	0.00033894	0.0015024	1.2397	0.0014942	0.00042574	0.0021432	0.00098628	0.00089653	0.23987	0.00081966	0.0014295	0.00073096	0.00029341	0.00042951	0.21177	0.00078598	0.00089036	0.00011452	3.2329e-05	0.00022264	0.048603	0.00035256	0.0001342	0.00020917	0.006591	0.00028672	0.0017448	0.00024471	0.00017243	0.075517	0.0025241	0.00044411
Lactobacillus	0.0010067	0.0013273	0.38937	0.0041504	0.00041271	0.0012792	0.10528	0.0020941	0.13072	0.011002	0.0056164	0.00092512	0.15894	0.00090989	0.14526	0.0075286	0.0056381	0.0014109	0.092755	0.00070985	0.15075	0.0041315	0.13486	0.00098607	0.1351	0.0045727	0.0037139	0.086886	0.00060351	0.14954	0.0021808	0.0044781
Siminovitchia	0.00014165	0.00024887	0.00018555	0.1188	0.14055	0.00071136	0.0014342	0.00027485	0.013886	0.040041	0.38371	0.0020672	0.0010374	0.00018367	0.04424	0.046437	0.39833	0.0026569	0.00094293	0.00028071	0.014546	0.014096	0.0010204	0.00014514	0.060851	0.029992	0.17871	0.0018092	0.00020322	0.01991	0.18945	0.033678
Paenibacillus	0.0013507	0.0034381	0.0025536	0.39586	0.38532	0.028686	0.0037082	0.0085596	0.0086319	0.038984	0.16922	0.002467	0.0086136	0.001102	0.007636	0.056862	0.19201	0.0029226	0.0019909	0.0012519	0.002332	0.017837	0.0026056	0.0018526	0.0065598	0.038584	0.12378	0.0036129	0.001204	0.0042603	0.13949	0.040797
Streptomyces	0.00016188	0.0048576	0.0024299	0.071601	0.00091664	0.0046528	0.0059564	0.026418	0.031821	0.37621	0.0075705	0.020212	0.00095008	0.00094662	0.029483	0.21417	0.010456	0.015121	0.018277	0.002591	0.0013464	0.073196	0.0014901	0.0024204	0.065898	0.16064	0.0060444	0.0012703	0.0062445	0.0012787	0.0038116	0.1597
Pantoea	0.00058429	0.39017	0.00031809	0.0011384	0.0071594	0.0041735	0.0011327	0.16257	0.00057176	0.00032436	0.05859	0.0024936	0.00019211	0.018559	0.00044145	0.0004795	0.051288	0.0045396	0.0046177	0.11423	0.00047395	0.00059217	0.00035785	0.19116	0.00026894	0.0003411	0.042149	0.00042893	0.12635	0.00053106	0.032327	0.00044
Oceanobacillus	0.00021247	0.045912	0.0012635	0.043781	0.0043486	0.065286	0.0011672	0.073921	0.16053	0.037091	0.0092328	0.0024213	0.00088023	0.0054056	0.1611	0.024415	0.011414	0.0039991	0.00064389	0.014342	0.048771	0.008506	0.0014035	0.020366	0.32932	0.016635	0.0071754	0.0010641	0.0075501	0.063359	0.0081286	0.016613
Pseudescherichia	0	0.00022122	0	0	0.014293	6.7167e-05	9.4752e-05	0	0.00069943	0.00046462	0.6062	0.00084136	0.00026546	0.00036452	0.0007771	0.00032626	0.1987	0.00071003	0.00024247	0.00018069	0.00039426	9.9265e-05	0	4.6956e-05	0	0	0.22589	0.00083862	0.00021246	0.00059929	0.12832	0.0003372
Virgibacillus	0.00027065	0.00041478	0	0.065118	0.0050437	0.00061977	0.00071925	0.00087035	0.061153	0.22197	0.012371	0.0015685	0.00063572	0.00022888	0.041033	0.23135	0.015759	0.0010124	0.00021822	0.0002065	0.01244	0.0754	0.00088904	0.00031162	0.050233	0.15138	0.0087364	0.0009431	0	0.013674	0.0094288	0.18032
Halomonas	0	0.00051618	0	0.0011305	9.9918e-05	0.0035537	0.18932	0	0.00033862	0.0028885	0	0.0071535	0.036749	0	0.00029187	0.049131	0.048469	0.017389	0.59829	0.00068081	0.011593	0.083769	0.018424	0.00018355	0.00063922	0.003584	0.018685	0.014897	0	0.0043464	0.0028928	0.0021424
Ligilactobacillus	0	0.0001567	0.014942	0.0032097	0.00028238	0.00029309	0.00045653	0.00073293	0.14812	0.099736	0.0043377	0.00089466	0.0011247	0.00056797	0.22028	0.068237	0.0032707	0.00038479	0.00048494	0.0002549	0.1964	0.014992	0.0011463	0.0003543	0.087214	0.015878	0.0035457	0.0011383	0.00039721	0.19895	0.0042153	0.015326
Carnobacterium	0	0.0041847	0.0036581	0.00037156	0.00042139	0.044623	0.00072787	0.00040573	0.0041106	0.0030858	0.010721	0.46532	0.0010584	0.00033061	0.0038016	0.0042364	0.011974	0.40682	0.00111	0.00050012	0.0036238	0.0019408	0.001697	0.00045675	0.0014694	0.0034802	0.016061	0.001812	0.00021554	0.003038	0.018126	0.0045357
Streptococcus	0.00089288	0.010084	0.053086	0.014957	0.014831	0.00374	0.0086956	0.014017	0.03168	0.011059	0.2279	0.0024327	0.0062629	0.0099325	0.030665	0.011958	0.1961	0.0026889	0.0052346	0.011951	0.024834	0.0075886	0.0088038	0.010548	0.010859	0.0096991	0.096786	0.011325	0.01244	0.030433	0.11064	0.012447
Companilactobacillus	0.00014418	0.00030417	0.3303	0.00017392	9.9918e-05	0.00058008	0.00026272	0.001047	0.1917	0.00067502	0.0024656	0.00067005	0.0003947	0.00089576	0.2112	0.00058331	0.0012797	7.7874e-05	5.3882e-05	0.00053239	0.061551	0.0002841	0.00029635	0.00061043	0.086899	0.00029661	0.0011902	0.00032995	0.00053885	0.075683	0.00093461	0.0001686
Homo	0.005461	0.085575	0.10776	0.022926	0.021687	0.0068816	0.021259	0.071245	0.046973	0.015832	0.016892	0.020414	0.010626	0.020871	0.039767	0.011518	0.023002	0.067627	0.012277	0.031288	0.019101	0.017019	0.01891	0.034752	0.035212	0.01703	0.016167	0.017058	0.025893	0.020228	0.014966	0.014561
Stenotrophomonas	0.005036	0.22242	0.31191	0.0031227	0.065742	0.0061092	0.014544	0.024147	0.011521	0.0088015	0.0042426	0.0014543	0.0079395	0.0031846	0.018337	0.020248	0.019064	0.010018	0.018471	0.016223	0.015099	0.014866	0.005091	0.0066549	0.0020385	0.0082111	0.0043215	0.0069426	0.0027589	0.0054381	0.0049051	0.0061847
Amycolatopsis	0	0.00020278	0	0.027314	0	0.00090676	0.00050391	0.00014397	0.0025396	0.23672	0.0058656	0.00010279	0.00012225	0	0.0027071	0.12945	0.0080289	0.00018323	0.0020233	0	0	0.043687	9.2259e-05	0	0.0052502	0.10031	0.0046299	8.2487e-05	0	0	0.0016244	0.097902
Atlantibacter	0	0.00012904	0.0011045	0	0.01683	0.00051902	0	0	0.00060784	0.00029806	0.32873	0.00062055	0.00014321	0.00018367	0.00063482	0.00026694	0.14733	0.0006917	0.00012932	0.0001097	0.0001426	6.1613e-05	4.7528e-05	0	0	6.9209e-05	0.066962	0.00027496	8.6216e-05	0.00018097	0.035591	0.00013159
Klebsiella	0.0011281	0.0030971	0	0.00040318	0.0016161	0.0046925	0.0030019	0.00068058	0.014613	0.0007057	0.09683	0.0022576	0.00013273	0	0.003185	0.0011221	0.084509	0.0044022	0.0028261	0.00053239	0.011081	0.002509	0.0085578	0.0012337	0.012231	0.0021455	0.10191	0.0012565	0.00043108	0.0098171	0.098039	0.00043178
Salinicola	0	0	0	0	0	0.00046712	0.079187	0	5.8286e-05	0.00071446	6.8853e-05	0.0023908	0.015593	0	0	0.015201	0.014204	0.0065551	0.27248	0.00038074	0.0040265	0.027079	0.0076575	0.00023051	0.00021047	0.0012853	0.0072346	0.0062388	0	0.0015576	0.00099501	0.00078131
Achromobacter	0.00093841	0.0032445	0.0064679	0.0016048	0.00093402	0.0044727	0.020522	0.01087	0.027181	0.028982	0.035935	0.091876	0.007185	0.00088446	0.005841	0.019412	0.014324	0.053458	0.01621	0.0031008	0.007298	0.0075647	0.0059829	0.0027832	0.0032468	0.013328	0.014793	0.010602	0.00099765	0.014475	0.01173	0.015815
Duffyella	0.00012141	0.28645	0.00024741	0.00020554	0.00033016	0.00094034	0.00028856	0.12296	0.00010269	0	0.0028262	8.3756e-05	0	0.0011614	0	0	0.0020377	5.9551e-05	0.00042297	0.0021263	0	0	0	0.0058396	0	0	0.00061379	0	0.0014257	0	0.00031789	0
Salmonella	0.0088681	0.0020002	0.00045947	0.0071941	0.027595	0.044633	0.037948	0.0010732	0.0011713	0.0032611	0.047299	0.027936	0.033235	0.00020345	0.00099965	0.0036926	0.032149	0.026669	0.027391	0.00019037	0.0041942	0.0010714	0.012192	0.00040553	0.0067586	0.0015374	0.015606	0.011501	0.0002956	0.001783	0.019099	0.00076486
Aeribacillus	0.017051	0	0	0.0061268	0.07208	0.00092202	0.030183	0	0.00089372	0.0060182	0.026521	0.041417	0.019288	0	0.0010982	0.0046467	0.035051	0.046885	0.011013	0	0	0.0012425	0.017163	0	0.00072497	0.0026448	0.015304	0.014798	0	0.00018394	0.021595	0.0030882
Listeria	0.00033388	0.00055305	0.001078	0.0098345	0.0019853	0.00031752	0.00057712	0.0007133	0.019759	0.038568	0.0055476	0.0015952	0.00060079	0.00056515	0.0054032	0.060357	0.0052643	0.000907	0.00032868	0.00040332	0.0024285	0.033634	0.00061786	0.00067446	0.0023308	0.073955	0.0042249	0.0005994	0.00052654	0.0023616	0.0050895	0.08008
Vreelandella	0	0	0	0	0	0.00045796	0.05114	0	0	0	0	0.00081471	0.010119	0	0	0.01305	0.0092541	0.00306	0.19421	0.00014842	0.0013296	0.022715	0.0042523	0	0	0.00067231	0.0047608	0.0037971	0	0.00032041	0.0002416	0.00029607
Thermoactinomyces	0	0	0	0.013779	0.00020418	0	8.1831e-05	0.00013742	9.1593e-05	0.22606	0.0010131	0.00019797	9.7803e-05	0.00011586	0.00014594	0.021394	0.00087219	0.00013284	0	4.5172e-05	0	0.0075921	8.1076e-05	6.4031e-05	8.9647e-05	0.011968	0.00057952	5.4991e-05	4.0029e-05	8.6037e-05	0.00063261	0.0080022
Kushneria	0	0	0	0	0	0.00091591	0.0099231	0	0	0	0	0.00033883	0.010734	0	0	0.0015225	0.0019521	0.020032	0.23263	0.00023554	0.00047395	0.003019	0.00083313	0	0	0.00013347	0.00059821	0.00053067	0	0.00014241	8.9011e-05	0
Ureibacillus	0.0018844	0	0	0.0025614	0.054999	0.00033584	0.0087172	0	0.0039746	0.0048829	0.02982	0.022104	0.0060114	0	0.0023496	0.002872	0.03353	0.026642	0.0033703	0	0.00049912	0.0010645	0.0059158	0	0.0026387	0.0015028	0.021779	0.0054524	0	0.00065863	0.03233	0.0020766
Kluyvera	3.0353e-05	0.00035948	0	0.0061743	0.072832	0.0026531	0.00070202	7.8528e-05	8.049e-05	0.0005216	0.097699	0.0004302	0.00018862	5.6515e-05	7.6616e-05	0.0010183	0.041081	0.000765	0.0026887	4.5172e-05	0	0.00044498	6.4302e-05	0	7.4056e-05	0.0007613	0.027085	0.00014848	5.8504e-05	7.7137e-05	0.016492	0.00070729
Kurthia	0	0	0.2325	0	0	0.011025	0	0	0.0093647	0.00078021	0.00013115	0	0	0	0.0086065	0.0010579	0	0	0	0	0.0010821	0.00018484	0	0	0.00052229	0.0003757	9.9702e-05	0	0	0.0011066	0	0.00052224
Mycolicibacterium	0	0.00082957	0.00053016	0.0018499	5.6476e-05	0.00085485	0.0018778	0.00017669	0.0015959	0.090426	0.0014721	0	0.00015369	0	0.0019519	0.054242	0.0021519	0	0.0033191	0	0	0.015968	0	0	0.00343	0.039261	0.0013304	0	0	0	0.00022253	0.039082
Lentilactobacillus	0	0.00048852	0.047016	0.0034864	0	0.00029309	0	0.00091616	0.034031	0.00072323	0.001141	0.00024365	3.493e-05	0.00012998	0.040625	0.00043995	0.00072942	0.00050389	0	0.00011616	0.042073	0.00028753	0.0001314	0.0002177	0.041612	0.00053884	0.0005359	0.00012648	0.00013856	0.039088	0.00047684	0.00048523
Mycobacterium	0.00011635	0.0017237	0	0.016768	0.00077328	0.0027538	0.0016797	0.023912	0.0020705	0.069509	0.0017082	0.00062436	0.00041566	0.00063579	0.0016819	0.039848	0.002575	0.00063673	0.0030551	0.00020005	0.00053686	0.014886	0.00066818	0.00018355	0.0036599	0.030496	0.0017822	0.0010366	0.00036642	0.00035898	0.00091554	0.030775
Saccharomonospora	0	0	0	0.0033599	0	0	0	0	0.00040245	0.081712	0.0037967	0	0	0	0.00038308	0.044618	0.0057549	0	0	0	0.00060397	0.014599	0	0	0.00081072	0.033003	0.0070415	0	0	0.00076247	0.0032171	0.03337
Exiguobacterium	0	0	0	0.014167	0.035037	0.00029004	0	0.00057587	0.0011463	0.0023713	0.085794	0.00043781	0	0.00010173	0.00073332	0.0025804	0.014316	0	0	0.00030653	0.00020132	0.0008352	0	0.00023905	0.00077174	0.001399	0.035379	0.00013748	8.0058e-05	0.00037085	0.0057157	0.0018011
Sphingobacterium	0.00024788	0.00055305	0.0017318	0.0015337	0.00015205	0.0060298	0.00034455	0.00039264	0.0013628	0.00048215	0.0010885	0.064515	0	0	0.0017403	0	0.0012174	0.11256	0.00019128	0.00022586	0.00029779	0	0.00028796	0	0.00039367	0	0.0005359	0	0	0.00034712	0.00034333	0
Lentibacillus	0.00041229	0.00014748	0	0.01189	0.0025892	0.00016792	0.00071064	0.00026176	0.026165	0.02768	0.0052164	0.00097461	0.00043313	7.3469e-05	0.024353	0.011943	0.0063779	0.0006917	0.00020744	3.8719e-05	0.0092987	0.0042307	0.00035785	8.5374e-05	0.022875	0.0069901	0.0039787	0.0003217	4.0029e-05	0.010645	0.0048511	0.0070194
Nocardia	0	0.00031339	0.0018114	0.0055339	0.00045615	0	0.0012576	0	0.00095201	0.064613	0.0016	0	0.00021656	0	0.00073332	0.035147	0.0024816	6.4131e-05	0.005337	0	0.00013841	0.01185	0.00014538	0	0.0021281	0.026522	0.0015392	0.00013473	0	0	0.00052135	0.026297
Xanthomonas	0.00015935	0.0066826	0	0	0.000795	0.018581	0.013817	0.0093776	0.0039024	0.014675	0.00027869	0.004302	0.0039296	0.0014722	0.005655	0.017944	0.0031228	0.004732	0.011865	0	0.0050625	0.0095774	0.0062093	0.0014642	0.0022568	0.010688	0.0014986	0.0072643	0.00090835	0.0031537	0.00028293	0.011748
Brevibacillus	0.0003187	0.00049774	0	0.060138	0.0072158	0.00011296	0.0052243	0.0016687	0.0012573	0.0052949	0.01319	0.0011079	0.00075099	8.1946e-05	0.0013535	0.008453	0.011962	0.0050206	0.0008675	0.00035815	0.00075916	0.0027144	0.00047248	0.00040126	0.00096662	0.0059322	0.013491	0.00050317	0.00027712	0.00087817	0.021347	0.0064478
Corynebacterium	0	0.00096783	0.0009101	0.0095183	0.00037361	0.00050986	0.00079678	0.00014397	0.0018568	0.043766	0.0015541	0.00033883	6.2873e-05	0	0.0042321	0.023817	0.0030812	0.0011452	0.0037475	9.0345e-05	0.0027053	0.0093206	0	0	0.0018436	0.019225	0.016896	7.1489e-05	0	0.0034385	0.0093175	0.018908
Bradyrhizobium	0.00097129	0.018416	0.0027303	0.011835	0.0010079	0.0034744	0.0047591	0.0018781	0.0031863	0.010936	0.0049344	0.0042944	0.0025324	0.0008675	0.0042722	0.012244	0.0050878	0.010518	0.012905	0.0012035	0.0074951	0.0047818	0.0024714	0.0011099	0.0026894	0.0095409	0.004418	0.0037614	0.00076979	0.0034445	0.0046603	0.0094785
Rhodococcus	0	0.0007927	0.00017672	0.0013993	0.00020853	0.00067778	0.00020673	0.00023558	0.0010214	0.060252	0.00081968	0	0	0.0036	0.00087926	0.03268	0.0010876	7.7874e-05	0.0011477	0	0	0.010416	0	0	0.0021281	0.024248	0.0010905	0	0	0.00020471	0.00025114	0.024772
Micromonospora	0	0.00024887	0	0.0018657	0	0.00046406	0.00089583	0	0.0023426	0.058043	0.0002623	0	0.00015369	0	0.0020321	0.032724	0.0013732	0	0.0036397	0	0	0.0099162	7.5485e-05	0	0.0055425	0.024015	0.00058887	0	0	0	0	0.022674
Lysinibacillus	0.00073858	0.00027652	0.0017142	0.029512	0.0034233	0.002763	0.00076663	0.012355	0.010242	0.014991	0.0049148	0.0015304	0.00072304	0.0011105	0.0084423	0.013643	0.0060353	0.0014155	0.00043644	0.00023231	0.0040852	0.0040733	0.0005899	0.00029454	0.0066845	0.0084286	0.0033151	0.00076713	0.0002371	0.0048537	0.0040023	0.0095484
Neobacillus	0.0028582	0.00058991	0.00075105	0.036864	0.0067336	0.00033584	0.002343	0.0029644	0.0070859	0.012685	0.0072066	0.0024708	0.0015125	6.7818e-05	0.006184	0.011454	0.0087038	0.0025698	0.00080284	0.00034202	0.0024159	0.0037173	0.0015321	0.00045675	0.0057608	0.0072669	0.004337	0.0010888	0.00026789	0.0028125	0.0057126	0.0079899
Pseudonocardia	0	0	0.00031809	0.0022215	0	0	0.00029287	0	0.00029143	0.057946	0.0013148	0	0	0	0.00027728	0.031845	0.0019936	0	0.00056845	0	0	0.010546	4.1936e-05	0	0.00064312	0.024124	0.0011372	0	0	0	0.00021617	0.023846
Saccharothrix	0	0	0	0.002933	0	0	5.599e-05	0	0.00049682	0.056964	0.0013082	0	0	0	0.00046334	0.03135	0.0017885	0	5.1188e-05	0	0	0.010584	0	0	0.00097442	0.023946	0.00090978	0	0	0	0.00039101	0.02355
Vagococcus	0	0.0011522	0.010904	0.0010673	0.00036926	0.00066862	0.0017917	0.0016033	0.016331	0.0057026	0.0052885	0.00089086	0.0027874	0.00097205	0.011481	0.007667	0.0063831	0.0010032	0.0023277	0.00089054	0.012751	0.0036968	0.004708	0.00096473	0.0042251	0.0063425	0.005278	0.0050537	0.00083753	0.01341	0.0051149	0.0064232
Peribacillus	0.003359	0.00073739	0.0066976	0.016776	0.010418	0.00042437	0.006456	0.0017603	0.0043853	0.010358	0.0060951	0.0050786	0.0045478	0.00032779	0.0039913	0.0098519	0.0074422	0.0075446	0.002228	0.000413	0.0010234	0.0035907	0.0035674	0.00061469	0.0029389	0.0067479	0.0035052	0.003261	0.00034179	0.0011778	0.0046762	0.0074677
Citrobacter	5.0588e-05	0.0030971	0	0.010198	0.0013424	0.0021524	0.00083554	0.00042536	0.0011407	0.00042517	0.036161	0.0022462	0	0.00022323	0.00035389	0.0005141	0.02018	0.0054924	0.0040708	0.00037106	0.00069205	0.00067089	0	0.00040553	0.0031103	0.0004548	0.022439	0	0.00048651	0.0010235	0.026328	0.0010034
Cronobacter	0	0.00077426	0	0	0.00050828	0.001844	0.00017658	0.00033374	0.0095478	0.00013588	0.0069705	0.0020787	0	0	0.010518	0.00020267	0.0042078	0.008108	0.00040681	5.8079e-05	0.055813	0.0002533	6.7098e-05	0	0.0040419	0.00016314	0.0033244	0.00013748	0	0.02898	0.0026989	0.0001028
Shigella	0	0	0	0	0	0	0.00017658	0	0.0097393	0	0.0065541	0	0	0	0.0089276	0	0.0060379	0	0	0	0.03566	0.0016054	0	0	0.048355	0	0.0044648	0	0	0.010488	0.003589	0
Microbacterium	0.025656	0.0017974	0.0017053	0.0034705	0.00027803	0.00016486	0.00068049	0.00024867	0.003772	0.030647	0.00064263	0.00018274	0	0	0.0054324	0.015779	0.00089815	0.00041685	0.002748	0	0.0013673	0.0056923	0.00048925	0.00043541	0.0039367	0.01178	0.00063872	0.00011548	0	0.00094344	0.00022888	0.012098
Allosaccharopolyspora	0	0	0	0.0022373	0	0	0	0	0	0.049728	0.0010164	6.472e-05	0	0	0	0.026545	0.0012512	0	0	0	0	0.0093788	0	0	0	0.019853	0.0010188	0	0	0	0.00031472	0.020713
Geobacillus	0.0010067	0	0	0.01725	0.018055	0.00030836	0.004449	0.0007133	0.0015876	0.0024239	0.0132	0.008151	0.0016871	0	0.0012806	0.0025507	0.017301	0.0078011	0.0014817	0	0	0.00080097	0.0022841	0	0.0014421	0.0017599	0.0090604	0.0020897	0	0	0.013104	0.0016778
Erwinia	0	0.0096046	0	0.0010673	0.0039663	0.000748	0.00054698	0.0013939	0	5.6982e-05	0.035069	0.0025888	8.0338e-05	0.00081099	0	0.00026199	0.033426	0.0048328	0.0024597	0.0027555	0	0.00024645	0	0.0035174	0	7.9096e-05	0.014273	0	0.0021893	0	0.0079982	0.00013159
Liquorilactobacillus	0	0	0.045284	0.00016602	0	0.00010991	0.00012921	0.0001047	0.014738	0.00029806	0.0012525	0.00020178	3.493e-05	0.00066687	0.01594	0.00015324	0.00058925	0.00029317	0	0.00047431	0.014403	0.00026699	3.914e-05	0.00080252	0.009752	0.00028672	0.00014955	3.5744e-05	0.00091759	0.014095	0.00015259	6.5794e-05
Nitunavirus	0	0	0	0	0.0082628	4.2743e-05	0.002343	0	0	0.00030683	0.028718	0.0014238	0.0015229	0	0	0.00065745	0.025665	0.0056069	0.00048224	0	0	0.00031149	0.0015349	0	0	0.00059322	0.017286	0.0009706	4.6187e-05	5.3402e-05	0.021499	0.00041121
Priestia	0.00074111	0.00051618	0.0012989	0.027938	0.010014	0.00036942	0.001908	0.0010732	0.0045991	0.0081002	0.0060918	0.0023185	0.0015544	0.00013846	0.0034295	0.0082058	0.0062507	0.0024141	0.00080014	0.00022909	0.00098145	0.0026938	0.001437	0.00019636	0.0042329	0.005077	0.0030253	0.0011493	0.00011085	0.001344	0.0036463	0.0055555
Sporolactobacillus	0	0.019274	9.7195e-05	0.00040318	0.00025197	0.00025951	5.1683e-05	0.052738	0.00023037	0.00039887	0.00049508	0.0052804	0	0.0026873	5.1077e-05	0.00032131	0.0004932	0.0052588	0	0.0081536	0	0.00011638	0	0.012396	4.6772e-05	0.00025212	0.0002181	0	0.0055794	0	0.00029882	0.0003043
Kutzneria	0	0	0	0.0021898	0	0.0002015	0.00015936	0	0.00038025	0.041487	0.0009705	0	0	0	0.00034295	0.022502	0.0012045	0	0.00074357	0	0	0.0077906	6.9893e-05	0	0.00064312	0.01709	0.00080385	0	0	0	0.00028293	0.017394
Sporosarcina	0	0.00043322	0	0.019258	0.0034189	0.00077853	0	0.0011452	0.011413	0.01126	0.0059443	0.00034264	5.938e-05	0.00023171	0.010887	0.0067031	0.0076291	0.00044892	0	0.00015165	0.0026382	0.0023516	0	0.0002732	0.0068794	0.0046024	0.0043526	6.5989e-05	0.00016935	0.0026167	0.0051849	0.0043877
Nocardioides	0	0	0.00029159	0.00030832	0	0	0.00011629	0.0001047	0.0016376	0.039694	0.00032787	0	0	0	0.0016491	0.021493	0.00091632	0	0.00032598	6.4532e-05	0	0.0075476	0	0	0.0032935	0.016145	0	0	0	0	0	0.015466
Rothia	0	0	0.02573	0	0	3.969e-05	0	0	0.019146	0.0017095	9.5082e-05	5.3299e-05	8.3831e-05	3.3909e-05	0.018858	0.00084035	0	0	0	0	0.017553	0.00024987	0	0	0.0006743	0.00042514	0.0018383	0.0019357	0.00066202	0.015196	0.0010459	0.0012542
Gordonia	5.8176e-05	0.000636	0.00083941	0.010894	0	0.00028393	0.0011198	0	0.0009187	0.0302	0.00064918	0	0	0	0.00069684	0.017099	0.0009293	0	0.0016811	0	0	0.0062811	0	0	0.0014733	0.012789	0.00099079	0	0	0	0.00058175	0.012879
Actinoalloteichus	0	0	0	0.001589	0	0	8.1831e-05	0	0.00041078	0.035627	0.00082951	0	0	0	0.00036484	0.019679	0.00087479	0	0.00030713	0	0	0.0065857	0	0	0.0010056	0.015557	0.000754	0	0	0	0.00025114	0.015137
Lapidilactobacillus	0	0	0.0021383	0	0	0	0	0	0.016684	5.6982e-05	0.00047869	4.5685e-05	0	3.3909e-05	0.014313	4.9433e-05	0.00022324	0	0	0	0.016332	0	4.4732e-05	5.1225e-05	0.025093	0.00010381	4.6735e-05	7.4238e-05	3.3871e-05	0.020575	0.00013669	0
Candidatus	0	0.0019264	0.0017849	0.035251	0.00082107	0.00058313	0.00098628	0.0019109	0.0019928	0.0071666	0.0032164	0.0002665	8.0338e-05	0.00020628	0.0017001	0.0075632	0.0035978	0.001136	0.0035724	0.00033557	0.00015938	0.0024748	0.00025441	0.00030735	0.0018202	0.0048842	0.0021249	0.00020897	0.00034487	0.00041238	0.002203	0.0055185
Lelliottia	0	0.00048852	0	0	0.0077676	0.00022287	0	0.00011779	0	0.00026299	0.0334	0.0013287	0	8.1946e-05	0	0.00020762	0.016818	0.0018919	7.274e-05	0.00037751	0	6.1613e-05	0	0.00035857	0	0.00010381	0.014834	6.8739e-05	0.00037874	4.1535e-05	0.0099469	0.00011925
Cytobacillus	0.00067029	0.00023044	0.00030042	0.0030199	0.0023937	0.034493	0.00064173	0.00058896	0.0038441	0.0059349	0.0025344	0.0014848	0.00072304	0	0.003517	0.0048049	0.0031046	0.0012322	0.00025863	0.00010325	0.0011073	0.0015472	0.00036624	0.00011099	0.002705	0.0031737	0.0015267	0.00040968	9.5454e-05	0.00099091	0.0017389	0.0033802
Niallia	0.0064727	0.00011061	0.00021206	0.0028776	0.0040271	0.00058313	0.0058315	0.00074602	0.0038441	0.0056982	0.003482	0.0041992	0.0048343	7.9121e-05	0.0036812	0.0043698	0.0044233	0.0042235	0.0021849	0.0001452	0.0013883	0.0016464	0.0032011	0.00017929	0.0020346	0.0027436	0.0022308	0.003008	0.00012625	0.0010799	0.0028547	0.0032075
uncultured	0	0.0029035	0.0014844	0.0077712	0.00082541	0.0077639	0.0041605	0.0048229	0.0013767	0.0034321	0.0021377	0.0010393	0.0010479	0.00082794	0.0015177	0.0026941	0.0028113	0.0029729	0.016178	0.0011003	0.00099823	0.0021496	0.00070173	0.0015282	0.00094324	0.0017994	0.0018414	0.00078637	0.0010993	0.00097608	0.0015704	0.0021712
Roseicyclus	0	0	0	0	0	0	0.0028469	0.001263	0.0038691	0.0011791	0.0058	0.0019606	0.0036117	0.00025432	0.0034222	0.0019773	0.0046751	0.0055657	0.0032652	0.00083891	0.0078474	0.00077701	0.0045794	0.00072141	0.0018124	0.0019675	0.0060382	0.004677	0.00056964	0.0051652	0.0062593	0.0023686
Actinopolyspora	0	0	0	0.0013677	0	0	0	0	0	0.029416	0.00061312	4.1878e-05	0	0	0	0.01697	0.00074759	0	0	0	0	0.0052782	0	0	0	0.011943	0.00050786	0	0	4.7469e-05	0.00021617	0.012649
Polycladomyces	0	0	0	0.051782	0	6.7167e-05	6.0297e-05	0.00014397	9.7144e-05	0.0036293	0.0022721	0	0	0	9.4858e-05	0.0058627	0.0023648	0	3.2329e-05	0	0	0.0018655	4.1936e-05	0	9.7442e-05	0.003411	0.0015173	8.5236e-05	0	2.9668e-05	0.0017325	0.0041286
Roseovarius	0	0	0	0	0	0.0010411	0.0029287	0.0008769	0.0035749	0.0017138	0.0049902	0.0013667	0.0028433	9.8901e-05	0.0036557	0.0021058	0.0040858	0.0056436	0.0033892	0.0004485	0.0073232	0.00081466	0.0039783	0.00064031	0.0016487	0.0022394	0.0049976	0.0041051	0.00017859	0.0046994	0.0060177	0.0021671
Secundilactobacillus	0	0	0.01359	0	0	3.3584e-05	0	0	0.011274	0.00016218	0.00024262	5.7106e-05	0	3.956e-05	0.012503	5.9319e-05	0.00014796	5.497e-05	0	0	0.012943	0	4.1936e-05	0	0.012044	5.4378e-05	0.00013086	6.049e-05	0	0.013457	0.00010173	0
Planococcus	0	0	0.00014137	0.033441	0.0011643	0.00016181	0	0.00051043	0.0023897	0.0048698	0.0032033	0.00017893	0	0	0.0020905	0.0056353	0.003738	0.00013742	0	0	0.001187	0.0017868	0	6.8299e-05	0.0020853	0.0038658	0.0018881	0	0	0.0011749	0.0023683	0.0038325
Arthrobacter	0	0	0	0.00066407	8.2541e-05	0.00079379	0.00026703	0.0024344	0.0013767	0.023363	0.00030492	0	0	3.6735e-05	0.0011273	0.01354	0.00053214	0.00014659	0.0014063	0.00061305	0	0.0043608	6.4302e-05	0.00019209	0.0029116	0.009531	0.00019629	0	0.00010161	0.00011274	7.3116e-05	0.0096224
Parageobacillus	0.00090299	0	0	0.012159	0.0091404	8.5485e-05	0.0030321	0.0001047	0.0018818	0.0029061	0.0047181	0.003552	0.0019805	0	0.0011675	0.0026941	0.0058406	0.0048648	0.0010211	0	0.00044878	0.00069486	0.0016327	0	0.0019332	0.0015819	0.0028259	0.0015645	0	0.00053699	0.0039578	0.0017312
Lentzea	0	0	0	0.00093286	0	0	0	0	0.00032196	0.025988	0.00059672	0	0	0	0.00031741	0.014385	0.00082806	0	8.0823e-05	0	0	0.004953	0	0	0.00078343	0.011345	0.00047358	0	0	0	0	0.010901
Ornithinibacillus	0	0.00024887	0	0.0021029	0.00055172	0.00030836	0.007662	0.00037301	0.0079103	0.010261	0.0010197	0.0002703	0	0	0.0089604	0.0048345	0.0011136	0.00032524	0	9.0345e-05	0.0025501	0.0015609	3.914e-05	0.0001494	0.0082319	0.0029018	0.00057017	2.7496e-05	6.7741e-05	0.0024417	0.00073434	0.0030512
Cobetia	0	0	0	0	0	0.00045185	0.012201	0	0	0	0	0.0004302	0.0026057	0	0	0.0032527	0.0027282	0.0012093	0.034129	0	0.00067108	0.005641	0.0014789	0	0	0	0.0011403	0.0012291	0	0.00029371	0.00014941	0
Aerococcus	3.7941e-05	0.00018435	0.0010338	0.0048461	0.00022156	0.0012823	0.0024722	0.00075911	0.0010936	0.0019242	0.0032197	0.00028553	0.0034615	0.00057362	0.00094493	0.0027287	0.0033538	0.00042602	0.0029743	0.00057111	0.00077594	0.00098238	0.0061003	0.00063604	0.00048331	0.0022641	0.0039819	0.0065027	0.00071744	0.0010621	0.0069683	0.002052
Halarchaeum	6.5764e-05	0.0001567	0	0	0	0.00020761	0.063255	0.00013742	4.1633e-05	0	0	0	8.0338e-05	0	0	0.00064757	0	0	3.5023e-05	0	0	0	0	0	0	0	0	0	0	0	0	0
Mesobacillus	4.5529e-05	0	0	0.032191	0.00080369	5.8008e-05	0.00012059	0.00028139	0.0022177	0.0039317	0.0020656	0.00019035	0	0	0.0018497	0.0046961	0.0023726	0.00028401	0.0001347	0	0.00056203	0.0013726	5.0323e-05	0	0.0013564	0.0029463	0.0013584	4.3993e-05	0	0.00073873	0.0016213	0.0028374
Rhizobium	0	0	0.0002209	0.022578	0.00010861	0.0017219	0.0036393	0	0.00035249	0.0031866	0.00093115	0	0.00067414	0	0.00029917	0.0039694	0.0016561	0.00027027	0.011005	0	0.00030618	0.0018142	0.00060947	0	0.00039756	0.0024322	0.0014114	0.00028595	0	0.00017504	0.00089328	0.0022658
Kitasatospora	0	0	0	0.00089333	0	0.00015571	6.4603e-05	0	0.0018319	0.020272	0.00013115	0	0	0	0.0017658	0.010361	0.00045686	0	0.00054421	0	0	0.0034024	4.1936e-05	0	0.0034494	0.0081469	0.00012463	5.4991e-05	0	0	0	0.0082695
Raoultella	0	0	0	0	0.00016074	0.00037552	0	0.00055624	0	0	0.018049	0.00039594	0	0	0	0	0.013701	0.0010169	5.927e-05	0.00013552	0	7.8727e-05	0	0.00037138	0.00012862	0	0.010176	0	0.00015088	0	0.013838	0
Serratia	0	0.0030233	0	0	0.0006473	0.0046376	0.0021491	0	0	0	0.0096459	0.0035215	0.00040518	0	0	0.00097877	0.0082936	0.0050664	0.0068726	0	0.00020552	0.0010132	0.00022086	0	0	0	0.0063062	0.00025846	0	0	0.005471	0
Halorubrum	0	0	0	0	0	0	0.015604	0.010346	0.0027283	0.004186	0.00039672	0.00027411	0.0028712	0.00090424	0.0026889	0.0013693	0.000745	0.00023362	0.0028369	0.0017746	0.00053267	0.0011775	0.0022897	0.00086655	0.00053008	0.0019774	0.0001184	0.0011576	0.00024325	0.00053402	0.00011126	0.0020972
Vibrio	0	0.0016038	0.00027391	0.012649	0.00043008	0.0057092	0.002442	0.0015051	0.00065225	0.0024546	0.0013377	0.0014886	0.00040518	9.8901e-05	0.00060563	0.0027287	0.0018872	0.0031608	0.0055337	7.0985e-05	0.00026424	0.0034743	0.00041936	9.3912e-05	0.00063532	0.0027041	0.00072596	0.00043443	6.7741e-05	0.00029668	0.00089328	0.002492
Kocuria	0	0.0012628	0.00032693	0	0.00060385	7.6326e-05	0.00027564	0.004607	0.0019568	0.0059787	0.0043541	0.00052157	0	0.00052276	0.0019519	0.0032576	0.006326	0.00030691	0.00025324	0.001581	0.0035861	0.0010782	0	0.0013404	0.00035469	0.0023828	0.004418	0	0.0011393	0.0011422	0.0056204	0.0022411
Comamonas	7.0823e-05	0.00092174	0.0079965	0.012744	0	0.0028302	0.00086999	0.00034029	0.0021316	0.0014158	0.00091804	0.00095177	0	0	0.0032872	0.001745	0.0017444	0.0033028	0.0026348	0	0.00067947	0.0013281	0.00071291	0	0.00017929	0.001315	0.0024084	0.00012098	0	0.0015932	0.0014528	0.0023028
Actinomadura	0	0	0	0.0002767	0	0	0.00046945	0	0.00086319	0.018374	0.00032787	0	9.431e-05	0	0.0010763	0.0099706	0.00053993	0	0.0019397	0	0	0.0035667	3.6345e-05	0	0.002058	0.0073658	0.0003583	6.049e-05	0	0	0	0.0077966
Marinobacter	0	0	0	0	0	0.0018837	0.0090229	0	0	0.00058735	0	0.00047588	0.0017884	0	0	0.0035147	0.0022584	0.00093449	0.025669	0	0.00046556	0.0053295	0.00082754	0	0	0	0.00080073	0.00073688	0	0	7.9474e-05	0.00025907
Schnuerera	0	0	0	0	0	3.053e-05	0	0	0.00025257	0.0091215	0.003518	0	0	0	0.000664	0.013456	0.0045712	0	0	0	7.5496e-05	0.0050043	0	0	0.00012083	0.0091998	0.00080385	0	0	0.00017801	0.00069301	0.0062299
Stutzerimonas	0	0.0001567	0	0	0	0.0203	0.004393	0	0.00012212	0.00028053	9.5082e-05	0.0015533	0.00095707	0	6.9319e-05	0.0012754	0.00092151	0.0036555	0.015591	6.7759e-05	0.00026004	0.0014479	0.00038022	0	0.00024166	0.0001928	0.00045178	0.00023921	0	8.0104e-05	7.3116e-05	0.00020972
Paucilactobacillus	0	0	0.0055136	0.00017392	0	0	0	0.00030102	0.0062116	0.00076706	0.0013082	8.3756e-05	0	3.3909e-05	0.0073588	0.0014434	0.00061521	9.6197e-05	0	6.1305e-05	0.0096552	0.00071539	0	5.1225e-05	0.0050943	0.0016412	0.00028353	5.4991e-05	8.0058e-05	0.0088233	3.8147e-05	0.0019492
Moraxella	0.0002327	0.00095861	0.0080584	0	0.00042574	0.00033584	6.4603e-05	0.00024867	0.0052541	0.00046024	0.0014984	0.0002703	9.431e-05	0	0.0033893	9.3922e-05	0.0019079	0.010545	5.927e-05	0	0.00030199	0.00072908	7.2689e-05	0	0	0.00010381	0.0044679	0.00022821	0	0.0039725	0.0037798	0.00396
Kamchatkavirus	0.0045984	0	0	0	0.0023285	7.6326e-05	0.0031828	0	0	0.00017095	0.0014295	0.0058172	0.0029935	0	0	0.00016807	0.00271	0.014594	0.0015383	0	0	5.1344e-05	0.0030669	0	0	0.0001137	0.0027605	0.0028568	0	0	0.0023492	0.00012336
Kosakonia	0	0.00073739	0	0	0.00024328	0.0012487	9.4752e-05	0.0039918	0.00026645	0	0.012253	0.001618	0	0.00043516	8.0264e-05	0.00018784	0.0080418	0.0011819	0.0002748	0.001581	0.00026424	0.00016772	0	0.0023435	0.00012473	0	0.0071038	4.3993e-05	0.0016227	0.00014241	0.0062244	0
Allokutzneria	0	0	0	0.0008459	0	0	6.0297e-05	0	6.3837e-05	0.01908	0.0004623	0	0	0	7.6616e-05	0.0095306	0.0005555	0	4.8494e-05	0	0	0.0033955	0	0	0.00014811	0.0077217	0.00031157	0	0	0	0.00013669	0.0076239
Brachybacterium	0	0.025265	0	0.00025298	0	0	0	0.00076565	0.0005329	0.0080038	9.5082e-05	0	0	0	0.00040862	0.0039151	0.00011941	0.00010078	0.0002263	0.00020005	0.00010486	0.0012665	0	0.00032869	0.00079902	0.0031095	0.0002181	0	0.00012317	0.00010384	0.00011444	0.0035776
Alicyclobacillus	3.0353e-05	0	0	0.029725	0.00027803	0	0.0001895	0	0.00013045	0.0022705	0.0015279	0	3.8423e-05	0	7.2968e-05	0.0034702	0.0017833	0	0.00054421	0	0	0.0010508	4.7528e-05	0	0.00018709	0.0021702	0.0010967	0	0	0	0.0012271	0.0024755
Brevundimonas	0.00022765	0.0030878	0.00062735	0.0012728	0	0.00043659	0.0039968	0	0.0005329	0.0006268	0.0026197	0	0	0	0.0012623	0.0011073	0.0031228	0.012574	0.0010318	0	0.00071302	0.0019134	0.00015097	0	0.00062753	0.00033121	0.0032839	0	0	0.0025692	0.0021808	0.0036228
Crossiella	0	0	0	0.00071941	0	0	0	0	8.049e-05	0.017704	0.00049836	0	0	0	8.0264e-05	0.0095998	0.00054772	0	0	0	0	0.0030327	0	0	0.00011303	0.007875	0.00033026	0	0	0	0.00016213	0.0070194
Kribbella	0	0.0011153	0	0.011258	0	7.3273e-05	0	0.00029448	0.00036637	0.011173	0.00054426	0.00019416	0	0	0.00028092	0.0069107	0.00073981	0.00018323	5.927e-05	0	0	0.0022078	0	0	0.0008458	0.0050473	0.00039258	0	0	0	0.00029246	0.0051854
Sulfitobacter	0	0	0.0014844	0.002008	0.00012598	0.00033889	0.0014816	0	0.0026368	0.00060488	0.0025607	0.0010622	0.0010234	0	0.0022583	0.0013347	0.002357	0.0032661	0.0041462	0.00019037	0.0034686	0.00061955	0.0017389	0	0.0010056	0.00093432	0.0025331	0.0016112	0	0.0025425	0.0030995	0.0010733
Sphingomonas	0.000129	0.0034473	0.00036227	0.0007115	0.00013467	0.0013372	0.0015591	0	0.00059396	0.002665	0.00075082	0.00046446	0.00026896	0	0.00057279	0.001834	0.00176	0.0081951	0.0052885	0	0.0009479	0.0017525	0.00015656	0	0.00035859	0.0012458	0.0024583	0.00021722	0	0.0017267	0.0023779	0.0038572
Metabacillus	0.0018085	0.00012904	0.00013254	0.0016365	0.002107	0.00058619	0.0010896	0.00044499	0.002931	0.00533	0.0017902	0.0012716	0.00097454	0	0.0026086	0.0038903	0.0021182	0.0013926	0.00041489	0	0.00096468	0.0012699	0.00060388	0	0.0024049	0.0022789	0.00088174	0.00068189	0	0.00095828	0.0012048	0.0021465
Actinoplanes	0	0	0	0.0014625	0	0	5.599e-05	0	0.00050237	0.01546	0.00032787	0	0	0	0.0004524	0.0085222	0.00043869	0	8.6211e-05	0	0	0.002711	0	0	0.0010368	0.0063376	0.00017448	0	0	0	0	0.0062052
Agrobacterium	6.3235e-05	0.0015301	0.0047272	0.0075419	0	0.0010838	0.00085277	0.00053661	0.00050515	0.00071885	0.00045246	0.00075761	0.000248	0	0.00083548	0.00098371	0.001111	0.0034631	0.00288	0.00015165	0.00059978	0.0011261	0.0014202	0.00017929	0.00040536	0.0011963	0.0029225	0.00027221	9.8533e-05	0.0013647	0.0030073	0.0019985
Nonomuraea	0	0	0	0.0037947	0	0.00021371	7.3217e-05	0	0.00092148	0.012203	0.00018361	0	0	0	0.00062752	0.0073012	0.00050359	0	0.0003664	0	0.0002894	0.0023379	0	0	0.0016604	0.004899	0.00033649	0	0	0.00017504	0.00010491	0.0058105
Actinosynnema	0	0.00038713	0	0.00060873	0	0	0.00030148	0	0	0.015118	0.00041312	0	0.00011527	0	0	0.0078153	0.00051138	0	0.00080823	0	0	0.0028616	0	0	0	0.0064809	0.00034273	0	0	0	0	0.005683
Yoonia	0	0.00026731	0	0	0	3.969e-05	0.014699	0.0002225	0.0081989	0.00012711	0.00036721	0.00017132	0.0024555	0.00041538	0.0034988	0.00035097	0.0010435	0.00032982	0.0013336	0.00038074	0.0012289	0.00023961	0.0012832	0.0011013	0.00022217	0.00020763	0.00048605	0.00087436	0.00060659	0.00052809	0.00048956	0.00024262
Halobacillus	0.00016188	0	0.00010603	0.008957	0.00048221	4.8849e-05	0.00011629	0.00023558	0.0029532	0.0045892	0.00091148	0.00011802	6.6366e-05	0	0.0025539	0.0037173	0.00099679	9.6197e-05	2.6941e-05	0	0.0014512	0.0012562	5.5915e-05	0	0.0037223	0.002274	0.00056706	8.2487e-05	0	0.0019729	0.00046731	0.0026688
Sphingobium	9.3588e-05	0.00064522	0.002262	0.012704	0	0.0005007	0.0011758	0.00024213	0.00015821	0.0016569	0.00061312	0.00054441	0	0	0.0003466	0.0015818	0.0012096	0.0020018	0.003338	0	0	0.00094131	0.0013699	0	0.00037028	0.0015028	0.0029942	0.00022271	0	0.0008663	0.0012334	0.0019409
Paracoccus	0	0.00070974	0.0005655	0	0.00031279	0	0.002119	0	0.0019096	0.0018979	0.0023541	0.00041878	0.00070907	0	0.0014995	0.0018735	0.0020144	0.0023087	0.0041516	0.00018392	0.0036742	0.00081466	0.0013028	0	0.00071717	0.0014682	0.002558	0.0012098	0	0.0022073	0.0020536	0.0013282
Brevibacterium	0.00010876	0.0077703	0	0	0.00022156	0.00018318	0.00020673	0.00064786	0.00045519	0.008407	0.00022623	7.6142e-05	0	6.2166e-05	0.00036849	0.0051509	0.00050099	0.00021072	0	0.00064532	0.0025291	0.0017491	0	0.00056347	0.00063532	0.0036186	0.0002773	0	0.00047111	0.000715	0.00014941	0.003631
Aeromonas	7.5882e-05	0.000636	0	0.0085064	0.00076025	0.0026684	0.0019683	0	0.00031919	0.0014508	0.00099345	0.00053299	0.00023403	0	0.00019336	0.001913	0.0020663	0.0033532	0.0040573	0	0	0.0022831	0.00016495	0	0.00029233	0.00089971	0.0015734	0	0	0.0010532	0.0013256	0.0018381
Aneurinibacillus	0	0	8.8359e-05	0.018554	0.0010252	0	0.00012921	0.00033374	0.0005329	0.0019418	0.001541	0.00077664	0	0	0.00058739	0.0024271	0.0019001	0.00092991	0	9.6798e-05	0.00017196	0.00058874	9.5055e-05	0	0.00046382	0.0014089	0.0012837	0.00011823	0	0.00025811	0.0015164	0.0015873
Rossellomorea	5.3117e-05	0	0	0.015953	0.00073418	0.00011602	6.0297e-05	0.00034683	0.00095756	0.0026124	0.0017279	0.0002132	0	0	0.00082818	0.0026397	0.0021052	0.00012826	4.3105e-05	3.8719e-05	0.0002894	0.0010508	7.2689e-05	8.9643e-05	0.00074446	0.0023185	0.0011216	7.9737e-05	0	0.00035008	0.0012144	0.0020026
Paraburkholderia	0	0	0.00060968	0.0086566	0.00026935	0.002244	0.0029761	0	5.5511e-05	0.0026738	0.00044918	0.0002132	0.00041217	0	0	0.002091	0.00079172	0.00048099	0.010151	0	0	0.0012939	0.00015097	0	0.00022607	0.0012903	0.00043308	0.00012098	0	0	0.00030518	0.0013077
Anoxybacillus	0.00048817	0	0	0.0059845	0.0017507	0	0.00039193	0	0.0019928	0.0027921	0.0018623	0.0015419	0.00035628	0	0.001795	0.0028869	0.0024427	0.0014567	0.00016703	0	0.00067527	0.00084546	0.00031312	0	0.0016448	0.0018686	0.0014737	0.00029145	0	0.0008574	0.0015672	0.0016202
Thermobifida	0	0.00035026	0	0.00035575	0	0	0.00021534	0	0.0041189	0.0069606	8.1968e-05	0	0	0	0.003798	0.0040139	0.00016613	0	0.00088366	0	0.00019294	0.0012596	0	0	0.0082748	0.0031441	0	0	0	0	0	0.0029566
Siophivirus	0	0	0	0	0	4.5796e-05	0	0	0	0.0022749	3.9344e-05	0.0043934	0	0	0	0.0056205	5.4512e-05	0.0081813	0	0	0	0.0022728	0	0	0	0.0078898	0	0	0	0	0	0.0059338
Chryseobacterium	0.00021247	0.0007927	0.010259	0	0	0.0017067	0.0012791	0.0010012	0.0039107	0.00055229	9.1804e-05	0.00046446	0.00015369	0.00023454	0.0061803	0.00074149	0.00046465	0.0015208	0.0016165	0.00018069	0.00062075	0	0.00027957	0.00031162	0.00032741	0.00032627	0.0003583	0.00014023	0	0.0016495	0.00031789	0.0005757
Dietzia	0	0	0	0.0002846	0	0.00039995	0	0	0.00023592	0.013435	0.00024918	0	0	0	0.0002262	0.0068266	0.00045167	0	0	0	0	0.0024337	0	0	0.00051449	0.0051165	0.00037388	0	0	0	0.00018438	0.0050744
Dactylosporangium	0	0	0	0.00060873	0	0	0.00015936	0	0.00053845	0.012672	0.00024262	0	0	0	0.00049983	0.0066339	0.00033746	0	0.00040142	0	0	0.0019921	0	0	0.0012122	0.0051659	0.00014955	0	0	0	0	0.0047043
Delftia	0	0.001908	0.0082439	0	0	0.00029004	0.00083554	0	0.00034417	0.00058297	0.00027213	0.00039974	0	0	0.00074427	0.00042018	0.0043714	0.0044892	0.00071393	0	0.00026843	0.0034982	0	0	0	0	0.0016077	0	0	0.0015932	0.002362	0.0021589
Umezawaea	0	0	0	0.00052967	0	0	0.00032732	0	5.8286e-05	0.012589	0.00028525	0	7.3352e-05	0	4.3781e-05	0.0066586	0.0003712	0	0.00087827	0	0	0.0023721	0	0	0.00010134	0.0050671	0.00023368	0	0	0	7.9474e-05	0.0053499
Cupriavidus	0	0.00023044	0.0066711	0	0	0.0025371	0.0025884	0.00030102	0.00025812	0.0021039	0.00026885	0.0010431	0.00045408	0	0.00020066	0.0016511	0.00088258	0.00037105	0.0078694	0	0	0.0010063	0.0012972	0.00014087	0.00071717	0.001483	0.001508	0.0002832	0	7.417e-05	0.00011762	0.00071963
Tistrella	0	0	0	0.026199	0	0.00011907	6.891e-05	0	0	0.00092486	0.00043935	4.5685e-05	0	0	0	0.0016758	0.00059185	4.5808e-05	0.0001805	0	0	0.00052713	0	0	0	0.0010925	0.00039258	0	0	0	0.00047684	0.0012007
Actinokineospora	0	0	0	0.00061663	0	0	0	0	0.00016653	0.012181	0.00037705	0	0	0	0.00015688	0.0064658	0.00032448	0	3.2329e-05	0	0	0.0022694	0	0	0.00028843	0.0052648	0.00023368	0	0	0	0.00010173	0.0052389
Fervidibacillus	0.00073858	0	0	0.0086961	0.0015031	4.8849e-05	0.0010121	0.0001047	0.0010464	0.0019593	0.00094755	0.00092893	0.00075797	0.00032213	0.0012332	0.0020762	0.0012953	0.00076042	0.00047416	0.00010002	0.00072561	0.00069828	0.00066818	0.00015794	0.0006665	0.0017599	0.00062937	0.00065165	8.6216e-05	0.00096124	0.00071208	0.0014845
Gracilibacillus	0.00015429	0.0003687	0.00016788	0.0049963	0.00041705	8.2432e-05	0.00014213	0.00058896	0.0029171	0.0046462	0.00058361	0.00019797	9.431e-05	9.0424e-05	0.0028457	0.0034702	0.00058925	0.00016491	4.8494e-05	9.0345e-05	0.00098145	0.00093446	7.8281e-05	0.0001366	0.0018124	0.0019428	0.00037077	6.324e-05	6.7741e-05	0.0010651	0.00034651	0.0024221
Burkholderia	0	0.000636	0.00058317	0.00025298	0	0.0044544	0.0027521	0.00062168	0.00035249	0.0033312	0.00018361	0.00055583	0.00044011	0	0.00025903	0.0025013	0.00089815	0.00088868	0.0082843	6.7759e-05	0	0.0019305	0.00025721	8.1106e-05	0.00027674	0.0012952	0.00018071	0.00012923	0	0	8.9011e-05	0.0014557
Phytobacter	6.0705e-05	0.00014748	0.00022973	0	9.123e-05	0.00010075	0.00092168	0.00057587	0.0020289	0.0014771	0.0036	0.0063692	0.00040518	9.3249e-05	0.00035024	0.0010381	0.0017626	0.0043151	0.00067891	0.00025813	0.00055784	0.00041417	0.00033269	0.00030735	0.00017929	0.00066737	0.0015828	0.00071214	8.6216e-05	0.00099091	0.0011158	0.00092112
Novibacillus	0	0	0	0.019321	0.0001868	0	9.9059e-05	0	6.1062e-05	0.0015385	0.0010623	0	0	0	0.0001204	0.0022739	0.0012564	0	0.0001832	0	4.1942e-05	0.00072908	5.0323e-05	0	0.00010914	0.0015424	0.00077892	3.5744e-05	0	4.7469e-05	0.00087421	0.0016325
Acidilutibacter	0.0050993	0	0	0	0.00053	7.3273e-05	0.0038202	0	6.9388e-05	0.0018322	0.00065902	0.0021282	0.0028153	0	0.00015688	0.0022788	0.00090334	0.0022721	0.0013012	0	0	0.00069486	0.0021779	0	0	0.0015819	0.00022745	0.0018999	0	8.307e-05	0.00019392	0.0010527
Furfurilactobacillus	0	0	0.011169	0	0	0	0	0	0.0044464	5.2599e-05	0.00015082	0	0	3.3909e-05	0.0042795	7.4149e-05	5.1916e-05	0	0	3.5493e-05	0.0036951	0	0	0	0.0032857	0	4.362e-05	2.7496e-05	4.6187e-05	0.0034919	4.1326e-05	0
Clostridioides	0	0.00049774	0.0003446	0.0154	0.00025631	0.00015571	0.0001249	0.00079183	0.00022482	0.0020119	0.00057377	5.7106e-05	6.2873e-05	0.00010738	0.00028457	0.0028226	0.00070866	0.00013284	3.2329e-05	0.0004001	0.00011324	0.00064009	6.4302e-05	0.00032015	0.00010134	0.0015226	0.00029287	8.7986e-05	0.00024017	0.00021658	0.00048002	0.0014475
Radiobacillus	3.0353e-05	0.00016591	0	0.0011542	0.0003823	0	6.891e-05	0.00041227	0.0055927	0.0063381	0.00021639	8.3756e-05	4.8901e-05	0	0.0033419	0.0022245	0.00032188	5.9551e-05	0	4.1946e-05	0.00070044	0.00067432	3.914e-05	8.5374e-05	0.0046616	0.001221	0.0001589	0	6.7741e-05	0.00071203	0.00015895	0.001394
Dehalobacter	0	0	0	0.020041	0	3.969e-05	0	0.00017014	0	0.0011791	0.00084918	0	0	0	0	0.0024321	0.00071125	0	0	0	0	0.00061613	0	5.1225e-05	0	0.0013743	0.00063872	0	0	0	0.00062625	0.0014351
Sutcliffiella	0	0.00012904	0	0.007036	0.00050394	0	0	0.00051043	0.0024647	0.0032786	0.00084263	0.00025507	0	0	0.0019665	0.0029907	0.00091373	0.00040769	0	5.4852e-05	0.00061236	0.00081123	0.00011742	8.1106e-05	0.0012005	0.00175	0.00055148	0	4.0029e-05	0.00059039	0.00073434	0.0016819
Macrococcus	0	0	0.0098609	0.006198	0.000265	0	8.1831e-05	0	0.0025979	0.0007583	0.00090164	5.3299e-05	4.5408e-05	0	0.0022109	0.00087496	0.00073721	0	0	7.0985e-05	0.00041523	0.00036625	6.1506e-05	0	0.00032741	0.00064265	0.00050474	4.1243e-05	3.695e-05	0.00078027	0.00058493	0.00069495
Actinomyces	0	0	0.0038701	0	0	0	0.00021534	0	0.0040412	0.0055667	0	0	0.00026197	0	0.0025794	0.0029165	0.00013498	5.0389e-05	0.00033945	0	0.00075916	0.0010748	0.00047528	0	0.0012745	0.0020911	0	0.00028595	0	0.00086334	0	0.0021753
Keratinibaculum	0	0	0.00022973	0	0	0	0	0	0.00015543	0.0048873	0.0021049	0	0	0	0.00024809	0.0069749	0.0024816	4.5808e-05	0	0	6.2914e-05	0.0024748	0	0	0	0.0046716	0.00048916	0	0	7.7137e-05	0.00039737	0.0032938
Salimicrobium	5.5647e-05	0	0	0.013495	0.00057779	0	0.00013782	0	0.00072719	0.0015254	0.00097705	0.00019416	4.5408e-05	0	0.00049253	0.0018735	0.0010851	0.00014201	0.00024247	0	0.00034393	0.00068459	3.6345e-05	0	0.00075615	0.0013249	0.00071661	6.324e-05	0	0.00053106	0.00071208	0.0015626
Nakamurella	0	0.00013826	0	0.00045062	0	0	0	0	9.9919e-05	0.0098973	0.00018361	0	0	0	0.00010215	0.0054524	0.00024401	8.7035e-05	7.274e-05	0	0	0.0019819	0	0	0.00031961	0.0046667	0.00015267	0	0	3.5602e-05	0	0.0041656
Kyrpidia	0	0	0	0.018436	0	0	0	0	0	0.0013281	0.00065246	0	0	0	0	0.0018241	0.00069827	0	0	0	0	0.00054425	0	0	0	0.0014732	0.00057329	0	0	0	0.00043869	0.0014475
Deinococcus	0	0	0.00088359	0.0090835	0.00031279	0.00017097	0.00035747	0	0.0022482	0.0021215	0.00028853	6.472e-05	0	0	0.0034368	0.0014335	0.00042052	0	0.0016919	0	0.00046976	0.00041417	0	0	0.00013252	0.0010282	0.00035207	0	0	0.00025811	0.00025432	0.0011432
Psychrobacter	8.8529e-05	0.00081113	0	0	0	0.010322	0.00019381	0.00018978	0.00075217	0	0.00023279	0.0019416	0	0.00020628	0.00052537	0.00045478	0.00017132	0.0037563	0.00090252	0.00015488	0	0.00022249	0	0.00029454	0.0031571	0	0	0	0.00031715	0.00097014	0	0
Billgrantia	0	0	0	0	0	0	0.0044533	0	0	0	5.2459e-05	0.00044924	0.00092214	0	0	0.0025606	0.0015315	0.00031608	0.0083975	0	0.00068786	0.0040836	0.00060108	0	0	5.4378e-05	0.00040192	0.00053067	0	8.9004e-05	4.7684e-05	0
Streptosporangium	0	0	0	0.00020554	0	0	0	0	0.00047184	0.0085692	0.00014754	0	0	0	0.00051077	0.0046714	0.00010383	0	0.00017242	0	0	0.0015643	0	0	0.00096662	0.0037224	7.4777e-05	0	0	0	0	0.0037585
Methylobacterium	0.00091311	0.0016499	0	0.0031622	0	0.0011144	0.00083984	0.00011125	0.00034139	0.0029631	0.00036066	0	0.00013273	0.00035322	0.00015323	0.001745	0.00043091	0.00096197	0.0027992	0.00023554	0.00023068	0.00088312	0	0	0.0006704	0.0018785	0.00053901	6.324e-05	0	0.00035008	0.00049909	0.0015256
Lysobacter	0	0	0.00089243	0.0016839	0	8.8538e-05	0.00088722	8.5072e-05	0.0018346	0.0024809	0.00012131	0	8.3831e-05	0	0.0046225	0.0018043	0.0002492	7.7874e-05	0.0032518	0	0.0013547	0.00094473	0.00010065	0	0.0005067	0.0011963	0.00013086	0	0	0.00097311	8.9011e-05	0.0013776
Cellulomonas	0	0	0	0.0005613	0	0	0	0	0.00025257	0.0092004	8.1968e-05	0	0	0	0.00026998	0.0049927	0.00013758	0	0	0	0	0.0015711	9.2259e-05	0	0.00071717	0.0034506	0.00018694	0	0	0	0	0.0032486
Ralstonia	0	0.00032261	0	0.012182	0	0.00053123	0.00094752	0	9.4368e-05	0.00098622	0.0003541	0.00030076	0.00023054	0	0.00014594	0.001048	0.00044908	0.0005497	0.0029743	0	0.00024746	0.00042787	0.00011183	0	6.6261e-05	0.00065254	0.00036142	0.00014023	0	0.00019284	0.00042916	0.00081009
Massilia	0.00045529	0.00025809	0	0.0065379	0	0.00080295	0.0011542	0	0	0.0013369	0.0018033	0.00026269	0.00010479	0	0	0.0012605	0.0013394	0.0014933	0.0036909	0	0.00013841	0.00082493	5.5915e-05	0	7.4056e-05	0.00047952	0.00080073	0	0	0.00036195	0.00038147	0.00084299
Halobacterium	0	0	0	0	0	0	0.024269	0.00018323	0	0	0	0	0	0	0	0	0	0	0	0	0	0	0	0	0	0	0	0	0	0	0	0
Thermoanaerobacterium	0	0.00075583	0	0.0026721	0.0036448	0	0	0.0010928	0.00020261	0.00021478	0.0029443	0.00075761	0	0.00016672	0.00010215	0.00043006	0.0026296	0.00097571	0	0.00024199	7.9691e-05	0.00013349	0	0.00024759	0.0001598	0.00027189	0.0023181	0	0.00015396	0.00014537	0.0038529	0.00025084
Mesorhizobium	0	0.00082957	0.0013784	0.00067197	0.00055172	0.0013311	0.00099489	0.00080491	0.00048294	0.0015297	0.0006459	0.0010317	0.00035628	3.956e-05	0.00048159	0.0017351	0.00046984	0.0011635	0.0022361	7.7438e-05	0.00060397	0.00053398	0.00029914	0.0001494	0.00035079	0.0016412	0.00046735	0.00080837	5.2346e-05	0.00035898	0.00048002	0.00099103
Pseudosulfitobacter	0	0	0	0.009795	0	0.0001496	0.00025841	0.00035338	0.00033862	0.00073638	0.0010492	0.00017513	0.00042963	0	0.00035754	0.0013545	0.00098641	0.00067338	0.00033407	0	0.0008011	0.00037652	0.00038861	0	0	0.00081073	0.0010095	0.00045093	0	0.00051622	0.0010777	0.00099514
Anaerocolumna	0.00010876	0.00065444	0	0.010285	0.00028672	0	0.00011629	0.0019763	0.00018319	0.00095554	0.00059017	0.00012944	0.00011177	0.00026845	0.00012404	0.0015522	0.00063857	0.00016491	5.6576e-05	0.00040655	0	0.00042787	0.00011742	0.00053786	0.00013642	0.0010975	0.00045489	6.5989e-05	0.00041569	0	0.00045777	0.0010527
Photobacterium	0	0.00047931	0.00014137	0.0090519	0	0.00094339	0.0024894	0.00019632	0.00035804	0.00076706	0.0006459	0.00011802	0.00011527	0	0.0003466	0.0012556	0.00066193	0.00021988	0.0012985	0	0.00020132	0.0007017	8.6668e-05	0	0.00062363	0.00070692	0.00037077	5.4991e-05	0	0.00022844	0.00041962	0.00080187
Cedecea	0	0.000636	0	0.0077712	0.00035189	0.00070831	0.00028426	0	0	0.00041202	0.0034361	0.00039213	5.2394e-05	0	0	0.0011221	0.0024037	0.00052221	0.00096718	0	0	0.00034914	5.0323e-05	0	0	0.00042514	0.0015641	4.1243e-05	0	0	0.0011571	0.00059215
Mycolicibacter	0	0	0	0	0	8.2432e-05	0.00017228	0	0	0.0086262	0	0	0	0	0	0.0043155	9.3449e-05	0	0.00077859	0	0	0.0016978	0	0	0	0.0033121	0	0	0	0	0	0.0036721
Roseateles	0	0	0	0.01472	0	0	0.00014213	0	0	0.001407	0.00050492	0	0	0	0	0.0017252	0.00042312	0	0.00010238	0	0	0.00061613	0	0	0	0.0010628	0.00036142	0	0	0	0.00045459	0.0011432
Halopseudomonas	0	0	0	0.0024744	4.3443e-05	0.0032271	0.0025152	0	0	0.00027614	0.00014098	0.00060152	0.00037375	0	0	0.0007316	0.00069827	0.0012826	0.0081604	0	0	0.00091392	0.00018172	0	0	0.00016808	0.00026795	7.9737e-05	0	0	7.3116e-05	0.00023439
Fructilactobacillus	0	0.00011061	0.0022355	0	0	0	0	0	0.0034528	0.00031997	0.00070492	0.00011802	0	3.956e-05	0.0041701	0.00019279	0.00036601	0	0	0	0.0042949	8.215e-05	0	0	0.0012823	6.9209e-05	0	0	0	0.0048626	0	0.00013981
Blastococcus	0	0	0	0.0010356	0	0.00015571	0	0	9.9919e-05	0.0073156	0.00022295	0	0	0	9.8506e-05	0.0041919	0.00039976	0	0	0	0	0.0015266	0	0	0.00030792	0.0033319	0.00016513	0	0	0	7.6295e-05	0.0034172
Flavobacterium	0.00013153	0.0011061	0.0020676	0.0036049	0	0.0022562	0.00066326	0.00096197	0.0017458	0.0012887	0.00038689	0.0002665	0.00019561	0.0002091	0.0010763	0.00085518	0.00041533	0.00048099	0.0001832	0.00018714	0	0.00027726	0.00024602	0.00017502	0.0014694	0.00071186	0.00019629	0.00018422	0	0.00020174	0.00016213	0.00044411
Shewanella	0	0	0.0011663	0.003099	0.00021721	0.0042773	0.0020975	0.00044499	0.00043576	0.00078898	0.00031476	0.00048731	6.9859e-05	9.3249e-05	0.00030282	0.00098371	0.0005607	0.0012093	0.001805	0.00010648	0.00026424	0.00094473	0.00014817	0	0.00031181	0.00046963	0.00035519	5.4991e-05	0	0.00016614	0.00021617	0.00050579
Methanobacterium	0	0	0	0	6.9508e-05	6.7167e-05	0	0	6.6613e-05	0	8.8525e-05	0	0	0.0021928	7.2968e-05	0	0.00010124	0	0.00023708	0.00082601	0	0.0099402	3.6345e-05	0.0012678	0	0.002274	8.4124e-05	0	0.0011208	0	9.2189e-05	0.0032897
Alloactinosynnema	0	0	0	0.00029251	0	0	0	0	0	0.0080564	9.8361e-05	0	0	0	0	0.0046368	0.00021805	0	0	0	0	0.0015711	0	0	5.067e-05	0.0033517	0.00016513	0	0	0	5.7221e-05	0.0033226
Pemunavirus	0	0	0	0	0	0	0.00013782	0	0	0	0	0.0053299	0	0	0	0	5.9704e-05	0.016106	3.2329e-05	0	0	0	2.7957e-05	0	0	0	3.1157e-05	3.5744e-05	0	0	0	0
Staphylospora	0	0	0	0.01408	0	0	0	0	0	0.00094239	0.00064263	0	0	0	0	0.0015423	0.00062559	0	0	0	0	0.00051344	0	0	0.00010524	0.0011518	0.00040192	0	0	5.0436e-05	0.00052771	0.0010938
Providencia	0	0	0	0.012649	0	0.00075716	0.00017228	0.00027485	0.00019706	0.00066187	0.00070492	0.00013325	0.00016068	0	0	0.001221	0.00066972	0.00042143	9.6987e-05	0	0	0.00024303	0.0002656	0	0.00022607	0.00074647	0.00068545	0.00021996	0	0	0.00029564	0.00085944
Oligella	0	0	0	0	0	0	0.0032043	0	0	0	0	0	0.00049949	0	0	0	6.23e-05	8.7035e-05	0.017051	3.8719e-05	0	0	0.00023205	0	0	0	0.00025549	0.00019797	0	0	0	0
Pseudoalteromonas	0	0.00023965	0.00036227	0.0081348	0.00021287	0.0020578	0.00014643	0.0003861	0.00080213	0.00047777	0.00065574	0.00013705	0	0	0.00051077	0.00089473	0.00070347	0.00058176	0.00014817	0	0.00065011	0.00040048	5.0323e-05	0	0.00061583	0.00078601	0.00045801	0	0	0.000715	0.00037512	0.00090467
Psychrobacillus	0.00038447	0.000212	0	0.00087752	0.00078631	0	0.00025411	0.00041227	0.0022121	0.0028491	0.00060984	0.00020558	0.00026546	9.0424e-05	0.0017877	0.002175	0.0007424	0.00019698	8.0823e-05	6.4532e-05	0.00042362	0.0005819	0.00012022	7.2568e-05	0.0013876	0.0011667	0.00042685	0.00013473	7.6979e-05	0.00048359	0.00043869	0.0014351
Salicibibacter	6.3235e-05	0.00010139	0	0.0064984	0.00055607	0	5.1683e-05	0.00037955	0.00090482	0.0018673	0.0010295	7.2335e-05	0	5.3689e-05	0.00078075	0.0013297	0.0012071	0	2.9635e-05	4.8399e-05	0.00028521	0.00061955	0	6.4031e-05	0.00079123	0.00096892	0.00058575	0	5.2346e-05	0.00031448	0.00089964	0.0011021
Georgenia	0	0	0	0	0	5.1902e-05	0.0003144	0	0.00026645	0.0065924	0.00016066	0	6.9859e-05	0	0.00025174	0.0036481	0.0002492	0	0.00098065	0	0	0.0013897	6.4302e-05	0	0.00060414	0.0028919	0.00013709	7.4238e-05	0	3.8568e-05	0	0.0026194
Yersinia	0	0.00038713	0.00015021	0	0.00075156	0.0011968	0.00015505	0.00037955	0.00021927	0	0.0020459	0.0030457	0	0	0.00021525	0	0.0014563	0.0057443	0.00080823	6.4532e-05	0.00016777	0.00011296	0	0.00012806	0.00041705	0.00013347	0.0011216	0	0.0001324	0.00016911	0.001084	0.00022206
Oceanimonas	0	0	0	0.013582	0	0.00015265	0.00023257	0	0	0.00067502	0.00042295	5.7106e-05	0	0	4.0132e-05	0.0011617	0.00050618	0.00012368	0.00054421	0	0	0.00036625	0	0	0.00015591	0.00073164	0.00029599	0	0	3.5602e-05	0.00032107	0.00078542
Mixta	0	0.0015117	0	0	0.0010861	0.00068083	0.00012921	0	0.00010825	0.000469	0.0060656	0.00012563	0	0	4.7429e-05	0.00028177	0.0055109	0.0001191	0.00010776	0	0	0.00015061	0	0	8.9647e-05	0.00015325	0.0020626	0	0	0	0.0011635	0.00028785
Chromobacterium	0	0	0	0.012262	0	0.00083043	0	0	0	0.00062242	0.0002	7.9949e-05	0	0	0	0.0010776	0.00042571	0	0.0015195	0	0	0.00056821	0	0	0	0.00051907	0.00033026	0	0	0	0.00022571	0.00068262
Globicatella	0	0	0	0.0012965	0.00013467	5.1902e-05	0.00022827	0.00011125	0.0019068	0.0039142	0.00042951	0	6.2873e-05	6.4992e-05	0.0034003	0.0018043	0.00029592	0	6.4658e-05	6.7759e-05	0.00064591	0.00040048	7.2689e-05	4.6956e-05	0.0012239	0.0010678	0.0001994	8.7986e-05	6.4662e-05	0.00057259	0.00016531	0.00093346
Domibacillus	0	0.00043322	0	0.0086724	0.00020853	6.4114e-05	8.6138e-05	0.00069366	0.00021927	0.00080651	0.00060656	6.472e-05	9.431e-05	0.00021476	0.00023714	0.0012803	0.0006801	6.8712e-05	7.8128e-05	0.00029039	0.00015519	0.00041417	0.00016774	0.00029454	0.00026114	0.00086511	0.00047358	0.00013198	0.0002371	0.00012757	0.00055949	0.0008142
Azotobacter	0	0	0	0.0096843	0	0.00087012	0.00081831	0	0	0.00067063	0.00027541	0.00041497	0.00010479	0	0	0.0013693	0.00050099	0.00057718	0.0019047	0	0	0.0006264	5.871e-05	0	0	0.00059322	0.00023368	0	0	0	0.00016848	0.00041944
Rhodopseudomonas	0	0.00030417	0.00030042	0.011123	0	0.00077242	0.00020673	0	8.8817e-05	0.00088979	0.00030492	5.7106e-05	5.5887e-05	0	8.3913e-05	0.0010974	0.0004958	0.00021988	0.00043914	0	9.2273e-05	0.00051686	6.9893e-05	0	7.4056e-05	0.00076624	0.00023679	0	0	7.417e-05	0.00031154	0.00069495
Caldalkalibacillus	0	0	0	0.010238	0.00034754	0.00019234	0	0	0	0.00082843	0.00098361	0	0	0	4.0132e-05	0.001305	0.0010954	4.5808e-05	3.2329e-05	0	0	0.00041417	0	0	5.067e-05	0.0010579	0.0006948	3.2995e-05	0	0	0.00075341	0.00099103
Alkaliphilus	0	0.00068209	0	0.0020001	0	0	0	0.0021006	0.00014155	0.00072761	0.00019344	4.5685e-05	0	0.0011162	0.00010945	0.00090956	0.00023362	0.00013742	0	0.0032814	0	0.00030806	0	0.0026423	8.9647e-05	0.00059322	0.00010282	0	0.0029683	0	9.8547e-05	0.00055103
Blattabacterium	7.0823e-05	0.00055305	0	0.00053758	0	0	0.00073648	0.00090962	0.00024702	0.0012361	0.0015705	0.00031979	0.00030738	0.00011586	0.00011675	0.0012902	0.0009293	0.00092991	0.00030174	0.00015488	7.9691e-05	0.00061955	0.00083593	0.00021344	0.00086139	0.0013298	0.00058575	0.00080287	0.00017859	0.00020174	0.00058811	0.0018176
Laceyella	0	0	0	0.01102	0	0	0	0	3.0531e-05	0.00084158	0.00060656	0	0	0	5.4726e-05	0.0013495	0.00057887	0	0	0	0	0.00056821	0	0	3.8977e-05	0.00098375	0.0004362	0	0	4.4502e-05	0.00050227	0.0012419
Geodermatophilus	0	0	0	0	0	0	0	0	8.6042e-05	0.0067896	0.00014098	0	0	0	0	0.0035789	0.00021805	0	0.00012393	0	0	0.0011878	0	0	5.8465e-05	0.0029414	7.1661e-05	0	0	0	0	0.0029772
Roseomonas	0	0.00022122	0.00063619	0.0074787	0	0	0.00036178	0	0.00012767	0.0013325	0.00034754	0	0	0	0.00017512	0.0013792	0.00039716	0.00034356	0.00088635	0	0	0.00056478	4.1936e-05	0	0.00011303	0.00077118	0.0009534	0	0	0.00042425	0.00036558	0.0012419
Prevotella	0	0	0.00020323	0.0048382	9.123e-05	0.00014349	0	0	0.00033029	0.00043832	0.00031148	0	0	0	0.0003393	0.00066734	0.00032967	0.00014201	2.9635e-05	0	0.00026424	0.00020538	0	0	9.3544e-05	0.00054873	0.0019785	0.0023536	0.00079134	0.0015398	0.0012112	0.0012912
Vescimonas	0	0	0	0.012428	0	0	0	0	0	0.00066187	0.00035738	0	0	0	0	0.0010677	0.00041014	0	0	0	0	0.00040733	0	0	0	0.00099858	0.00038011	0	0	0	0.00034015	0.001028
Pectobacterium	0	0.00065444	8.8359e-05	0	0.00019115	0.0030592	0.00040485	0	0	0	0.0024984	0.0018122	9.431e-05	0	0	0	0.0023388	0.0032157	0.0015545	0	0	0	0	0	0	0	0.001131	0	0	0	0.0010109	0
Dehalobacterium	0	0	0	0.011281	5.6476e-05	0	0	0.00023558	0.0001471	0.00079775	0.00043279	0	0	0	6.9319e-05	0.0012556	0.00050878	0	0	0	0	0.00036968	0	5.1225e-05	0.00014811	0.0009887	0.00032403	0	0	0	0.00044187	0.00093757
Aeromicrobium	0	0	0	0	0	0.00012212	5.1683e-05	0	0.00015265	0.0066318	6.5574e-05	0	0	0	0.00015323	0.0038656	0	0	0.00046069	0	0	0.001068	0	0	0.00035469	0.0025113	0	0	0	0	0	0.002348
Thermomonospora	0	0	0	0.00015811	0	0	7.3217e-05	0	0.00025535	0.0063031	0.00018033	0	0	0	0.00018242	0.0032823	0.00022584	0	0.00053882	0	0	0.00097554	0	0	0.00045603	0.0025706	0.00012774	0	0	0	0	0.0024385
Kibdelosporangium	0	0	0	0.000419	0	0	0	0	4.4409e-05	0.0067458	0.00013443	0	0	0	4.7429e-05	0.0032428	0.00023103	0	0	0	0	0.0012151	0	0	8.9647e-05	0.0027832	0.00014021	0	0	0	4.4505e-05	0.0025331
Tsukamurella	0	0.00061757	0	0	0	0	0	0	5.8286e-05	0.0061628	0	0	0	0	8.0264e-05	0.0033318	0.00012979	0.00010994	0.00011315	0	0.00011744	0.001109	0	0	0.00024555	0.0024322	0.00014955	0	0	0.00011867	0.00010491	0.0026935
Tepidanaerobacter	0	0	0	0.0085301	0	0	0	0.00015706	3.8857e-05	0.0011309	0.0005082	0	0	0	8.0264e-05	0.0018241	0.00051138	0	0	5.1626e-05	4.1942e-05	0.00071882	0	5.9762e-05	0	0.0013199	0.00045489	0	3.3871e-05	5.3402e-05	0.00051181	0.0013817
Leucobacter	0	0.00016591	0.00059201	0	9.123e-05	0	0.00015505	0	0.00021927	0.0058428	0.00016066	0	0	0	0	0.0034702	9.0853e-05	0	0.00030174	0.0001097	0	0.0010577	0	0	0.00031571	0.0024668	0	0	0	0	0	0.0022905
Croceimicrobium	0	0	0	0.012965	8.2541e-05	0	0	0	0	0.00048215	0.00043607	0	0	0	0	0.00087001	0.00039456	0	0	0	0	0.00024987	0	0	0	0.00048941	0.00021187	0	0	0	0.00030518	0.00061682
Allobacillus	0	0	0	0.006032	5.6476e-05	0	0	0.00013088	0.0016376	0.0016525	0.00036721	0	0	0	0.0010836	0.0013297	0.00044648	0	0	0	0.00020971	0.00036968	2.7957e-05	0	0.0011225	0.00097881	0.00026795	0	0	0.00020174	0.00030836	0.00088
Tissierella	0	0	0	0.0030041	6.9508e-05	0	0	0.0001636	8.8817e-05	0.0022837	0.00094099	0	0	0	0.00025539	0.0031884	0.00096305	0	0	0	0	0.0011878	0	6.8299e-05	5.067e-05	0.0022789	0.00028041	0	4.9267e-05	5.0436e-05	0.00030836	0.0015667
Alkalihalophilus	0	0	0	0.0054074	0.00021721	3.6637e-05	0	0	0.0017541	0.0015867	0.00052459	9.8984e-05	0	0	0.0012003	0.001137	0.0004932	0.00012826	0	0	0.00044459	0.00028753	0	0	0.00095493	0.00069703	0.00032092	0	0	0.00035602	0.00034333	0.00076075
Janthinobacterium	0.0002757	0.00026731	0.00065386	0	0	0.0020791	0.0013653	0.00035338	0.00017763	0.00036381	0.00031803	0.00033502	0.00032834	0.00022888	0.00017512	0.00050916	0.00035563	0.00065964	0.0044506	0.00029362	0.00013002	0.0002841	0.00052001	0.00024332	0	0.00019774	0.00039569	0.00058566	0.00022478	0.00021064	0.00030518	0.00043178
Microbispora	0	0	0	0	0	0.00030836	0	0	0.00034694	0.005799	0	0	0	0	0.00031011	0.0033614	0.00012979	0	0.00015356	0	0	0.001109	0	0	0.00068599	0.0020664	0.00011216	0	0	0	0	0.0023192
Prauserella	0	0	0	0.00022926	0	0	0	0	8.6042e-05	0.0062373	8.8525e-05	0	0	0	8.7561e-05	0.0032626	0.00014796	0	0	0	0	0.0012186	0	0	0.00014421	0.0026942	0.00010593	0	0	0	4.4505e-05	0.002348
Grisebachstrassevirus	0	0	0	0	0	0	0	0	0	0.00025423	0.0043738	6.0913e-05	0	0	0	0.00072172	0.0044648	7.3293e-05	0	0	0	0.0002533	0	0	0	0.00078601	0.0024334	0	0	0	0.0029278	0.00031252
Marinobacterium	0	0.00022122	0	0.0081111	0.00016508	0.00040911	0.00083123	0	0	0.00051284	0.00025574	4.1878e-05	0.00015718	0	0	0.00079587	0.00053474	0.00021072	0.0023519	0	0	0.00051686	6.7098e-05	0	0	0.00041525	0.00025237	3.5744e-05	0	0	0.00020663	0.00055514
Curtobacterium	0	0.0022951	0	0.00038737	0	4.2743e-05	0	0	0.00033584	0.0047689	0	0	0	0.00017237	0.00028822	0.0021948	0.00016094	0	0.00014817	0.00011938	0	0.0006127	0	0.0001366	0.00056127	0.0021504	0	0	0.00021246	0	0	0.0020191
Leifsonia	3.2882e-05	0.00058991	0	0.00016602	0	0.00027783	0.0001852	0	0.00023314	0.0043964	0.00017049	0.00014467	7.3352e-05	0	0.00029552	0.002264	0.00012719	0.00075583	0.00066005	0	0.00062914	0.00081466	6.1506e-05	6.8299e-05	0.00056906	0.0017895	0.00018071	0	0	0.00010977	0.00012398	0.0017477
Anaerobacillus	7.8411e-05	0.00062678	0	0.003099	0.00022156	0	0.00027995	0.0011387	0.0011768	0.0015867	0.00034754	0.00018655	0.00020259	0.00013281	0.00072603	0.00070194	0.00041793	0.00010536	0.00016434	0.00022264	0.00023068	0.00022249	0.0010093	0.00020917	0.0010952	0.00044491	0.00025237	0.00021996	0.00015088	0.00016614	0.00041008	0.00053458
Eubacterium	0	0	0	0.0083562	0.00014771	0.00034194	0	0.00011125	7.2164e-05	0.0008109	0.00076394	4.5685e-05	0	0	0.00021525	0.0015868	0.00060742	4.5808e-05	0	0	0	0.00036625	0	0	0	0.00097387	0.00032403	0	0	0	0.00040373	0.0010321
Rathayibacter	0	0	0	0.0021108	0	0	0	0	0.0002609	0.0044358	0.00022623	0	0	0	0.00020431	0.002615	0.00021545	0	0.00021822	0	0	0.00073935	0	0	0.00044823	0.0022048	0.00022433	0	0	0	0.00019074	0.0020849
Caulobacter	0	0	0	0	0.00021721	0.00029309	0.00057712	0	0.00021094	0.0014728	0.00030164	0.0046028	0.000248	0	6.9319e-05	0.0013149	0.00017132	0.0005726	0.0023573	0	0	0.00039706	0.00047528	0	0.00075615	0.00087994	0.00036454	0	0	0	9.8547e-05	0.00079776
Blautia	0	0.00023044	0.00028275	0.0041188	4.7787e-05	0.00067167	0	0.001708	0.00093535	0.00036819	0.00036394	0	0	0.00010455	0.0011383	0.00068217	0.00038418	8.2455e-05	0	0.00020005	0.00091854	0.00022591	0	0.00032015	0.00065091	0.00044986	0.00023056	0	0.00025249	0.00093751	0.00029564	0.00045645
Caldimonas	0	0	0	0.009123	0	0	0.00049529	0	0	0.00068378	0.00030164	0	8.7324e-05	0	0	0.00089967	0.00034784	0	0.0020179	0	0	0.00034572	0	0	0	0.00058827	0.00038946	0	0	0	0.00021299	0.00050579
Microbulbifer	0	0.00065444	0	0	0	0.0018837	0.0020716	0	0	0.0005216	0	7.6142e-05	0.00022006	0	0	0.00076126	0.00036082	0.00026111	0.007627	0	6.2914e-05	0.00093446	5.5915e-05	0	0	0	0.00014021	7.4238e-05	0	0	0	0.00017271
Synechococcus	0	0	0.0011487	0.01004	5.2131e-05	0	0	0	0.00012767	0.00097746	6.5574e-05	0	0	0	6.5671e-05	0	0.00046725	0.00020614	0.00031251	0	0	0.00037652	0	0	0.00014811	0.00062782	0.00028041	0	0	4.4502e-05	6.04e-05	0.00074841
Solwaraspora	0	0	0	0	0	0	0.00017658	0	0.00018319	0.0052862	0	0	7.3352e-05	0	0.00021161	0.0028424	0	0	0.00088097	0	0	0.001068	0	0	0.00034689	0.0021504	0.00014644	0	0	0	0	0.0023768
Variovorax	0	0.0003687	0.00045063	0	0.00016508	0.0014899	0.001572	0.00017014	0.00013045	0.0014596	0.00033115	0.00031599	0.00025499	0	0.00013864	0.0011716	0.00059185	0.00046724	0.0031332	0	0.00010905	0.00089681	0.00012301	0	0.00014032	0.00058333	0.00042997	0.00019522	0	0	0.00024478	0.00059215
Acidovorax	5.0588e-05	0	0.0092954	0	0	0.00015265	0.00034886	0	0	0.00057858	0.00022623	0.0001637	0	0	0	0.00029165	0.0002492	0.00080164	0.00097256	0	0	0.00034229	9.2259e-05	0	0.00011693	0.00016808	0.00042062	0	0	0.00023734	0.00052771	0.0004071
Salipiger	0	0	0	0	0	0	0.00065465	0	0.00060507	0.0010213	0.00089836	0	0.00026197	0	0.00060563	0.00078598	0.00073202	0.0011819	0.0018562	0	0.00088918	0.00030464	0.00061227	0	0.00028453	0.00065254	0.00098144	0.00055266	0	0.00071796	0.00086149	0.00083065
Thermobacillus	0	0	0	0.0085855	0	0	6.0297e-05	0.00028794	0	0.00068817	0.00048853	0	9.7803e-05	0	0	0.0011864	0.00053214	0	5.6576e-05	7.4212e-05	0	0.00044156	6.1506e-05	0	0	0.00082062	0.000377	0.00011273	7.39e-05	6.2303e-05	0.00039419	0.00088822
Orrella	0	0	0	0.0063561	0	0	0.0010207	0	0	0.00036819	0.00021967	5.3299e-05	0.00022006	0	0	0.00053387	0.00020767	0.00015575	0.0041758	0	5.4525e-05	0.00023961	0.00018172	0	0	0.00027684	0.00033026	8.5236e-05	0	4.7469e-05	0.00020345	0.00041533
Serinicoccus	0	0	0.00030042	0	0	0	0	0	0.00013878	0.0052467	8.5246e-05	0	0	0	0.00014958	0.0032527	0.000122	0	0	0	0	0.00090365	0	0	0.00032351	0.0023383	6.2314e-05	0	0	0	0	0.0021342
Tandoganvirus	0.0013937	0	0	0	0.00055607	0	0.00085707	0	0	0.00017095	0.00026885	0.0012716	0.00073003	0	0	0.00027682	0.00099939	0.0042189	0.00049571	0	0	0.0001643	0.00074087	0	0	0.00029661	0.00089109	0.00081662	0	0	0.00044505	0.00030019
Janibacter	0	0	0	0	0	0	6.0297e-05	0	0.00026645	0.0047558	0.00020984	0	0	0	0.00028457	0.0030154	6.7491e-05	0	0.00012393	0	0.00010066	0.00094815	0	0	0.00040536	0.0021801	0	0	0	0.00012461	0	0.0022041
Gottfriedia	0	0.00011983	0	0.0073838	0.00014771	0	0.00014213	0.00034029	0.0003747	0.00088541	0.00042623	4.9492e-05	9.431e-05	3.3909e-05	0.0002262	0.00093428	0.00044388	8.2455e-05	6.4658e-05	4.5172e-05	5.8719e-05	0.0002978	5.3119e-05	0.00010245	0.00038587	0.00063771	0.00030534	4.3993e-05	4.3108e-05	8.9004e-05	0.00034651	0.00056748
Nosocomiicoccus	0	0.00068209	0.00018555	0.00031622	6.082e-05	0	0.00017228	0.0013808	0.0014127	0.0011879	0.00023935	5.3299e-05	0.00021307	0.00067253	0.00086466	0.00063274	0.00038678	0	0.00021014	0.00053561	0.00030199	0.00028753	0.00071291	0.00057201	0.00036638	0.00069703	0.00029599	0.00058566	0.00049574	0.00033525	0.00029246	0.00050991
Aromatoleum	0	0	0	0.0089254	0	0	0.00014213	0	0	0.0010476	0.0002	0	0	0	0	0.0011419	0.00019209	0.00012368	0.00066813	0	0	0.00034914	0	0	0	0.00066737	0.00016202	0	0	0	0.00015895	0.00070318
Fictibacillus	5.3117e-05	0	0	0.0017788	0.00085582	3.6637e-05	0.00012059	0.00047771	0.00080213	0.001109	0.0010066	0.00026269	8.7324e-05	0	0.00083913	0.0011518	0.0011915	0.00039395	6.7352e-05	8.7118e-05	0.00019294	0.00035256	8.6668e-05	0	0.00064701	0.00059816	0.00055459	7.9737e-05	4.0029e-05	0.00027888	0.00062307	0.00068262
Rhodococcoides	0	0	0	0.0027749	0	0	8.1831e-05	0	0.00018041	0.0036951	0.00032131	0	0	0	0.00024809	0.002269	0.00021026	0	0	0	0	0.00077701	0	0	0.00047941	0.0013051	0.00028976	0	0	0	0.00024478	0.0015503
Rhodoferax	0	0	0	0	8.6885e-05	0.00021677	0.0019898	0	0	0.0012755	8.1968e-05	0.00013705	0.00044011	0	0	0.00078104	0.0003089	9.6197e-05	0.0065816	0	0.00012163	0.0004929	0.00010344	0	5.067e-05	0.00066737	0.00019629	0.00010448	0	4.4502e-05	5.4042e-05	0.0005428
Anabaena	0	0.00024887	0	0.0090598	0	0	0	0.00047117	0	0.00053914	0.00034426	0	0	0	0	0.0010677	0.00033746	6.8712e-05	0	0	0	0.0002978	0	0	0	0.00064265	0.0002773	0	0	0	0.00026067	0.00055103
Saccharospirillum	0	0	0	0.0088226	0	9.4645e-05	0.00013351	0	0	0.00092486	0.00030492	0	5.2394e-05	0	0	0.00097382	0.00035563	6.4131e-05	0.00024247	0	0	0.00035941	0	0	0	0.00072175	0.00021498	0	0	0	0.00022888	0.00066617
Buttiauxella	0	0	0	0	0.00099484	0.00024424	9.4752e-05	0	0	0	0.0023574	0.0031104	0	0.00010173	0	0.00011864	0.00089036	0.0046358	0	0.00019682	0	0.00011296	0	0.00018355	0	0	0.00042685	0	0.00020322	0	0.00026067	0
Halospeciosus	0	0	0	0	0	7.6326e-05	0.01373	0	0	0	0	0	0	0	0	0	0	0	0	0	0	0	0	0	0	0	0	0	0	0	0	0
Solibacillus	4.047e-05	0	0.00027391	0.0030199	9.5574e-05	0.00027172	0	0.00030102	0.0012046	0.0015604	0.00047213	8.7563e-05	0	4.2386e-05	0.0012477	0.00098371	0.00050099	5.9551e-05	0	9.6798e-05	0.00018874	0.00025672	0	0	0.00084969	0.00064265	0.00026483	0	4.6187e-05	0.00026108	0.00027975	0.00067439
Actinomycetospora	0	0	0	0.00037156	0	0	0	0	0	0.0049224	0.00011148	0.000217	0	0	0	0.0024914	0.00011162	0	0	0	0	0.00088654	0	0	0.00023386	0.0020763	6.5429e-05	0	0	0	0	0.0022288
Amphibacillus	0	0	0	0.00020554	0.00035189	0	0	0	0.0013628	0.001933	0.00045902	4.1878e-05	0	0	0.0019263	0.0016659	0.00047763	0.00010078	0	0	0.00061236	0.00061613	0	0	0.0011069	0.0010233	0.00015267	0	0	0.00066753	9.8547e-05	0.00088411
Sporomusa	0	0.00012904	0	0.0082218	4.3443e-05	0	0	0.00018323	0.0001138	0.00049969	0.00046558	0	0	0	0.00014958	0.00097382	0.00058925	8.2455e-05	0	3.2266e-05	0	0.00030806	0	5.5493e-05	0	0.00051412	0.00034273	0	0	0	0.00038147	0.00055514
Spirosoma	0	0.0093833	0.00047714	8.6961e-05	0.00013467	0.00026256	0	0.00077874	6.1062e-05	0.00056982	8.8525e-05	0	0	5.934e-05	6.9319e-05	0.00037074	0.0001246	0	6.7352e-05	0.00021941	0	9.2419e-05	0	0.00023905	0	0.00012853	3.7388e-05	0	9.5454e-05	0	6.04e-05	0.00023028
Terribacillus	0	0	0	0.00057711	0.00020418	0	0	0.00063477	0.0018985	0.001841	0.00048853	0	0	0	0.0017074	0.00090462	0.00056329	0	0	0.0001452	0.00051589	0.00030806	0	0.00010245	0.0014694	0.00054873	0.00022433	0	4.3108e-05	0.00056666	0.0002416	0.00049757
Pelosinus	0	0.00043322	0.00031809	0.0066012	6.082e-05	0	0	0.00075911	0.0001249	0.00051722	0.00039672	0	0	3.956e-05	0.00013134	0.00082058	0.00039456	0	0	0.00015165	5.0331e-05	0.00028068	0	0.0002177	5.067e-05	0.00064265	0.00026172	0	0.00018167	5.3402e-05	0.00033061	0.00064149
Oenococcus	0	0	0.0024652	0	6.082e-05	0.00061977	0	0	0.0016903	0	0.00065902	0.00057487	0	0	0.0018534	0	0.00034784	0.0010444	0	0	0.0014764	0	0	0	0.0010797	0	7.7892e-05	0	0	0.0012757	9.5368e-05	0
Mesotoga	0	0	0	0.0083404	0	0	0	0	0	0.00050845	0.00028853	9.5177e-05	0	0	0	0.00092933	0.00037639	5.9551e-05	0	0	0	0.00034572	0	0	0	0.00092938	0.00026483	0	0	0	0.000302	0.00083888
Dickeya	0	0.00043322	0	0	0	0.0014502	0	0	0	0.00030244	0.0020459	0.0006434	0	0	6.9319e-05	0.00034109	0.0017496	0.0012872	0.0025567	0	0	0.00026357	0.0001314	0	0	0.00020763	0.00096275	0.00010448	0	0	0.00057221	0.00014393
Tumebacillus	0.00010118	0	0	0.0076447	0	0.00029615	0	0	0	0.0005742	0.00047541	0	0	0	0	0.00097382	0.00050359	4.5808e-05	0	0	5.4525e-05	0.00031833	0	0	6.2363e-05	0.00070692	0.0003178	0	0	3.2635e-05	0.0003624	0.00078542
Ornithinimicrobium	0	0	0	0	0.0001868	0.00018624	0.00010337	0	0.00010269	0.0046111	0	0	6.2873e-05	0	0.00016053	0.0023431	0.00010124	0	0.00024786	0	8.3885e-05	0.00097554	0	0	0.00020658	0.0018241	0	0	0	0.00012164	0	0.0018875
Microlunatus	0	0	0	0.00011858	0	4.5796e-05	6.891e-05	0	3.6082e-05	0.0049881	4.5902e-05	4.9492e-05	0	0	6.9319e-05	0.0025161	0.00010643	0	2.9635e-05	0	5.8719e-05	0.0010474	0	0	8.9647e-05	0.0019774	5.9198e-05	0	0	0	0	0.0018751
Hafnia	0	0.00073739	0	0.00010277	9.9918e-05	9.4645e-05	0	7.8528e-05	0.00015265	6.1365e-05	0.0017836	0.0026002	0	0	9.8506e-05	0	0.0010669	0.0045991	5.927e-05	0	0	0	0	0	0	0	0.00092224	0	0	0	0.000604	0
Schiekvirus	0	0	0	0	0	0	0	0	3.6082e-05	0.0014026	5.9017e-05	0	0	0	0	0.004009	7.2683e-05	0	0	0	0	0.00099607	0	0	0	0.0034061	6.2314e-05	0	0	0	6.3579e-05	0.0028456
Bosea	0	0	0.0026861	0	0	0.00040606	0.0010595	0	0.00067445	0.00056544	0	0.00043401	0.00016417	0	0.001131	0.00030154	0.00021545	0	0.0029958	0	0.0010234	0.00027041	0.00030474	0	7.0158e-05	0	0.00015578	0.00015947	0	0.00030855	0	0
Glutamicibacter	0	0.0007927	0	0.0019685	5.6476e-05	0.00044575	0.0001852	0	0.00021927	0.0024721	0.00012459	8.7563e-05	0	0	0.00025903	0.0015868	0.00012979	0.0001191	0.00098604	0	0	0.00052371	0	0	0.00058075	0.0011568	0.00014955	0	0	0	8.5832e-05	0.00096224
Raineyella	0	0	0	0	0	0	0.00021965	0	0.00010547	0.0043876	7.8689e-05	0	4.5408e-05	0	0.00014229	0.0023827	0	0	0.00092677	0	7.5496e-05	0.00074962	4.4732e-05	0	0.00019878	0.0016264	0	0	0	0	0	0.0018834
[Clostridium]	0	9.2174e-05	0	0.0073206	0	9.1591e-05	0	0.00030102	0.00010269	0.00056544	0.00043279	4.1878e-05	0	8.7598e-05	5.4726e-05	0.00083047	0.00042831	0	0	8.7118e-05	0	0.00030464	0	0	0.00020268	0.0006476	0.00019006	0	4.3108e-05	4.4502e-05	0.00014941	0.0005428
Syntrophus	0	0	0	0.0078423	0	0	0	0	0	0.00047339	0.00031148	0	0	0	0	0.0010134	0.00035563	0	0	0	0	0.00037995	0	0	0	0.00073658	0.00026172	0	0	0	0.00037194	0.00081009
Thermaerobacter	0	0	0	0.0078344	0	0	0	0	0	0.00064433	0.00037377	0	0	0	0	0.00095899	0.0003738	0	0	0	0	0.00029437	0	0	0	0.00071186	0.0002586	0	0	0	0.00027021	0.00078131
Halotalea	0	0	0	0	0	0.00032668	0.0018304	0	3.8857e-05	0	0	0.00012563	0.00041217	0	3.6484e-05	0.0003658	0.00047503	0.00034356	0.0068591	0	0.0001468	0.00069486	0.00018452	0	0.00019878	0	0.00017448	0.00015398	0	7.417e-05	5.4042e-05	0
Andhravirus	0	0	0	0	0	0	0	0	0.0014905	0	0	0	0	6.7818e-05	0.0026086	0	0	0	0	4.8399e-05	0.0038126	0	0	8.1106e-05	0.0014032	0	0	0	0.00027712	0.0026968	0	0
Pontibacillus	0.0002327	0	0	0.0015258	0.00022156	0	0.00016366	8.5072e-05	0.0013434	0.0017314	0.0002623	0.00022462	0.00013273	0	0.0011237	0.00091945	0.00037899	0.00032066	8.0823e-05	0	0.00030618	0.00024987	0.00010065	0	0.00095493	0.00057344	0.00012463	0.00011823	0	0.00041238	0.00022888	0.00060037
Luteimonas	0	0	0.00016788	0.0025298	0	7.3273e-05	0.0011026	0	0	0.00074076	0.00010492	0	0.0001467	3.1083e-05	0	0.00065745	0.0002466	5.0389e-05	0.0046796	0	0	0.00047236	8.3872e-05	0	0	0.0005685	0.00011528	5.7741e-05	0	0	7.3116e-05	0.00046467
Ethanoligenens	0	0	0	0.0085696	0	0	0	0	0	0.00048215	0.00038689	0	0	0	0	0.00078598	0.00035303	0	0	0	0	0.00026014	0	0	0	0.00047952	0.00025237	0	0	0	0.00029882	0.00049346
Alkalihalobacillus	0	0	0.00020323	0.000419	0.00047787	6.7167e-05	0	0	0.0012684	0.001841	0.00074427	0.00013705	0	0	0.001069	0.00096394	0.00080211	5.9551e-05	0	0	0.00035651	0.00024987	0	0	0.0013798	0.00055861	0.00037077	0	0	0.00029371	0.00047684	0.00058804
Thauera	0	0	0	0	0	0.0032942	0.00094321	0	0	0.0013413	0	5.7106e-05	0.00014321	0	0	0.00085518	0.00014537	0.00031608	0.0032087	0	0	0.00047921	0.00010344	0	0	0.00057344	7.4777e-05	3.8494e-05	0	0	0	0.00072785
Ruania	0	0	0.00083058	0.0040081	0	0	0	7.1984e-05	5.8286e-05	0.0023538	0.00014754	0	0	0	7.6616e-05	0.0014286	0.00014796	0	0	0	0	0.00052371	0	0	0.00010524	0.0012309	7.4777e-05	0	0	0	6.9937e-05	0.0011473
Methylorubrum	0.00058176	0.00047931	0.00025624	0	0	6.1061e-05	0.001628	0	6.6613e-05	0.00053914	0	7.6142e-05	0	0	0.0001204	0.00063768	0.00032967	0.0014063	0.0014117	0	0.00013841	0.0004176	0	0	0.00014032	0.00029167	0.00096275	0.00012648	0	0.00045985	0.00076295	0.0013735
Xylocopilactobacillus	0	0	9.7195e-05	0.0074787	0	0	0	0	0.00021927	0.00061803	0.00036721	0	0	0	0.00018607	0.00080081	0.00035563	0	0	0	0	0.00027726	0	0	0.00015591	0.00046963	0.00020252	3.2995e-05	0	0	0.00032743	0.00061271
Caldanaerobacter	0	0	0	0.0077396	0	0	0	0.00020941	0	0.00053914	0.00026885	0	0	0	0	0.00082553	0.00029073	0	0	6.4532e-05	0	0.00033202	0	8.9643e-05	0	0.0006476	0.00023368	0	0	0	0.00027021	0.0006785
Mycobacteroides	0	0	0	0	0.00016508	0	9.9059e-05	0	5.8286e-05	0.004129	0	0	0	0	9.4858e-05	0.0030104	0	0	0	0	0	0.00090365	0	0	0.00014421	0.0018143	0	0	0	0	0	0.001723
Pseudooceanicola	0	0	0.0010691	0	0.00027369	0	0.00073217	0	0.00041355	5.2599e-05	0.00062623	0.00015228	0.0002969	0	0.00043781	0.0002966	0.00053993	0.00076042	0.0018912	0	0.00080949	0.00021907	0.00047528	0	0.00026114	0.0003411	0.00063872	0.00045918	0	0.00058446	0.00060718	0.00011514
Roseivivax	0	0	0	0	0	0	0.00045222	0	0.00039413	0.00039011	0.00058033	0.00027411	0.00031087	0	0.00040132	0.0010331	0.00065155	0.00078332	0.00027749	0	0.0009479	0.00047921	0.00045291	0	0.00026894	0.00074152	0.00080073	0.00039044	0	0.00063193	0.00078202	0.00098691
Agromyces	0	0	0	0	0	0	0.00058143	0	0.00034972	0.0031778	0	0	0	0	0.00035754	0.0017301	9.0853e-05	0	0.0017377	0	0	0.00052371	0	0	0.00081072	0.0010579	0	6.049e-05	0	0	0	0.0015379
Jatrophihabitans	0	0	0	0.0014546	0	0	0.00012059	0	0	0.0036512	0.00014754	0	0	0	0	0.0020861	0.00016873	0	0.0003206	0	0	0.00072566	0	0	0	0.0012804	6.5429e-05	0	0	0	7.6295e-05	0.001723
Micrococcus	0	0	0	0	0	0	0	0.0005497	9.4368e-05	0.0038265	0	0	0	0	0	0.0022739	0	0	0.0001374	0.00042268	0.00012583	0.00077358	0	0	0.00014032	0.0016462	0	0	0	0	0	0.0017847
Alcaligenes	0	0	0	0.0080953	0	0.00078463	0	0.00012434	0	0	0	0.00040355	0	0	0	0.00043995	0	0.00022904	0.00056576	0	0	0.00019168	0	0	0	0	0	0	0	0	0.00043552	0.00044
Actinocatenispora	0	0	0	0.00034785	0	0	0	0	5.2735e-05	0.0042561	7.2131e-05	0	0	3.956e-05	0	0.0023777	0.00011941	0	0	0	0	0.00084889	0	0	7.7954e-05	0.0019477	7.1661e-05	0	0	0	0	0.0014927
Cutibacterium	0.00014165	0.0023781	0	0	0	0.00013433	0.00015505	0.00021595	0.00017208	0.0010651	0.00019016	0.00052538	6.9859e-05	4.8038e-05	0.00016053	0.00081564	0.00060742	0.00060009	7.0046e-05	9.6798e-05	0.00065011	0.0005819	0.00012581	0	0.00035859	0.00097387	0.00015267	0.00014573	0	0.00028778	0.00022571	0.00064972
Jeotgalibaca	0	0	0.00045063	0	5.6476e-05	6.7167e-05	0	0.0003861	0.00078825	0.00079336	0.0010459	0.00020178	4.8901e-05	0.00028257	0.00083913	0.00064262	0.00087998	0	0	0.00026458	0.00053686	0.00024645	0.00011742	0.00022624	0.00063922	0.00038559	0.00057017	0.00014848	0.00027712	0.00057259	0.00050545	0.00051402
Gloeomargarita	0	0	0	0.0068541	0	0	0	0	0	0.00053037	0.00038033	0	0	0	0	0.00096888	0.00034784	0	0	0	0	0.0002841	0	0	0	0.00061794	0.00031468	0	0	0	0.0003624	0.00074019
Mycoplasma	0	0.00019357	0	0	0	8.5485e-05	9.0445e-05	0.00017014	0.0011852	0.0005742	0.00033115	0.00047588	0	0	0.00058009	0.00056353	0.00043091	0.00092991	8.8905e-05	0	0.00057881	0.00014376	0.0001342	0	0.0018748	0.0005339	0.00024614	0.00015123	5.5425e-05	0.0011185	0.0002416	0.00051813
Pistricoccus	0	0	0	0	0	0	0.0022137	0	0	0	0	0.00010279	0.00047155	0	0	0.00084035	0.00082806	0.00027027	0.0036747	0	0.00023068	0.001578	0.00027398	0	0	7.9096e-05	0.00020875	0.00020072	0	6.2303e-05	3.1789e-05	5.3458e-05
Rosenblumvirus	0	0	0	0	0	0	0	8.5072e-05	0.0015043	0	0	0	0	0	0.0021343	0	0	0	0	0	0.0029695	0	0	0	0.0013369	0	0	0	0.00041877	0.0026464	0	0
Sinorhizobium	0	0	0.00019439	0.00041109	0.00058648	0.00067472	0.001025	0	0.00017208	0.0011616	0.00022951	0	0.0001991	0	0.0001204	0.0010826	0.00057887	0.00014659	0.0025486	0	7.1302e-05	0.0005819	0	0	6.2363e-05	0.00062288	0	0	0	3.5602e-05	5.0863e-05	0.00043589
Leisingera	0	0	0	0	0	0	0.00077955	0	0.0002831	0.00019724	0.00057705	9.5177e-05	0.00033882	0	0.00053996	0.00040535	0.0007424	0.00051305	0.0019424	0	0.0010024	0.00032518	0.00043054	0	8.9647e-05	0.00016314	0.00074153	0.00047018	0	0.00046282	0.00073752	0.00014393
Actinoallomurus	0	0	0	0.00015811	0.00028672	0	0	0	0.000136	0.0034321	9.1804e-05	0	0	0	0.00011675	0.001918	0.00011162	0	0	0	0	0.00073593	0	0	0.00028063	0.0016462	8.1008e-05	0	0	5.3402e-05	0	0.00176
Desulfitobacterium	5.8176e-05	0	0	0.0037393	0.00021721	0	0	0.00028794	0.00018041	0.00085034	0.00068197	0	3.493e-05	0	0.00013134	0.00091945	0.00066193	0	0	0	0	0.00049975	0	4.2687e-05	0.00017929	0.00067726	0.00034273	0	0	0	0.00044187	0.00073607
Deferribacter	0	0	0	0.005613	0	0	0	0	4.7184e-05	0.00069255	0.0003082	0	0	0	0	0.0010331	0.00028814	5.0389e-05	0	0	0	0.00033887	0	0	0.00011693	0.00082556	0.00034273	0	0	3.8568e-05	0.00029564	0.00069084
Streptomonospora	0	0	0	0	0	7.3273e-05	0	0	0.0010519	0.0028096	4.2623e-05	0	0	0	0.00086831	0.0013792	8.3066e-05	0	0	5.4852e-05	0	0.0004484	0	0	0.0018943	0.00091949	0	0	0	0	0	0.0010075
Phytohabitans	0	0	0	0	0	0	0	0	0.00027755	0.0038704	0.00010492	0	0	0	0.00020431	0.0018982	0.00015575	0	0	0	0	0.00067774	0	0	0.00039756	0.0014781	7.1661e-05	0	0	0	0	0.0014886
Desulfovibrio	0	0	0	0.006024	0	5.1902e-05	0.00017658	0	0	0.0004953	0.00021967	0	3.8423e-05	0	0	0.00069206	0.00030111	0	0.0010453	0	0	0.0002088	0	0	0	0.00052895	0.00016202	0	0	0	0.00013034	0.00044
Azospirillum	0	0.00023965	0.00092777	0	7.3853e-05	0	0.00098197	0	0.00023314	0.001109	0	0	0.00017115	0	0.00012404	0.00074149	0.00015056	0.00010078	0.0035212	0	0	0.00055794	7.2689e-05	0	0.00057686	0.0004548	0	0	0	0	0	0.00047701
Aciduricibacillus	0	0	0	0.0025614	0.00026935	0	0	0	0.0012268	0.001144	0.00021639	0	0	0	0.0011711	0.00086013	0.00025179	0	0	0	0.00027263	0.00027383	0	0	0.00035079	0.00055367	0.00013397	0	0	0.00033821	0.00020981	0.0006785
Herbinix	0	0	0.00017672	0	8.6885e-05	0	0.00051252	0	0.00015821	0.00058297	3.9344e-05	0.00013325	0.00070907	0	0.00025174	0.0009936	5.4512e-05	0.00015575	0.00064658	0	0.00017616	0.00067432	0.0011379	0	6.2363e-05	0.0012309	0	0.0012043	0	0.00021954	4.1326e-05	0.0012213
Entomobacter	0	0	0	0.0077791	0	0	0	0	0	0.00034627	0.00025902	0	0	0	0	0.0005487	0.00027256	0	0	0	0	0.00017115	0	0	0	0.00025706	0.00014644	0	0	0	0.00013987	0.00046056
Castellaniella	0	0	0.00098079	0	6.9508e-05	0	0.0016668	0	0	0	0	0	0.00032834	0	0	6.4262e-05	0.00013498	8.7035e-05	0.0065359	0	0	0.00021907	0.0001286	0	0	0	0.00010593	4.3993e-05	0	0	0	0
Shinella	5.0588e-05	0	0	0.0027037	0	8.2432e-05	0.00052544	0	0.00029698	0.0004953	0.00013771	0	0.00017115	0	0.00048888	0.00074149	0.00031669	0.00010994	0.0017862	0	0.00015519	0.00060928	0.00014817	0	8.5749e-05	0.00047457	0.00014021	0.00011823	0	0	0.00020027	0.00051813
Cereibacter	0	0	0	0	0	3.6637e-05	0.00011198	0	0.00091593	0.00056544	0.00035738	0.00018655	0.0001467	0	0.0020905	0.0005487	0.0011707	0.00041227	0.00049032	0	0.00039007	0.00023618	0.00014817	0	0.00035469	0.0004548	0.00038011	0.00016497	0	0.00030558	0.00031472	0.00041121
Verrucosispora	0	0	0	0	0	0	0	0	7.4939e-05	0.0036118	0.00034754	0	0	0	7.2968e-05	0.0020712	0.00011681	0	0	0	0	0.00074278	0	0	0.00022607	0.0013051	0	0	0	0	0	0.0015667
Tessaracoccus	0	0	0	0	0	5.8008e-05	8.6138e-05	0	0.00057176	0.0027439	0	0	0	0	0.00062387	0.0014533	0	0	0	0	0.00032296	0.00050659	0	0	0.00086918	0.0012705	0	0	0	0.00032041	0	0.0012624
Desulfosudis	0	0	0	0.0065379	0	0	0	0	0	0.00039887	0.00026558	0	0	0	0	0.00074643	0.00028554	0	0	0	0	0.00022591	0	0	0	0.00054873	0.00023991	0	0	0	0.00025114	0.00058392
Prescottella	0	0	0.0002209	0	0	0	0.00013782	0.00024213	0.00013045	0.003191	0	0	0	0	0.00014594	0.0017697	0.00010383	5.9551e-05	0	7.0985e-05	0	0.00087285	0	0	0.00035079	0.0014089	0	0	0	0	0	0.0012994
Hymenobacter	3.0353e-05	0.00045165	0	0.0035575	0.00019115	0.00044575	0.00047807	0.00017669	5.8286e-05	0.00044271	0.00024918	0	6.2873e-05	0	6.9319e-05	0.00049927	0.00026477	0	0.0015491	5.8079e-05	0	0.00027041	0	0	0.00010134	0.00031638	0.00013709	0.00016772	0	0	0.0001208	0.00029607
Spirillospora	0	0	0	0.00030832	0	0	0	0	0.00012212	0.0031252	0	0	0	0	0.0001058	0.0022146	8.3066e-05	0	0	0	0	0.00068116	0	0	0.00035859	0.0014089	9.0355e-05	0	0	0	0	0.0014516
Pseudodesulfovibrio	0	0.00043322	0	0.0047987	0	0	0.00037901	0	7.2164e-05	0.00032436	0.00024262	0	9.431e-05	0	5.8374e-05	0.00055365	0.00021286	0	0.0012474	0	0	0.00022934	0	0	0	0.00054378	0.00013397	0	0	3.2635e-05	0.00014305	0.00044822
Zhaonella	0	0	0	0.0060715	0	0	0	0	0	0.0006531	0.00029836	0	0	0	0	0.00077609	0.00024401	0	0	0	0	0.00030464	0	0	0	0.00063771	0.0001589	0	0	0	0.00023206	0.00056336
Ruegeria	0	0	0	0	0.0003041	0	0.00036609	0	0.00038025	0.00049969	0.00057705	0.0001637	6.6366e-05	0	0.00049983	0.00037569	0.00068789	0.00063215	0.00039603	0	0.00093112	0.00010953	0.00045571	0	0.00010524	0.00035593	0.00071349	0.00036019	0	0.00058149	0.00094733	0.00042355
Paraclostridium	0	0.00106	0.00016788	0.00040318	0	0	0	0.0014593	0.00026645	0.00075391	0.00012459	4.5685e-05	0	0.00032496	0.00015323	0.0009936	0.0001843	6.4131e-05	0	0.00043559	0	0.00039021	0	0.00050798	0.00044044	0.00064265	5.9198e-05	0	0.00051422	0.00010384	5.7221e-05	0.00061682
Phaeobacter	0	0	0	0	0	0.00011296	0.00058574	0	0.00044964	0.00028491	0.00059345	0.00023604	0.00031087	0	0.00040132	0.00027188	0.00043869	0.00049473	0.00049302	0	0.0010444	0.00021222	0.00053678	0	0.00019878	0.00036087	0.00060133	0.00046743	0	0.00062303	0.00069937	0.00033308
Paenarthrobacter	0	0	0	0	0	0	0.0002498	0	0.00033584	0.0029674	0	0	0	0	0.00018607	0.0015917	0.0001869	0	0.00075704	0	0	0.00052371	0	0	0.00063142	0.0011123	0.00012463	0	0	0	0	0.0010733
Caloranaerobacter	0	0.00019357	0	0.0042611	0	0	0	0.00021595	3.0531e-05	0.00071008	0.0003541	0	0	0	5.8374e-05	0.0011765	0.00033226	0	0	0.0001097	0	0.00035256	0	0.00010245	0	0.00083545	0.00016825	0	5.8504e-05	2.9668e-05	0.00017802	0.00057159
Akkermansia	0	0	0	0.0071229	0	0	0	0	0	0.00043394	0.00020656	0	0	0	0	0.0005141	0.00022843	0	0	0	0	0.00019853	0	0	0	0.00037076	0.00016825	0	0	0	0.00012716	0.00035776
Frankia	0	0	0	0	0	0.00028393	7.7524e-05	0	0.00021094	0.0030814	7.8689e-05	0	0	0	0.00030282	0.0017549	0	0	0.00043375	0	0	0.00054767	0	0	0.00040146	0.0013595	0	0	0	0	0	0.0011843
Trichococcus	0	0	8.8359e-05	0.0016365	0.0003041	0	0	0	0.00040523	9.6431e-05	0.0027705	7.9949e-05	0	5.6515e-05	0.00071508	0.0002175	0.00094488	6.4131e-05	0	0	0.00049073	9.9265e-05	0	0	8.9647e-05	0.00016808	0.00064495	0	0	0.00032041	0.00018756	0.0001357
Arsenicicoccus	0	0	0.00050365	0	0	0	0	0	0.00033862	0.0014991	0	0	0	0	0.00080264	0.00085518	4.932e-05	0	0	0	0.0011283	0.0002533	0	0	0.00032741	0.00059816	0	0	0	0.0025129	0	0.00061682
Pseudalkalibacillus	0.00021247	0.00023044	0	0.0013756	0.00012164	0	6.891e-05	0.00039264	0.00095201	0.0010783	0.00023279	5.3299e-05	4.5408e-05	0	0.00083548	0.00079587	0.00024401	0	3.2329e-05	4.1946e-05	0.0002936	0.0002088	3.6345e-05	4.2687e-05	0.00052619	0.00046469	0.00020564	7.1489e-05	3.0792e-05	0.00028481	0.00013987	0.00046467
Edwardsiella	0	0	0	0.00062454	0	0.00034499	0.00017658	0	0	6.1365e-05	0.001141	6.8527e-05	3.8423e-05	0	0	0.00016313	0.0012642	0.00015117	3.2329e-05	0	0	0.00028753	0	0	5.8465e-05	0	0.0020688	0	0	0	0.0029246	0
Lederbergia	0	0	0	0.00064035	0.0006082	0	0	0	0.00079935	0.0010344	0.00091476	4.5685e-05	0	0	0.00060928	0.00053387	0.0010176	0	0	0	0.00016777	0.00026357	0	5.1225e-05	0.00047941	0.00047457	0.00050163	0	0	0.00016911	0.00057857	0.00044822
Plantactinospora	0	0	0	0	0	0	4.7376e-05	0	0.00012212	0.0030332	0	0	0	0	0.00015323	0.0021108	7.5279e-05	0	0.00033676	0	0	0.00054767	0	0	0.00023776	0.0013249	0	0	0	0	0	0.0013282
Ensifer	0	0	0.006839	0	0	6.4114e-05	0	0	3.8857e-05	0	0	0	0	0	0	0	4.6725e-05	6.4131e-05	8.6211e-05	0	0	7.8727e-05	0.00061227	0	0.00020658	0.00024717	0.00065429	0	0	0.00011274	0.00011762	0
Evansella	0	0	0	0.0020396	0.00023025	0	0	0.00015051	0.00070499	0.0010827	0.00031476	0	0	0	0.00096317	0.00052893	0.00038158	0	0	0	0.00024746	0.00017799	0	0	0.00079513	0.00035099	0.00020252	0	0	0.00029075	0.00026703	0.00041533
Halalkalibacter	0.00025041	0.00010139	0	0.00026879	0.00033885	3.969e-05	0.0001895	0.00020286	0.00061894	0.0018629	0.00016066	0.00010279	0.0001013	0	0.00044875	0.00091945	0.00027256	8.2455e-05	5.6576e-05	6.1305e-05	0.00012583	0.00035256	0.00010065	5.1225e-05	0.00039756	0.00070692	8.4124e-05	8.5236e-05	5.8504e-05	0.00013647	0.00012398	0.00081009
Nitrospina	0	0	0	0.00653	0	0	0	0	0	0.00042517	0.00023935	0	0	0	0	0.00056353	0.00020247	0	0	0	0	0.00020538	0	0	0	0.00036582	0.0001184	0	0	0	0.00013669	0.00028785
Epilithonimonas	0	0.00026731	0.0021648	0	0	0.00030225	0	0	0.001335	0.00016218	0.00029508	0.00013705	0	0	0.0024371	0	0.000122	6.8712e-05	0	0	0.00060817	0	0	0	0.00028843	0	0.00026172	0	0	0.00056072	0	0
Pseudoxanthomonas	0	0.00026731	0.0024652	0	0	0.0005007	0.00064603	0	3.3306e-05	0.000469	0	7.2335e-05	6.2873e-05	0	0	0.0003658	7.7874e-05	0.00018323	0.0029231	0	0	0.00022249	8.9464e-05	0	8.9647e-05	0.00029167	0.00015267	0	0	0	7.9474e-05	0
Halalkalibacterium	0.00033894	0	0	0.00021345	0.0010557	0	0.00017228	0	0.00072441	0.00074076	0.00058361	8.7563e-05	0.00024101	0	0.00062387	0.00058825	0.00077355	6.4131e-05	8.3517e-05	0	0.00027682	0.00018826	0.0001286	0	0.00039756	0.00028178	0.00029911	9.3485e-05	0	0.00019878	0.00045141	0.00036598
Natrinema	0	0	0	0	0	0.00022287	0.0075715	0	3.6082e-05	0.00036819	0	0	0	0	4.7429e-05	0.00022739	0	0	0	0	0	7.8727e-05	0	0	6.6261e-05	0.00018785	0	0	0	0	0	0.00014804
Couchioplanes	0	0	0	0.0012728	0	0	0	0	0	0.0028666	0.00020328	0	0	0	0	0.001483	0.00013498	0	0	0	0	0.00053055	0	0	7.7954e-05	0.0012705	0	0	0	0	0	0.0010774
Pseudarthrobacter	0	0	0	0	0	0.00015571	0.00015936	0	9.7144e-05	0.0034145	0	0	0	0	6.2022e-05	0.00131	0	0	0.00043105	0	0	0.0003286	0	0	0.00026894	0.0013001	0	0	0	0	0	0.00132
Methylococcus	0	0	0	0.0052098	0	0	0.00012921	0	0	0.00053037	0.00013115	0	0	0	0	0.00066734	0.00031929	0	0.00037717	0	0	0.00037995	0	0	0	0.00035099	0.00015267	0	0	0	0.00018438	0.00034131
Anaerotignum	0	0	9.7195e-05	0.0050517	0	0.00034194	0	0.00020286	3.3306e-05	0.00031121	0.00020656	0	0	0	4.0132e-05	0.00077115	0.00019469	0	0	0	0	0.00021564	0	0	0	0.00046963	0.00017136	0	0	0	0.00015577	0.00050168
Tomitella	0	0	0	0.00018183	0	0.00014044	0	0	0	0.0034058	0	0	0	0	0	0.0017005	0	0	6.7352e-05	0	0	0.00065378	0	0	0	0.0013249	6.5429e-05	4.3993e-05	0	0	0	0.0011761
Cohnella	0	0	0	0.004522	4.7787e-05	0	0	0.00035992	4.4409e-05	0.00063118	0.00027869	0	9.7803e-05	0	4.3781e-05	0.00077609	0.00035303	0	0	0	0	0.00017115	0	0	0	0.00052895	0.00017759	0	0	0	0.00018438	0.00048112
Phycicoccus	0	0	0	0.0002767	0	0	6.4603e-05	0	5.2735e-05	0.0031472	0	0	0	0	4.7429e-05	0.0017005	6.7491e-05	0	0	0	0	0.00064351	0	0	5.067e-05	0.0013347	0	0	0	9.1971e-05	0	0.0012049
Cryobacterium	0	0	0	0	0	0	0	0	8.3266e-05	0.0032918	0	0	0	0	5.8374e-05	0.0017104	4.4129e-05	0	0	0	0	0.00061613	0	0	0.00012473	0.0015374	0	0	0	0	0	0.001209
Segatella	0	0	0	0.0053205	0	0	0	0	0	0.00042079	0.00023935	0	0	0	0	0.00070194	0.00022843	0	0	0	0	0.00019168	0	0	0	0.00058333	0.00020875	0	0	0	0.00020981	0.00049757
Streptacidiphilus	0	0	0	0	0	0	0	0	0.00031641	0.0024941	0	0	0	0	0.00026633	0.0017598	0.00011422	0	0	0	0	0.00050659	0	0	0.00063922	0.0012903	0	0	0	0	0	0.0011884
Niveibacterium	7.5882e-05	0.00016591	0.0025447	0.0016285	0	0	0.00034886	0.00019632	7.4939e-05	0.00041641	0.00018689	0.00063578	4.5408e-05	0	4.3781e-05	0.00038063	0.00010124	0	0.00052804	3.5493e-05	0.00010905	0.00012665	0.00011742	6.4031e-05	0	0.00024223	4.9851e-05	6.8739e-05	5.2346e-05	0	0.0001208	0.00019327
Propioniciclava	0	0	0	0.00083799	0	0	0	0	0.00023314	0.0022705	6.5574e-05	0	0	0	0.00034295	0.0012902	4.6725e-05	0	0	0	0.00025585	0.00042787	0	0	0.00044044	0.00095409	0	0	0	0.00035898	4.7684e-05	0.00097047
Tenacibaculum	0	0.00051618	0.00025624	0	0	0	0	0.0020221	0.00038857	0.00023231	0	0.00061675	0	0.00032779	0.00019336	0.00011864	6.4895e-05	0.001617	0	0.00031621	0.00011324	0	0	0.0003543	0.00053398	0.00021257	0	0	0.00029868	0.00014834	0	0
Haloarcula	0	0.00066365	0	0	0	0	0.0056162	0	0.00013323	0.00051722	0	0	0	0	0.0001058	0.00027188	0	0	0.0004553	0	0	0.00010269	0	0	9.7442e-05	0.00017797	0	0	0	0	0	0.0001357
Paludibacter	0	0	0	0.0052414	0	0	0	9.816e-05	0	0.00031997	0.00020984	3.8071e-05	0	0	0	0.00053387	0.00032967	8.2455e-05	0	0	0	0.00019511	0	0	0	0.00041031	0.00017136	0	0	0	0.00019392	0.00045234
Spiroplasma	0	0.00020278	0.00094544	0	0	0	0	0.00075256	0.00057454	0.00031559	0	0.00041878	0	0.00038147	0.00041227	0.00020762	0	0.0010261	0	0.0007647	0	0	0	0.00070434	0.00056906	7.4152e-05	0	0	0.0008129	8.0104e-05	0	0
Actinacidiphila	0	0	0	0	0	0	0	0	0.00047462	0.0022442	8.5246e-05	0	0	0	0.00049618	0.0012852	8.3066e-05	9.6197e-05	5.927e-05	0	0	0.00031833	0	0	0.00083021	0.0011568	0	0	0	0	0	0.0011062
Pseudanabaena	0	0	0	0.0055181	0	0	0	0	4.4409e-05	0.00039011	0.00021312	0	0	0	0	0.00047455	0.00026477	0	0	0	0	0.00015403	0	0	7.7954e-05	0.00035593	9.0355e-05	0	0	0	0.00016848	0.00038243
Halobaculum	0	0	0	0	0	0.00012517	0.0072657	0	0	0.00035942	0	0	0	0	0	0.00024222	0	0	5.1188e-05	0	0	0	0	0	0	0	0	0	0	0	0	7.8131e-05
Microcella	0	0	0	0	0	0	0	0	0	0.0031384	0	0	0	0	0	0.0019526	0	0	0	0	0	0.00059559	0	0	0	0.0012507	0	0	0	0	0	0.0011761
Novosphingobium	0	0	0.00018555	0	0	0.00025035	0.00088722	0	0	0.0010388	0.00013443	0.00018655	0.00017115	0	0	0.00061791	0.0002466	0	0.0027102	0	0.00013422	0.00046552	0	0	0	0.00039548	0.00016513	0.00017872	0	0	0	0.00033308
Gallaecimonas	0	0	0	0	0	0.00043048	0.0012016	0	0	0.00045147	3.2787e-05	0	0.00015718	0	0	0.00044984	0.00026737	9.6197e-05	0.0039576	0	5.4525e-05	0.00050317	6.9893e-05	0	0	0.00015325	5.9198e-05	7.1489e-05	0	0	0	0.00014393
Thalassotalea	0	0	8.8359e-05	0.0039291	0	0	0	0.00011779	0.0001249	0.00035942	0.00021312	0.00015609	0	0	4.0132e-05	0.00043501	0.00022584	0.00033898	0	0	7.1302e-05	0.00020195	0	0	0.00052619	0.00039054	0.00014644	0	0	0.00013647	0.00015259	0.00043589
Christensenella	0	0	0	0.004775	0	0	0	0.00024867	0	0.00037257	0.0002	0	0	0	0	0.00063768	0.00024141	0	0	4.5172e-05	0	0.00021564	0	0	0	0.00041525	0.00014332	0	0	0	0.00019709	0.00044
Caloramator	0	0.00072818	0.00017672	0.0016048	0	0	5.599e-05	0.0012303	0.00016931	0.00029806	0.00019016	4.5685e-05	0	0.00013564	0.00025174	0.00045478	0.00024141	7.7874e-05	0	0.00036138	0	0.00023618	0	0.00029881	0	0.00029661	0.00013709	0	0.00032331	0	0.00014941	0.00039888
Mycolicibacillus	0	0	0	0	0	0	0	0	0	0.0029587	0	0	0	0	0	0.0017203	0.0001246	0	0	0	0	0.00058874	0	0	5.067e-05	0.0011469	6.2314e-05	0	0	0	0	0.0011802
Buchnera	0	0.00031339	0.0010515	8.6961e-05	0.00014771	3.969e-05	0.00015936	0.00045808	0.00061617	0.00042956	0.00027869	0.00027792	5.5887e-05	0.00012433	0.00042686	0.00034603	0.00021026	0.00073293	2.9635e-05	0.00013552	0.00010486	0.00011296	8.3872e-05	0.00015794	0.00040926	0.0002274	0.00011528	3.5744e-05	0.00010777	0.00019284	0.00011444	0.00022617
Bifidobacterium	0	0.00038713	0.00026508	0.00033203	0.00023894	0	0.00010767	7.1984e-05	0.00017486	0.0020776	0	0	0	0	9.4858e-05	0.0010628	8.3066e-05	0	0.00039603	0	0	0.00037652	0	0	0.00023776	0.00069209	0	0	0	0	0.00013352	0.00090467
Pullulanibacillus	0.00027317	0.0017329	0	0.00051386	6.082e-05	0.00011602	6.4603e-05	0.0004908	0.00079103	0.00051722	8.5246e-05	4.9492e-05	0.00015718	3.6735e-05	0.00050712	0.00024222	6.7491e-05	6.4131e-05	0	9.0345e-05	7.9691e-05	6.1613e-05	4.4732e-05	0.00014087	0.00077564	0.00015325	4.6735e-05	3.2995e-05	5.5425e-05	0.00015724	5.0863e-05	0.00015215
Neisseria	0	0.00023965	0	0	0	0.0014746	0.00045653	0.00012434	0	0	0	0.00010279	6.2873e-05	0	0	0.0003312	0.00023881	0.00017865	0.00070854	0	0	0.00040048	0	0	0	0	0.00079762	0.0010283	0.0002802	0.00053402	0.00033697	0.00028374
Sinomonas	0	0	0.00058317	0	0	6.4114e-05	5.1683e-05	0	0.00014988	0.0022793	0	0	0	0	0.00016053	0.0011468	5.4512e-05	0	0	0	0	0.00054425	0	0	0.00031571	0.0010777	0	0	0	0	0	0.0010856
Corallococcus	0	0	0.00053016	0.0054548	0	0	0	0	0	0.00056105	0.00027213	0	0	0	0	0	0	0	0.0001347	0	0	0	0	0	0	0.00053884	0	0	0	0	0	0
Aquaspirillum	0	0	0	0.0050754	0	0.00011907	0	0	0	0.00031559	0.00010164	0	0	0	0	0.00046467	0.00018171	0	0	0	0	0.00011638	0	0	0	0.00035099	8.4124e-05	0	0	0	0.00016848	0.00045645
Streptantibioticus	0	0	0	0	0	0.00077853	0	0	0	0.0024984	0	0	0	0	0	0.0014434	9.6045e-05	0	0	0	0	0.00051002	0	0	0	0.0010975	0	0	0	0	0	0.00086355
Dermacoccus	0	0	0	0	0	0	0	0	0.00033029	0.0022661	5.5738e-05	0	0	0	0.00030282	0.0013199	0	0	2.9635e-05	0	0.00012583	0.00033202	0	0	7.7954e-05	0.0010975	0	0	0	0.00032931	0	0.00096635
Fusobacterium	0	0.00023965	0.00016788	0	0	0	0.00012059	0.00091616	0.00048294	0.00059173	0.00033771	0.00027411	0	0	0.00043051	0.00066734	0.00035563	0.00071003	0	0.00015488	0	0.00012665	0	0.00023905	0.00036638	0.00040537	0	0	0.00015396	0.00011867	0	0.00037009
Aquincola	0	0	0.0037906	0	0	0.0004549	0.00019812	0.00013088	4.7184e-05	0.00048654	9.5082e-05	0.00043401	0	0	0	0.00039546	6.4895e-05	8.2455e-05	0.00015356	3.5493e-05	0	0.00011638	6.1506e-05	4.2687e-05	7.4056e-05	0.00022246	4.362e-05	0	0	0	6.3579e-05	0.0002015
Salisediminibacterium	0	0	0	0.0027353	0	0	0	0.0002683	0.00028588	0.00074953	0.00019672	0	0	0	0.00025539	0.00060308	0.00030111	0	0	0	6.7108e-05	0.0001643	0	0	0.00026114	0.00030155	0.00013709	0	0	0.00014537	0.00019074	0.00048112
Citricoccus	0	0	0	0	0	0	0	0	0.00016376	0.0025466	7.541e-05	0	0	0	0.00012404	0.0012902	5.4512e-05	0	0	0	0	0.00038337	0	0	0.00031961	0.001048	0	0	0	0	0	0.0010363
Rubrobacter	0	0	0	0.00011858	0	0	4.7376e-05	0	0	0.0028403	7.541e-05	0	0	0	0	0.0015472	6.4895e-05	0	0	0	0	0.00035256	0	0	0	0.00092938	3.7388e-05	0	0	0	3.1789e-05	0.00098691
Williamsia	0	0	0	0	0	0	0	0	3.6082e-05	0.0025861	0.00010164	0	0	0	0	0.00131	5.4512e-05	0	0.00023439	0	0	0.00053055	0	0	0	0.00099858	0	0	0	0	0	0.0011308
Paenisporosarcina	0	0	0	0.0010435	9.9918e-05	0	5.1683e-05	0.00013088	0.0007938	0.0010607	0.00018361	0	0	3.1083e-05	0.00056185	0.00062285	0.00021286	4.5808e-05	0	0	0.00015099	0.00017799	0	0	0.00059635	0.00032133	8.7239e-05	0	0	0.00019581	0.00013669	0.00043589
Rhodobacter	0	0.0003687	0	0	0	0	0.00060297	0	0.00022204	0	0.00040984	0.00018274	0.00033882	0	0.0001204	8.4035e-05	0.00032448	0.00038937	0.0012366	0	0.00059978	0.00014034	0.00030753	0	5.8465e-05	0	0.00040192	0.00037119	0	0.00027295	0.00033061	0.00017682
Methylophaga	0	0.00018435	0	0.0011621	0	0	0.00065895	0	0	6.5748e-05	7.2131e-05	0	0.0001013	0	0	0.00019773	0.00010124	0	0.0037556	0	0	9.5842e-05	6.7098e-05	0	0	0.00011864	0.00013086	4.3993e-05	0	0	4.1326e-05	6.1682e-05
Sideroxyarcus	0	0	0	0.0050121	0	0	0	0	0	0.00021916	0.00012787	0	0	0	0	0.00044984	0.000122	0	0	0	0	0.00014719	0	0	0	0.00027189	0.00015267	0	0	0	0.00012716	0.00020561
Carboxydocella	0	0	0	0.0041979	0	0	0	0	0	0.00034189	0.00023935	0	0	0	0	0.00062779	0.00020507	0	0	0	0	0.00019511	0	0	0	0.00036582	0.00016202	0	0	0	0.0001208	0.00036598
Rosistilla	0	0	0	0.0040556	0	0	6.0297e-05	0	0	0.00026738	0.00023279	0	0	0	0	0.00046467	0.00027516	0	0.00019128	0	0	0.00020538	0	0	0	0.00033616	0.0001994	0	0	0	0.00020027	0.00031664
Lacinutrix	0	0	0.004038	0	0.00025631	0	0.00024119	0	0.00030531	0	0.00045574	0	6.6366e-05	0	0.00043781	0	0.00017652	0	4.3105e-05	0	9.2273e-05	0	5.5915e-05	0	5.067e-05	0	0.00015578	9.6235e-05	0	8.6037e-05	0.00023206	0
Hahella	0	0	0	0.0010673	0	0	0.00096474	0	0	0	0	0	0.00012924	0	0	0.00017301	0.00011162	0	0.0036047	0	0	0.00027383	0.00010344	0	0	5.9322e-05	0.00010905	3.2995e-05	0	0	3.1789e-05	8.2243e-05
Dinoroseobacter	0	0	0	0	0	0	0.00039623	0	0.00020817	0	0.00036066	0.00017893	0.00023403	0	0.00026268	0.00013347	0.00023362	0.00056802	0.0011773	0	0.00043201	8.5573e-05	0.00036065	0	0.0001676	0.00020268	0.00048293	0.00034095	0	0.00032635	0.00044823	0.00013159
Bacteroides	0	0.00068209	0	0	0	0.00017097	0.00018089	0.001492	0.00013045	0.00051284	0.00021312	0.00011802	0	0.00018932	0	0.00051904	0.00019469	0.0003344	0.00041489	0.0001097	0	0.00028753	0	0.00016221	8.5749e-05	0.00039548	0	0	9.5454e-05	0	0	0.00044
Brucella	0	0.00070974	0.00017672	0	0	0.00012823	0	0	0.00072441	0	0	0.00011041	0	0	0.0011529	0	0	0.00082455	0.00031251	0	0.0011744	0.00022934	0	0	0	0	0	0.00022271	0	0.00094047	0	0
Modestobacter	0	0	0	0	0	0	0	0	6.9388e-05	0.0024195	0	0	0	0	8.0264e-05	0.0013297	0	0	0	0	0	0.00041417	0	0	0.00021047	0.0010134	0	0	0	0	0	0.0011185
Bordetella	0	0	0	0	0	0.00077853	0.00045653	0	8.3266e-05	0.00094239	0	0.00025888	5.2394e-05	0	0	0.00067228	0.00014796	0.00026569	0.0017377	0	0	0.00036968	4.4732e-05	0	5.8465e-05	0.00025212	0	0	0	0	0	0.00050579
Sediminibacillus	4.5529e-05	0	0	0.00026879	0.00030844	6.1061e-05	0	6.544e-05	0.00053568	0.0007846	0.00021967	7.2335e-05	4.1915e-05	0	0.00036849	0.00074149	0.00020247	4.5808e-05	4.8494e-05	0	0.00020132	0.00025672	4.4732e-05	0	0.00054568	0.00046469	0.00014332	4.6743e-05	3.695e-05	0.00032635	0.00016213	0.00052224
Empedobacter	0	0	0	0	0	0	0	0	0	0	0	0	0	0.00014976	0	0	0.00016873	0.0008841	4.0411e-05	0	0	0.0024097	0	0	0	0.00036087	0.0003178	0	0	0.00015131	0.00041644	0.0015133
Jannaschia	0	0	0	0	0	0	0.00021965	0	0.00034694	0.0001315	0.00045574	9.8984e-05	0.00018513	0	0.00038308	0.00021256	0.00027775	0.0004535	0.00038795	0	0.00055784	7.5305e-05	0.00031312	0	0.00028063	0.00011864	0.00050474	0.00026671	0	0.00043315	0.00052135	0.00013159
Pradoshia	0.00016694	0	0	0.00046643	0.00033016	0	0.00016366	0	0.00034139	0.00048215	0.00049508	0.00024746	0.00012225	0	0.00043416	0.0003658	0.0005555	0.00020614	8.3517e-05	0	0.00015099	0.00012323	0.00010903	0	0.00024945	0.00021751	0.00024614	8.5236e-05	0	0.00013054	0.00029564	0.00026318
Ruminiclostridium	5.3117e-05	0.00024887	0.00025624	0	0.00033451	0	4.7376e-05	0.00061514	9.7144e-05	0.00074076	0.00040328	0	0	4.2386e-05	0.0002335	0.00089473	0.00055291	0	0	0.00010002	0	0.00027726	0	0.00010672	0	0.00043503	0.00013086	0	6.4662e-05	4.4502e-05	0.00018438	0.00043178
Kineococcus	0	0	0	0	0	0	0	0	5.5511e-05	0.0024502	0	0	0	0	6.5671e-05	0.0012754	0	0	0	0	0	0.00047579	0	0	0.00010524	0.00096398	0	0	0	0	0	0.00085533
Spongiibacter	0	0	0	0.0028934	0	0.00025646	0.00029287	0	0	0.00017971	0.00012787	4.5685e-05	3.8423e-05	0	0	0.00036086	0.00024401	0.00011452	0.00077051	0	0	0.00014034	0	0	0	0.00029167	0.00013397	2.7496e-05	0	0	0.00012398	0.00018916
Rouxiella	0	0	0	0	0	0.00031141	0	6.544e-05	0	0	0.00079673	0.0013591	0	0	0	0	0.00064895	0.0022446	0.00011315	3.2266e-05	0	0	0	7.6837e-05	0	0	0.0002773	0	0	0	0.00019074	0
Sphingopyxis	0	0	0	0	6.5164e-05	0.00016181	0.00080108	0.00018978	0.00013045	0.00016656	6.8853e-05	9.137e-05	0.00014321	0	0	0.00018784	0.00011941	0	0.0031575	0	0	0.00010269	7.8281e-05	0.0001366	0.00015591	0	0.0001589	6.049e-05	0	0	0	0.00013159
Hathewaya	0	0.000636	0	0	0	0	0	0.0022446	0	0.00018848	3.6066e-05	0	0	0.00031083	0	0.0002966	0	0	0	0.0007647	0	8.8996e-05	0	0.00060616	0	0.00014336	0	0	0.00062507	0	0	0.00015626
Wujia	0	0.000636	0	0.0015179	0	0	0	0.0015837	0	0.00016218	0	0.00030837	0	0.0001102	0	0.00020267	5.4512e-05	0.00099404	0	0.00014197	0	0	0	0	0	0.00014336	5.6082e-05	0	0	0	7.3116e-05	0.00011103
Acetivibrio	0	0	0	0.0024823	0.00043877	0	0	0	4.1633e-05	0.00025861	0.00030164	0.00041116	0	0	0	0.00023728	0.00046205	0.00023362	0	0	0	0.00014376	0	0	0	0.00028672	0.00022745	0	0	0	0.00029246	0.0002385
Spiractinospora	0	0	0	0.00012649	0	0	0	0	0.00028866	0.0017971	0	0	0	0	0.00026998	0.00090462	3.115e-05	0	0	0	0	0.00040733	0	0	0.00072107	0.00078107	0	0	0	0	0	0.00064972
Marinilactibacillus	0	0.000424	0.00013254	0	0	7.022e-05	0	0.0007133	0.0001471	0.00015341	0.0003541	4.1878e-05	0	0.00022041	0.00012769	0.00015324	0.00048542	5.497e-05	0	0.00029685	5.0331e-05	6.1613e-05	5.0323e-05	0.00028174	6.2363e-05	7.9096e-05	0.00077269	4.9492e-05	0.00031715	5.6369e-05	0.00065168	0.00012336
Mameliella	0	0	0	0	0	0	0.00028856	0.00034683	0.00029698	7.8898e-05	0.00027213	0.00011802	0.00019211	0	0.00016783	0.00028671	0.00038678	0.0003573	0.00012123	0.00011293	0.00046556	0.0002533	0.00021248	0	0.00022217	0.00016314	0.00040816	0.00026671	0.00010469	0.00028185	0.00035604	0.00014804
Methylomonas	0	0	0	0.0008538	0	0.00042437	0.00067618	0.00011779	0	0	5.2459e-05	0.00012563	6.9859e-05	0	0	0.00020267	0.00018949	0.00018781	0.0026375	0	0	0.0001643	4.7528e-05	0	0	0	8.4124e-05	4.6743e-05	0	0	0	0
Winslowiella	0	0.00024887	0	0	0.00020853	0.00015571	9.4752e-05	0	0	0	0.0018853	9.137e-05	0	0	0	0	0.0018223	0.00018781	0	0	0	8.5573e-05	0	0	0	0	0.00073219	0	0	0	0.00036558	0
Herbaspirillum	0	0	0	0	0	0.0002015	0.00083554	0	0	0.00072323	0	0	0.00012225	0	0	0.00046467	0.00015834	8.7035e-05	0.002158	0	0	0.00045183	0	0	0	0.00028178	9.9702e-05	0	0	0	0	0.00028785
Rummeliibacillus	0	0.00018435	0	0	5.2131e-05	0	0	0.00015706	0.00027478	0.00034189	0.00017377	0.00036548	0	0	0.00013134	0.00027682	0.0026841	0.00012368	0	0	9.2273e-05	7.8727e-05	0	0	0.00026114	0.00016808	0	0	0	0.00011571	0.00015577	0.00015626
Azoarcus	0	0	0	0.00079056	0	4.5796e-05	0.00048668	0	3.0531e-05	0.00065748	0	9.5177e-05	7.6845e-05	0	5.4726e-05	0.0005487	0.00011681	0	0.0015814	0	0	0.00031491	4.4732e-05	0	8.5749e-05	0.00037076	0	0	0	0	6.3579e-05	0.00040299
Xylanimonas	0	0	0	0	0	0	0	0	4.7184e-05	0.0022486	0	0	0	0	0	0.0012358	4.932e-05	0	0	0	0	0.00031833	0	0	5.4568e-05	0.00092938	0	0	0	0	0	0.00086766
Isoptericola	0	0	0	0	0	0	0	0	4.1633e-05	0.0023319	0	0	0	0	5.1077e-05	0.0011617	4.6725e-05	0	8.8905e-05	0	0	0.00040733	0	0	9.7442e-05	0.00080084	0	0	0	0	0	0.00071963
Rhodovulum	0	0	0	0	0	0	0.00019381	0	0.00029698	0.00014903	0.00033771	0	0.00011527	0	0.00028092	0.00025211	0.00032967	0.00043976	0.00069507	0	0.00045298	0	0.00023205	0	0.00036638	0.00012359	0.000377	0.00025021	0	0.00024921	0.00037194	0.00021383
Barrientosiimonas	0	0	0	0	0	0	0	0	0	0.0023012	0	0	0	0	0	0.0011814	0	0	0	0	5.0331e-05	0.0004484	0	0	0	0.00073658	0	0	0	5.6369e-05	0	0.00093757
Salarchaeum	0	0	0	0	0	0	0.0057109	0	0	0	0	0	0	0	0	0	0	0	0	0	0	0	0	0	0	0	0	0	0	0	0	0
Haloplanus	0	0	0	0	0	0	0.005263	0.00017669	6.9388e-05	0	0	0	4.8901e-05	0	4.7429e-05	0	0	0	0	0	0	0	4.7528e-05	0	0	0	0	0	0	0	0	0
Zymobacter	0	0	0	0	0	3.6637e-05	0.00098197	0	0	0	0	0	0.00017465	0	0	0	2.8554e-05	0.00010536	0.0040357	0	0	4.7921e-05	8.9464e-05	0	0	0	4.9851e-05	7.9737e-05	0	0	0	0
Proteiniborus	0	0	0	0	0	0	0	0.0001636	3.6082e-05	0.00089418	0.00030492	0	0	2.8257e-05	0.00012404	0.001483	0.00032967	0	0	0	0	0.00042102	0	5.1225e-05	4.6772e-05	0.000875	4.9851e-05	0	0	2.9668e-05	4.4505e-05	0.00070318
Pedococcus	0	0	0	0	0	0	0	0	3.8857e-05	0.0020031	8.1968e-05	0	0	0	0	0.0012012	8.047e-05	0	0	0	0	0.00035941	0	0	0	0.00090466	0	0	0	0	0	0.00086766
Amorphoplanes	0	0	0	0.0007115	0	0	0	0	3.3306e-05	0.0017927	0	0	0	0	5.4726e-05	0.00095899	7.0087e-05	0	0	0	0	0.00031491	0	0	8.5749e-05	0.00081073	0	0	0	0	0	0.00068673
Natronomonas	0	0	0	0	0	0	0.0039408	0.00011125	0	0.00010958	0	0	0.0001502	0	0	0	0	0	0.001118	0	0	0	8.1076e-05	0	0	0	0	0	0	0	0	0
Sodalis	0	0.00014748	0	0.0016681	0	0	0	0	0	0.00040764	0.00061312	0	0	0	0	0.00035592	0.00048801	0.00010536	0.00047955	0	0	0.00010953	0	0	0	0.00016808	0.00035207	0	0	0	0.00026067	0.00032075
Marinomonas	0	0	0	0.00234	0	0.00079685	0.00017658	0	7.2164e-05	0.00012711	0.00019344	0	0	0	3.6484e-05	0.00034603	0.00037899	0.00011452	0	0	0	0.00015403	0	0	3.8977e-05	0.00018291	0.00014332	0	0	3.5602e-05	0.00016213	0.00017271
Mucilaginibacter	0	0.00043322	0.00033577	9.4867e-05	0	0	0.00032302	0.00037301	0.00041911	0.00010958	0	8.3756e-05	6.2873e-05	0	0.00030646	9.8865e-05	0	0.00016491	0.0011881	0	0.00020971	0	2.7957e-05	0	0.00074446	6.4265e-05	0	3.0245e-05	0	0.00039162	0	0
Crassaminicella	0	0.00019357	0	0	0	0	0	0.00090307	0.00010547	0.00066187	0.00013771	0	0	3.6735e-05	0.00016418	0.00089473	0.00023881	8.7035e-05	0	0.00013552	0	0.00028753	0	0.00019636	0	0.00073658	0	0	0.0001478	0	0	0.00046056
Varibaculum	0	0	0	0.003597	0	0	0	0	0	0.0001315	0.00016066	0	0	0	0	0.00036086	0.00017652	0	0	0	0	0.00014719	0	0	0	0.0002274	0.00015578	0	0	0	0.00011444	0.00030841
Yinghuangia	0	0	0	0	0	0	0.00014643	0	5.5511e-05	0.0015999	0	0	0	0	5.8374e-05	0.00085024	0	0	0.00069507	0	0	0.00031833	0	0	9.3544e-05	0.0006822	5.6082e-05	0	0	0	0	0.00075663
Fischerella	0	0.00052539	0	0.0026167	0	0	0	0	0	0.00029806	0.00030492	0	0	0	0	0.00035097	0.00021026	0	0	0	0	0.00013349	0	0	0	0.000262	0.00017759	0	0	0	0.0001208	0.00025495
Amylolactobacillus	0	0	0.00048598	0	0	0	0	0	0.00085209	0	6.2295e-05	0	0	9.6075e-05	0.00080629	0	5.4512e-05	0	0	5.1626e-05	0.00096048	4.4498e-05	0	0	0.00077564	0.00017797	0	3.0245e-05	0	0.0008574	0	0
Aliarcobacter	0	0.00058991	0.00041529	0	6.9508e-05	0	6.0297e-05	0.00075256	0.00033306	0.00017533	9.1804e-05	0	0	0.00022323	0.00018242	0	3.6341e-05	0.00012826	0	0.00030653	0	0.00045183	0	0.00039272	0.00019099	0.00015325	0.00010282	0	0.00026173	0	3.4968e-05	0.00028374
Polaribacter	0	0.00067287	0.00036227	0	0	0	9.9059e-05	0.00062822	0.00035527	0.00021916	0	0.00023223	0	0.00025997	0.00028822	0.00032626	5.4512e-05	0.00065964	0	0.00022264	0	0	0	9.818e-05	0.00058465	0	0	0	9.5454e-05	4.7469e-05	0	0
Nesterenkonia	0	0	0	0	0	0	0.00028426	0	0	0.001315	0	0	0.00013623	0	0	0.00065251	0	0	0.0014279	0	0	0.00027383	0	0	0	0.00043997	6.8545e-05	0	0	0	0	0.00059215
Fundicoccus	0	0	0.0015109	0	0	0.00029615	0	0.0001047	0.00081878	0.00010081	0	0	0	0	0.00071143	4.9433e-05	3.115e-05	0	0	3.8719e-05	0.00047814	0	0	0	0.00039367	0	0	0	0	0.00064973	0	0
Luteibacter	0	0	0	0	0	0.00058619	0.00068049	0	3.6082e-05	0.00027176	0	0	0.00011177	0	4.3781e-05	0.00023728	7.0087e-05	5.497e-05	0.0025755	0	0	0.00014719	5.0323e-05	0	4.6772e-05	0.00017302	0	0	0	0	0	9.4579e-05
Thalassovita	0	0	0	0	0	8.5485e-05	0.00010337	0	0.00026368	0.00024108	0.00029508	8.7563e-05	0.0001502	0	0.00029187	0.00015324	0.00025958	0.00038021	0.00019936	7.4212e-05	0.00054106	4.1075e-05	0.00023764	0	0.00022607	0.00018785	0.00029599	0.00026671	0	0.00033228	0.00027975	0.00018093
Pseudothermotoga	0	0	0	0.0033045	0	0	0	0	0	0.00017095	0.00019344	0	0	0	0	0.00043995	0.00017652	0	0	0	0	0.00011296	0	0	0	0.00026695	0.00011216	0	0	0	0.00011762	0.00024262
Xiashengella	0	0	0	0.0029093	0	0	0	0	0	0.00024984	0.00017377	0	0	0	0	0.00046467	0.0001843	0	0	0	0	0.00013349	0	0	0	0.00025212	0.00010282	0	0	0	0.00018756	0.00047701
Salasvirus	0	0	0	0	0	0	0	0	0	0	0.0016	0	0	0	0	0	0.0016535	0	0	0	0	0	0	0	0	0	0.00092224	0	0	0	0.00094415	0
Myxococcus	0	0	0	0.00026088	0	0	0.00025841	0	0	0.0011879	0	0	9.431e-05	0	0	0.00078598	5.1916e-05	0	0.0011989	0	0	0.00012665	0	0	0	0.00054378	0	0	0	0	0	0.00055925
Morganella	0	0.00014748	0	0.00011068	0	0.00047933	6.4603e-05	0	0	0	0.00034426	0.00022462	0	0	6.9319e-05	0	0.0003115	0.00030233	0.002131	0	0	0	3.6345e-05	0	0	0	0.00036454	2.7496e-05	0	0.00010087	0.00034651	0
Thermoanaerobacter	0	0	0	0	0.00043443	0	0.00013351	0	0	0.0005479	0.00063935	0	9.0817e-05	0	0	0.00062285	0.0010305	0	0	0	0	0	6.1506e-05	0	0	0	0.0004175	7.4238e-05	0	0	0.00056267	0.00041944
Scardovia	0	0	0.0010338	0	0	0	0	0	0.00095478	6.1365e-05	0	0	0	0	0.00087196	0	0	0	0	0	0.00057461	0	0	0	0.0010641	0	0	0	0	0.00047172	0	0
Pannonibacter	0	0	0	0	0	0	0.00044792	0	0	0.00091609	0	0	0.00011876	0	0	0.00052399	6.7491e-05	8.2455e-05	0.0017054	0	0	0.00023961	0	0	0	0.00049929	0.00010282	0	0	0	0	0.00032486
Sagittula	0	0	0	0	0	0	0.00010767	0	0.0002387	0.00011396	0.00027213	0	0	0	0.00033565	0	0.00037639	0.0001191	0.0004553	0	0.00053267	0	0.00036904	0	0	0.00032627	0.00047047	0.00027496	0	0.00042425	0.00046731	0.00013981
Spiribacter	0	0	0	0.0014625	0	0.00027172	0.00037039	0	3.3306e-05	0.0001315	0.00012131	0	4.1915e-05	0	0	0.0004004	0.00029333	5.497e-05	0.00066274	0	5.0331e-05	0.00042787	0	0	0.00018709	0.00012853	4.0504e-05	4.9492e-05	0	5.6369e-05	8.2653e-05	0.00013159
Acetobacterium	0.00028835	0.00025809	0.00011487	0.0010356	0	0	0.00013782	0.00050389	0.00012212	0.00040326	8.1968e-05	8.3756e-05	7.3352e-05	4.8038e-05	0.00012404	0.0003312	9.8641e-05	0.00010994	4.5799e-05	0.00010002	0	9.5842e-05	7.2689e-05	0.00011099	0	0.00029167	3.1157e-05	6.5989e-05	5.8504e-05	3.5602e-05	4.7684e-05	0.00019738
Cellvibrio	0	0	0	0	0	0.00082127	0.00046514	0.00011125	4.996e-05	4.3832e-05	8.5246e-05	0	6.2873e-05	9.6075e-05	5.1077e-05	0.0001137	0.00014537	0	0.0019155	4.5172e-05	5.8719e-05	3.7652e-05	9.2259e-05	6.4031e-05	0	0.00016808	9.9702e-05	0.00011273	5.5425e-05	5.3402e-05	6.04e-05	0.00015215
Halosimplex	0	0	0	0.00019764	5.6476e-05	0	0.0033378	0	0	0.00047339	0	0	0	0	0	0.00022739	0	0	0.00011046	0	0	8.8996e-05	0	0	0	0.00023729	0	0	0	0	0	0.00020561
Thermobispora	0	0	0	0	0	0	0	0	9.7144e-05	0.0016349	7.2131e-05	0	0	0	0	0.0010628	9.8641e-05	0	0	0	0	0.00037995	0	0	0	0.00072669	0	0	0	0	0	0.00085533
Jiangella	0	0	0	0	0	0	0	0	6.9388e-05	0.0019155	6.5574e-05	0	0	0	0	0.00081564	0.00010643	0	0	0	0	0.00026699	0	0	0.00010134	0.00078107	5.2967e-05	0	0	0	0	0.00073196
Actibacterium	0	0	0	0	0	0	0.00025841	0	0.00014433	0	0.00029508	0	0.00026546	0	0.00016053	0.00016807	0.00019728	0.00053137	0.00035562	0	0.00054945	0	0.00020129	0	0.00019099	0.00016808	0.0004362	0.00021996	0	0.00028778	0.00026703	0.00018505
Thermoflexus	0	0	0	0.003099	0	0	0	0	0	0.00023669	0.00012787	0	0	0	0	0.00030648	0.00012979	0	0	0	0	0.00013349	0	0	0	0.00018291	0.0001184	0	0	0	0.00016213	0.00034131
Trueperella	0	0	0	0	0	5.8008e-05	0.00028856	0	0	0.0013237	0	0	4.8901e-05	0	0	0.00083047	0	0	0.00089982	0	0	0.00027726	0	0	0	0.0005339	0	0	0	0	0	0.00056748
Trinickia	0	0	0	0	0	0	0.00073648	0	0	8.3281e-05	0	0	8.7324e-05	0	0	0.00022739	6.7491e-05	0	0.0030901	0	0	0.00031491	5.3119e-05	0	0	9.887e-05	0	5.4991e-05	0	0	0	0
Ectothiorhodospira	0	0	0	0	0	0.0001038	0.00080539	0	0	0	0	0	0.00012924	0	0	0	4.6725e-05	0	0.0034861	0	0	5.4767e-05	5.0323e-05	0	0	0	4.6735e-05	7.9737e-05	0	0	0	0
Phenylobacterium	0	0	0	0	0	0	0.00029718	0	0.00022759	0.0006794	0	0	9.0817e-05	0	0.00015688	0.00042512	5.7108e-05	0	0.001242	0	0	0.00016772	0	0	0.00048721	0.00055861	4.6735e-05	0	0	0	0	0.00036598
Phyllobacterium	0	0	0	0.00031622	0	0.0005526	0.00061589	0	0	0	0	0	0.00017465	0	0	0.00015324	3.8937e-05	0.00020156	0.0021553	0	0	0.00013692	8.1076e-05	0	0	0	0.00021187	3.8494e-05	0	0	5.0863e-05	0
Cellulosimicrobium	0	0	0	0	0	0	0	0	0.00015543	0.0015911	0	0	0	0	0.00026633	0.00089473	0	0	0	0	0	0.00030806	0	0	0.00063922	0.00043503	0	0	0	0	0	0.00041944
Selenomonas	0	0	0	0.0023321	8.6885e-05	0	0	0.00011125	0	0.00046024	0.00016721	0	0	0	0	0.00037074	0.00019469	0	0	0	0	0.00012323	0	0	5.067e-05	0.00029167	0.00014332	0	0	0	0.00014941	0.00022206
Celeribacter	0	0	0	0	0	0	0.00012921	0	0.0002387	9.6431e-05	0.0002918	0	0	0	5.4726e-05	0.00017796	0.00034005	0.00055886	0.00039064	0	0.00042362	7.8727e-05	0.00037183	0	0	0.00023729	0.00038946	0.00017597	0	0.00033821	0.00040691	0
Paraliobacillus	0	0	0	0.00013439	0	0	0	0	0.00064392	0.00068378	8.1968e-05	0	0	0	0.0004597	0.00050916	5.4512e-05	0	0	0	0.00017196	0.00072224	0	0	0.0003391	0.00030155	5.2967e-05	0	0	8.0104e-05	3.4968e-05	0.00041121
Roseinatronobacter	0	0	0	0	0	0.00027783	0.00067618	0	3.8857e-05	0	0.00012787	0	0.00012575	0	0	5.4376e-05	7.0087e-05	0.00016033	0.0022981	0	0.00017616	0	0.0001314	0	0	0	0.00017448	0.00013748	0	9.1971e-05	0.0001208	0
Catellatospora	0	0	0	0	0	0.00027172	0	0	0.00010269	0.0014859	0	0	0	0	8.7561e-05	0.00087001	5.7108e-05	0	0	0	0	0.00018142	0	0	0.00022996	0.00058827	0	0	0	0	0	0.00076897
Siccibacter	0	0.00020278	0	0	5.2131e-05	8.2432e-05	0	6.544e-05	0	0.00044271	0.001282	4.1878e-05	0	0	0	0.00016313	0.00071125	6.8712e-05	5.1188e-05	0	0	0.00010953	0	0	0	0.00019774	0.00058887	0	0	0	0.00039737	0.00017271
Paenalkalicoccus	0	0	0	0.0016127	8.2541e-05	0	0	0.00014397	0.00014433	0.00032436	0.0002918	0	0	0	0.00014594	0.00029165	0.0003089	0	0	0	4.1942e-05	0.00013349	0	0	0	0.00031144	0.00022433	0	0	3.8568e-05	0.00020663	0.00031252
Alistipes	0	0.00019357	0	0.001842	0	0	0	0	0	0.00081528	9.5082e-05	0	0	0	0	0.00043501	0.00012719	0	0	0	0	0.00013692	0	0	0	0.00040042	3.4273e-05	0	0	0	3.4968e-05	0.00048523
Luteimicrobium	0	0.00087565	0	0	0	0	0	0	3.3306e-05	0.001293	0	0	0	0	0	0.00084035	4.1533e-05	0	0	0	0	0.00030122	0	0	0	0.00059322	0	0	0	0	0	0.00060449
Halobellus	0	0	0	0	0	0	0.0027392	0.0001047	0	0.0005479	0	0	0	0	0	0.00042512	4.4129e-05	0	3.2329e-05	0	0	0.00014034	0	0	0	0.00018785	0	0	0	0	0	0.00035776
Pukyongiella	0	0	0	0	0	0	0.00016366	0	0.00014155	0.00010081	0.00028197	0.00011421	0.0001991	0	0.00017147	0.00019279	0.00027775	0.00044892	0.00011046	0	0.00048653	7.5305e-05	0.00025721	0	0.00010134	0.00017797	0.00031157	0.00017322	0	0.00032338	0.00032743	0.0001028
Zhangqianvirus	0	0	0	0	0	0	0	0	0.0013101	0	0	0	0	0	0.0010799	0	0	0	0	0	0.00035651	0	0	0	0.0015201	0	0	0	0	0.00026701	0	0
Tepidibacter	0	0.00027652	0	0	0	0	0	0.00061514	0	0.00061365	8.1968e-05	0	0	9.0424e-05	5.8374e-05	0.00087001	0.00012979	0	0	0.00011293	0	0.0002841	0	0.0001494	0	0.00059816	4.0504e-05	0	9.8533e-05	0	0	0.00048523
Paracidovorax	0	0	0	0	0	0	0.00019381	0	0.00021094	0.0012054	0	0	0	0	0.00020796	0.00086507	0	0	0	0	0	0.00035256	0	0	0.00037418	0.00056356	0	0	0	0	0	0.00051813
Piscinibacter	0	0	0.00015021	0	0	0	0.00011629	0	0	0.0012887	6.8853e-05	0	0	0	0	0.00072172	0.00010124	6.8712e-05	0.0003664	0	0	0.00029095	0	0	7.4056e-05	0.00058827	4.0504e-05	0	0	0	0	0.0005757
Chloroflexus	0	0	0	0.0030911	0	0	0	0	0	0.00020601	0.00010164	0	0	0	0	0.00027682	0.000122	0	0	0	0	0.00011638	0	0	0	0.00019774	5.9198e-05	0	0	0	6.9937e-05	0.00018093
Skermania	0	0	0	0	0	0.00030836	0	0	8.6042e-05	0.0014859	0	0	0	0	4.0132e-05	0.00085518	4.4129e-05	0	0	0	0	0.00020195	0	0	5.8465e-05	0.00068714	4.6735e-05	0	0	0	0	0.00058804
Arachnia	0	0	0	0	0	0	0	0	8.3266e-05	0.001258	0	0	0	0	7.2968e-05	0.00083047	3.3746e-05	0	0	0	0	0.00032176	0	0	0.00013642	0.00065748	0.00010905	9.8984e-05	0	7.417e-05	5.7221e-05	0.00066617
Alcanivorax	0	0	0	0	0	0	0.00083554	0	0	0	0	0	0.00013623	0	0	6.4262e-05	9.0853e-05	9.1616e-05	0.0027992	0	0	0.00014719	7.8281e-05	0	0	0	9.0355e-05	5.4991e-05	0	0	0	0
Xenorhabdus	0	0	0	0	0.00019549	0.00047933	0.00041346	0	0.00013878	0.00017533	9.1804e-05	4.9492e-05	6.9859e-05	0	9.8506e-05	0.00011864	0.00014017	0.00011452	0.0015329	0	5.4525e-05	0.00026357	2.7957e-05	0	0	0	0.00011528	0	0	4.4502e-05	0.00011126	0.00011514
Moorella	0	0	0	0.0026642	0	0	0	0	0	0.00019724	0.00012787	0	0	0	0	0.00035097	0.00015575	0	0	0	0	0.00012323	0	0	0	0.00023729	0.00012774	0	0	0	9.8547e-05	0.00025907
Scrofimicrobium	0	0	0	0.0029804	0	0	0	0	0	0.00019286	7.2131e-05	0	0	0	0	0.0003312	7.7874e-05	0	0	0	0	0.00010953	0	0	0	0.00020268	4.9851e-05	0	0	0	9.2189e-05	0.00019738
Acidipropionibacterium	0	0	0	0	0	0	0	0	9.4368e-05	0.0016832	0	0	0	0	0.0001131	0.00072172	0	0	0	0	7.1302e-05	0.00026357	0	0	0.00010914	0.0005339	0	0	0	0.00018691	0	0.00052635
Roseibacterium	0	0	0	0	0	0	8.6138e-05	0	0.00018874	5.6982e-05	0.00028525	0.00017513	0.00021656	0	0.00024079	0.0001137	0.00021286	0.00034814	0.00016434	0	0.00044878	7.1882e-05	0.00022925	0	7.4056e-05	0.00015819	0.00026483	0.00020622	0	0.00024624	0.00034333	0.00013981
Snodgrassella	0	0.00011061	0.00021206	0	0	0	0	0.00085727	0.000136	0	5.5738e-05	0	0	0.00050863	0.00014229	0	4.932e-05	0	0.00056576	0.00053239	0	0	0	0.00037992	7.0158e-05	0	0	0	0.00050806	5.0436e-05	5.4042e-05	0
Anthocerotibacter	0	0	0	0.0027274	0	0	0	0	0	0.00017095	0.00016066	0	0	0	0	0.00023728	9.0853e-05	0	0	0	0	0.00013349	0	0	0	0.00024717	9.9702e-05	0	0	0	0.00010491	0.00025495
Salinibacterium	0	0	0	0.0016839	0.00023025	0	9.4752e-05	0	0	0.00051284	8.5246e-05	0	0	0	0	0.00040535	5.1916e-05	0	0.00049302	0	0	6.8459e-05	0	0	0	0.00015325	6.8545e-05	0	0	0	8.2653e-05	0.00027963
Caballeronia	0	0.00013826	0	0	0	0.00077853	0.00059866	0	0	0	0	0	9.7803e-05	0	0	0	3.6341e-05	0	0.0022199	0	0	7.8727e-05	0.00010903	0	0	0	5.9198e-05	7.1489e-05	0	0	0	0
Thermomonas	0	0	0	0	0	0	0.00053836	0.00011125	0	0.00039011	0	6.472e-05	7.6845e-05	0	0	0.0001137	0	0.00019698	0.0023627	0	0	9.5842e-05	0	0	0	0.00012359	0	0	0	0	0	9.0467e-05
Dialister	0	0	0	0.0027986	0	0	0	0	6.1062e-05	0.00021039	0.00011148	0	0	0	0	0.00025211	9.0853e-05	0	0	0	0	7.1882e-05	0	0	8.1851e-05	0.00014336	7.7892e-05	0	0	0	6.04e-05	0.00015215
Alkalicoccus	0	0	0	0.0008459	0.0001868	0	0	7.1984e-05	0.00029976	0.00025423	0.0001541	0	0	0	0.00025903	0.0002966	0.00020247	0	0	0	0.00018455	9.2419e-05	0	0	0.00038587	0.0001928	0.00010593	0	0	0.00026404	0.00013352	0.00018093
Anaerostipes	0	0	0	0.0017946	0	0	0	7.8528e-05	0.00013045	0.00031559	0.00013443	0	0	0	0.00014958	0.00029165	0.00015056	0.00015575	0	0	0	0.00017799	0	0	0	0.00024223	8.7239e-05	0	0	0	0.00011126	0.00028785
Alkalicella	0	0	0	0	0	0	0	0	6.6613e-05	0.00083719	0.00020656	0	0	0	0.00013134	0.00096888	0.00019988	0	0	0	0	0.00035256	0	0	0	0.00070692	6.2314e-05	0	0	4.4502e-05	4.1326e-05	0.00048523
Ottowia	0	0	0.00020323	0	0	0.00014044	7.3217e-05	0	0.00027755	0.00086788	0	0	0	0	0.00044875	0.00045972	0	0	0.00060348	0	0.00013841	0.00023276	6.9893e-05	0	0	0.00029661	0	0	0	7.1203e-05	0	0.0002015
Parafrankia	0	0	0	0	0	0	0	0	8.6042e-05	0.0014465	0	0	0	0	6.2022e-05	0.00087496	0	0	0	0	0	0.00026699	0	0	0.00010524	0.00065748	0	0	0	0	0	0.00057981
Paucibacter	0	0	0	0.0014467	0	0	0.00022396	0	0	0.00023231	6.2295e-05	0	0	0	0	0.00035592	0.00014277	0	0.00066544	0	0	0.00044156	0	0	0	0.00017302	7.1661e-05	0	0	0	5.0863e-05	0.00020561
Halorussus	0	0	0	0	0	5.1902e-05	0.0039236	0	0	7.8898e-05	0	0	0	0	0	0	0	0	0	0	0	0	0	0	0	0	0	0	0	0	0	0
Hankyongella	0	0	0	0.0028381	6.5164e-05	0	0	0	0.00012767	0.00019286	7.2131e-05	0	0	0	9.1209e-05	0.00018784	5.1916e-05	0	0	0	0	8.5573e-05	0	0	0	0.00012359	6.2314e-05	0	0	3.5602e-05	0	0.00011103
Pseudoduganella	4.8058e-05	0	0	0	0	0.00018013	0.00027133	0	6.3837e-05	0.00077583	0	0.00013325	6.2873e-05	0	0	0.00034603	0	0.00020156	0.0010857	0	0	0.00013007	0	0	0.00010914	0.0003411	0	0	0	0	0	0.00029196
Pengzhenrongella	0	0	0	0	0	0	0	0	0	0.0015034	0	0	0	0	0	0.00069206	4.932e-05	0	4.3105e-05	0	0	0.00034229	0	0	0	0.00073658	0	0	0	0	0	0.00066206
Roseburia	0	0	0	0.002174	0	0	0	0.00045808	0	0.00027614	0.00013443	0	0	0	0	0.00030648	8.3066e-05	0	0	0	0	0	0	0	0	0.00026695	6.8545e-05	0	0	0	7.6295e-05	0.0001686
Dechloromonas	0	0	0.00099846	0	0	0.00021371	0.00030148	0.0002225	0	0.00024546	0.00020984	0.0007538	0	0	0	0	4.1533e-05	0	0.00076512	0	0	0	0.0001342	0	0	9.887e-05	0	0	0	0	0	0
Marinimicrobium	0	0	0	0.0015021	0	0	0.00023688	0	0	0.00015341	8.1968e-05	4.5685e-05	6.6366e-05	0	0	0.00025211	0.00011681	5.9551e-05	0.00077859	0	0	0.00013692	3.914e-05	0	0	0.00015325	0.00014332	0	0	0	9.2189e-05	0.00012336
Tropicibacter	0	0	0	0	0	0	0.00024119	0	0.00014155	0	0.00016394	0	9.7803e-05	0	0.00014958	7.4149e-05	0.00015834	0.00021988	0.0012366	0	0.0002936	0	0.00016774	0	7.0158e-05	8.8983e-05	0.00020252	0.00017047	0	0.00018097	0.00017802	0.00014393
Epidermidibacterium	0	0	0	0.0001423	0	0	0	0	4.996e-05	0.0013982	0	0	0	0	6.5671e-05	0.00075138	0	0	0	0	4.1942e-05	0.00024303	0	0	4.2874e-05	0.00057839	0	0	0	0	0	0.00063738
Terrisporobacter	2.7823e-05	0	0	0	0	0	6.0297e-05	0.00051698	0.00016653	0.0004953	0.00015082	0	0	0	0.00018972	0.00056848	0.00022324	8.2455e-05	0	0.00016778	0	0.00014376	0	0.00017929	0.0001676	0.00029661	4.9851e-05	0	0.00015396	0	5.7221e-05	0.00024673
Romboutsia	0	0.00029496	0.00015905	0	0	0	4.3069e-05	0.00049734	0.00018596	0.00037257	0.00010492	0	0	0	0.00015688	0.00065251	0.00011681	0	0	9.6798e-05	0	0.00023276	0	0.0001366	0.00012083	0.00024717	0	0	0.00011085	7.7137e-05	0	0.00032075
Roseibium	0	0	0	0	0	0.00012823	0.00066326	0	0	0	0	0	0.00012575	0	0	0	0.00018171	0	0.0023034	0	0	0.00027041	0.00010065	0	0	0	8.1008e-05	0	0	4.7469e-05	0	0
Gemmobacter	0	0	0.00075105	0.00058501	5.2131e-05	0	0.00013351	0	0.00020539	6.5748e-05	0.00021312	0	0	0	0.00014958	0.00012358	0.00014277	0.00018781	0.00011046	0	0.0002181	0	0.00016215	0	5.8465e-05	0.00010876	0.00016825	0.00014023	0	0.00010087	0.00021299	0
Roseobacter	0	0	0	0	7.3853e-05	0	0.00019812	0	0.00022204	0	0.0003541	6.8527e-05	9.431e-05	0	9.8506e-05	0	0.00016613	0.0002153	0.0004095	0	0.00044459	0	0.00022645	0	4.2874e-05	0	0.00030845	0.00027221	0	0.00020768	0.00048638	0
Auraticoccus	0	0	0	0	0	0	0	0	0.0001138	0.0014333	0	0	0	0	0.00011675	0.00055859	4.4129e-05	0	0	0	6.2914e-05	0.00019853	0	0	0.00023776	0.00043503	0	0	0	4.1535e-05	0	0.00064561
Rhodopirellula	0	0	0	0.0021424	0	0	0	0	0	0.00021478	0.00014426	0	0	0	0	0.0004004	0.00010383	0	0	0	0	0.00011638	0	0	0	0.00025212	0.00014332	0	0	0	8.2653e-05	0.00028374
Legionella	6.3235e-05	0	8.8359e-05	0.00052967	4.3443e-05	0.00011296	0.00012059	0.00041227	0.000272	0.00010958	0.00031476	0	0	5.0863e-05	6.9319e-05	0.00010381	0.00020507	0.00020156	0.00070854	0	4.6137e-05	0	0	7.2568e-05	0.00012083	0.00011864	3.1157e-05	0	0	3.8568e-05	3.8147e-05	0
Franconibacter	0	0.00017513	0	0	5.2131e-05	0.00030225	0	0	0	4.8215e-05	0.0012066	4.5685e-05	0	0	0	0	0.00079172	6.4131e-05	0	0	0.00024746	3.4229e-05	0	0	0	0	0.00047358	0	0	0.00013054	0.00028293	0
Salipaludibacillus	2.7823e-05	0	0	0	0.00012164	0	0	0	0.0007827	0.000469	0.00010164	6.0913e-05	6.6366e-05	0	0.00062022	0.00018784	0.00014277	7.3293e-05	0	0	0.00015519	6.1613e-05	7.8281e-05	0	0.00024555	0.00015325	5.6082e-05	4.1243e-05	0	0.00016911	7.9474e-05	0.00013159
Intrasporangium	0	0	0	0	0	0	0	0	0	0.0015166	0	0	0	0	4.7429e-05	0.00082553	5.1916e-05	0	0	0	0	0.00020538	0	0	0	0.00055861	0	0	0	0	0	0.00060037
Stackebrandtia	0	0	0	0	0	0	0	0	3.8857e-05	0.0013281	0	0	0	0	4.0132e-05	0.00073655	3.3746e-05	0	0	0	0	0.00025672	0	0	9.7442e-05	0.00070198	4.6735e-05	0	0	0	0	0.00050168
Desulfosarcina	0	0	0	0.0024507	0	0	0	0	0	0.00014465	8.5246e-05	3.8071e-05	0	0	0	0.00024716	9.6045e-05	5.497e-05	0	0	0	9.5842e-05	0	0	0	0.00025212	6.2314e-05	0	0	0	8.2653e-05	0.00015215
Coprobacter	0	0	0.0009101	0	0	0	0	0	0.00031919	0.00071885	0.00014754	0	0	0	0.00024444	0.00023728	0.00010124	0	0	0	5.8719e-05	0.00012665	0	0	6.2363e-05	0.0002274	0	0	0	0.00028481	0	0.00025084
Francisella	0	0	0.00073338	0	0	0	0	0.00027485	0.00033862	0.00019286	0.00012787	0	0	0.0001752	0.0002335	8.4035e-05	0.00010902	0	0	9.0345e-05	0	0.00043814	0	0.00013233	9.7442e-05	0.00013347	8.7239e-05	0	0.00010469	4.1535e-05	9.8547e-05	0.00019327
Desulfosporosinus	0	0.00011061	0	0.0015574	7.3853e-05	0	0	0.00035338	5.5511e-05	0.00017971	0.00037049	0	0	0	3.6484e-05	0.00033614	0.00028035	0	0	0	0	0	0	6.4031e-05	0	0	0.00012774	0	0	0	0.00013669	0
Halolamina	0	0	0	0	0	0	0.0018089	0.00039918	0.0001249	0.0001315	0	0	0.00014321	7.3469e-05	0.00013134	0	0	0	0.00014548	0.00012906	0	5.1344e-05	0.00012022	9.3912e-05	8.9647e-05	5.9322e-05	0	7.4238e-05	0	0	0	9.4579e-05
Sedimentibacter	0	9.2174e-05	0	0	0	0	0	0.0005497	0.00010269	0.00051284	7.541e-05	0	0	3.956e-05	9.8506e-05	0.00057342	7.7874e-05	0	0	0.00011938	0	0.00037995	0	8.1106e-05	8.5749e-05	0.00041031	8.4124e-05	0	5.8504e-05	0	0	0.00032486
Ancylobacter	0	0	0	0	0	0	0.00049529	0	0	0.00017971	0	0	0	0	0	0.0001137	0	0	0.0027264	0	0	0	0	0	0	0	6.8545e-05	0	0	0	0	6.9906e-05
Halosegnis	0	0	0	0	0	0	0.0030622	0.00017014	5.5511e-05	9.2048e-05	0	0	0	0	4.0132e-05	7.4149e-05	0	0	0	0	0	0	0	0	7.7954e-05	0	0	0	0	0	0	6.1682e-05
Pimelobacter	0	0	0.00083941	0	0.00025197	0	7.3217e-05	0	9.4368e-05	0.00064872	0	0	0	0	9.4858e-05	0.00037074	7.0087e-05	0	0.00017512	0	0	0.00014034	0	0	0.0001754	0.00034604	0	0	0	0	0	0.00034542
Prochlorococcus	0	0.00037791	0	0	0	0	0	0.00040573	0.00024702	0.00024108	4.2623e-05	0.00014467	0	5.0863e-05	0.00018607	0.00024716	0	0.00043976	0	9.3571e-05	8.8079e-05	3.7652e-05	0	8.1106e-05	0.00047552	8.4039e-05	0	0	6.7741e-05	0.0001068	0	0.00018093
Ectobacillus	0	0.00065444	0	0	0.00013902	0	0	0.00039918	0.00021649	0.00017971	0.00017377	4.5685e-05	0	0	0.0002262	0.00022739	0.00017392	0	0	0.00011938	6.2914e-05	0	0	0.0001366	0.00014421	0.00013347	0.0001184	0	6.1583e-05	6.527e-05	9.8547e-05	0.00017682
Peterkaempfera	0	0	0	0	0	0	0	0	0.00018319	0.00091609	0	0	0	0	0.00012404	0.00077115	8.5662e-05	0	0	0	0	0.0003286	0	0	0.00028063	0.00037076	0	0	0	0	0	0.00046878
Pandoraea	0	0	0	0	0	0.0010014	0.00041346	0	0	0.00011835	0	0	0	0	0	0.00018784	7.7874e-05	0.00010078	0.0012474	0	0	0.0002841	0	0	0	0	0	0	0	0	0	8.6355e-05
Gallionella	0	0	0	0.0023638	0	0	0	0	0	0.0001578	9.5082e-05	0	0	0	0	0.00022245	9.3449e-05	0	0	0	0	9.2419e-05	0	0	0	0.00015325	6.8545e-05	0	0	0	6.9937e-05	0.00019738
Thalassospira	0	0	0	0	0	0	0.00067188	0	0	0	0	7.9949e-05	0	0	0	0.00013347	6.23e-05	0	0.0023897	0	0	0.00016088	0	0	0	0	0	0	0	0	0	0
Marinovum	0	0	0	0	0	0	0.00014213	0	0.00014988	0	0.00025246	0.00012563	0.00010479	0	0.00011675	0	0.00017392	0.00027027	0.00026402	0	0.0002936	0.00010953	0.00016495	0	6.2363e-05	9.887e-05	0.00022121	0.00022271	0	0.00025811	0.00028611	0.00014804
Simiduia	0	0	0	0	0	0	0.00050821	0	0	0	0	4.5685e-05	0.00010479	0	0	0.00011864	0.00013239	0.00010078	0.0020718	0	0	0.00031491	6.4302e-05	0	0	0	0	0	0	0	0	0
Natronosporangium	0	0	0	0	0	0	0	0	0	0.0012624	0	0	0	0	4.3781e-05	0.00075138	4.932e-05	0	0	0	0	0.00023618	0	0	6.6261e-05	0.00053884	0	0	0	0	0	0.00050991
Hoyosella	0	0	0	0	0	0	0	0	0	0.0012536	0	0	0	0	0	0.00080081	3.115e-05	0	0	0	0	0.00022591	0	0	0	0.00054873	3.7388e-05	0	0	0	0	0.00052635
Shimwellia	0	0	0	0	4.3443e-05	0	0.0003144	0	0	0	0.00094427	5.3299e-05	7.6845e-05	0	0	0	0.00025958	7.3293e-05	0.0013632	0	0	0	0	0	0	0	0.00019006	0	0	0	9.8547e-05	0
Thioclava	0	0	0	0	0	0	0.00023688	0	0.00015543	0	0.0002	0	0	0	8.7561e-05	0.00014335	0.00016354	0.00032982	0.00047685	0	0.00034812	0.00012323	0.00010624	0	0	0.00010876	0.00029287	0.00012923	0	0.00019284	0.00020981	0.00011103
Sanguibacter	0	0.00035026	0	0	0	6.4114e-05	0	0	0.00011657	0.00095992	0	0	0	0	9.1209e-05	0.00050916	0	0	0	0	0	0.00017115	0	0	0.00020268	0.00055861	0	0	0	0	0	0.00036187
Aliivibrio	0	0	0	0	0	0	0.001361	0	4.7184e-05	8.3281e-05	0	0	0.00018513	0	0	0	4.1533e-05	0	0.00014548	0	0.00034393	0	0.00036065	0	8.5749e-05	0	0	0.00049492	0	0.00022548	0	0
Fructobacillus	0	0	0	0	0	0	0	0	0	0	0.0021935	0	0	0	5.8374e-05	0	0.0010435	0	0	0	0	0	0	0	0	0	7.7892e-05	0	0	0	0	0
Salinisphaera	0	0	0	0	0	0	0.00045222	0	0	0	0	0	0.00013972	0	0	0.00016313	0.00014017	0.0001191	0.001832	0	6.2914e-05	0.00027383	3.6345e-05	0	0	0	6.5429e-05	4.3993e-05	0	2.9668e-05	0	0
Faecalibacterium	0	0.00106	0	0.0010277	6.5164e-05	0.0002015	0	9.1616e-05	0	0.0001315	6.5574e-05	0	0	0	0	0.00016313	9.6045e-05	0	0	0	0	6.5036e-05	0	0	0	0.00015819	0	0	0	0	4.1326e-05	0.00018916
Anaerohalosphaera	0	0	0	0.0022136	0	0	0	0	0	0.00023231	5.5738e-05	0	0	0	0	0.00030154	8.047e-05	0	0	0	0	8.8996e-05	0	0	0	0.0001928	4.9851e-05	0	0	0	0	0.0001357
Embleya	0	0	0	0.000419	0	0	0	0	8.049e-05	0.00092048	0	0	0	0	5.8374e-05	0.00057342	7.5279e-05	0	0	0	0	0.00018826	0	0	0.00015591	0.00052401	0	0	0	0	0	0.00034131
Halomicrobium	0	0	0	0	0	0	0.0022353	0	8.6042e-05	0.00031121	0	0	0	0	0	0.0002175	0	0	0	0	0	9.5842e-05	0	0	0.00013252	0.00012853	0	0	0	0	0	0.00011925
Brenneria	0	0	0	0	0.00010861	0.00044575	0	0	0	0	0.00091148	0.00010279	0	0	0	0	0.00072423	0.00022446	0	0	0	0	0	0	0	0	0.00052655	0	0	0	0.00027657	0
Acidothermus	0	0	0	0.00012649	0	0	0	0	0.00016376	0.0011265	0	0	0	0	0.00012769	0.00060802	0	0	0	0	0	0.00018826	0	0	7.4056e-05	0.00038065	0	0	0	4.1535e-05	0	0.0004729
Pseudorhizobium	0	0	0	0	0	0	0.00062881	0	0	0	0	0	8.7324e-05	0	0	0	6.7491e-05	0	0.0020529	0	7.5496e-05	8.5573e-05	0	0	0.00014421	0	7.4777e-05	0	0	6.8236e-05	0	0
Kineobactrum	0	0	0	0.0010435	0	0	0.00017658	0	0	5.6982e-05	4.9181e-05	0	0	0	0	0.00023233	0.000122	6.4131e-05	0.00086211	0	0	0.00030806	5.0323e-05	0	0	7.4152e-05	6.5429e-05	0	0	0	6.6758e-05	0.00011103
Actomonas	0	0	0	0	0	0	0.00045653	0	0	4.8215e-05	0	0	9.7803e-05	0	0	0.00014335	0.00023881	0	0.0020583	0	0	0.00010269	2.7957e-05	0	0	0	5.9198e-05	3.5744e-05	0	0	0	0
Gimesia	0	0	0.0004418	0.0012412	0.00012598	0	0	0	0	0.00015341	0.00011475	0	0	0	0	0.00016807	0.00023881	6.8712e-05	0	0	0	0.00013007	0	0	0	0.00012359	7.1661e-05	0	0	0	0.00019709	0.00019327
Aureimonas	0	0	0	0	0	0.00044269	0.00012921	0.0001636	0	0.00034627	0	0	0	0	0	0.00053387	0.00010902	0.00013742	0.00042836	0	5.4525e-05	0.00030464	0	7.2568e-05	0	0.0001928	0	0	0	0	0	0.0003372
Jeotgalicoccus	0	0	0	0	0	0	0.00024119	0	0.00016931	0.00031997	0	0.00018655	0	0	9.4858e-05	0.00019279	0	0.00014201	0	0	0.00026843	8.8996e-05	4.1936e-05	0	0.00076395	0.00012359	4.6735e-05	0	0	0.00039755	0	0.00015626
Acetobacter	0	0	0	0.0012965	0.0001868	0.00059229	6.891e-05	0	0	7.4515e-05	9.5082e-05	0	0	0	0	0.00017301	9.0853e-05	0	0.00046338	0	0	0	0	0	0	8.8983e-05	0	0	0	0	4.1326e-05	6.1682e-05
Halobacteroides	0	0	0	0	0	0	0	0	0.00026368	0.00061803	0.00012459	0	0	0	0.00026633	0.00049927	0.00015315	0	0	0	6.7108e-05	0.00016772	0	0	0.00010134	0.00035099	0.00018071	0	0	4.4502e-05	4.1326e-05	0.00034953
Paeniglutamicibacter	0	0	0	0	0	0	0	0	4.1633e-05	0.0011265	0	0	0	0	0	0.00068711	0	0	0.00026941	0	0	0.00014719	0	0	0	0.00048446	0	0	0	0	0	0.00046056
Martelella	0	0	0	0.0018025	0	0	0.00021104	0	0	0	0.00019016	0	0	0	0	9.8865e-05	4.6725e-05	0	0.00049302	0	0	0	0	0	0	0.0001137	7.4777e-05	0	0	0	8.5832e-05	9.8691e-05
Acidocella	0	0	0	0	0	7.3273e-05	0.00059866	0	0	0	0	0	7.6845e-05	0	0	0.00019773	0.00014277	0	0.0016272	0	0	0.00030122	7.5485e-05	0	0	0	5.2967e-05	6.5989e-05	0	0	0	0
Rheinheimera	0	0	0	0.0001423	0	0.00028699	0.00040054	0	0	7.8898e-05	3.9344e-05	0	9.0817e-05	0	0	0	0	8.7035e-05	0.0018239	0	0	5.819e-05	0	0	0	5.4378e-05	6.2314e-05	0	0	4.4502e-05	0	4.1121e-05
Ketogulonicigenium	0	0	0	0	0	0	0.00039193	0	0	5.6982e-05	0.00011803	0	8.0338e-05	0	4.0132e-05	8.4035e-05	7.7874e-05	0	0.0019317	0	7.1302e-05	0.00014719	5.871e-05	0	0	0	7.7892e-05	5.7741e-05	0	0	0	0
Ferrimonas	0	0	0	0	0	0	0.00042638	0	0	9.2048e-05	0	0	6.6366e-05	0	0	9.8865e-05	3.6341e-05	5.9551e-05	0.0023331	0	0	0	2.7957e-05	0	0	0	0	0	0	0	0	4.1121e-05
Leptotrichia	0	0.00013826	0.00038878	0	0	0	0	0.00037301	0.00030253	0.00046462	0	0	0	0	0.00021525	0.00024222	0	0.0001191	0	6.4532e-05	0	0.00018142	0	0	0.00034689	0	0.00010282	0	7.0821e-05	0	0	0.00016449
Campylobacter	0	0	8.8359e-05	0	4.7787e-05	0	9.0445e-05	0.00049734	0.00038302	0.00014465	0.00013443	6.472e-05	8.0338e-05	0	0.00021161	0	0.00021545	0.00025194	2.6941e-05	0	0	0	0.00013979	0	0.00014421	0	0.0001994	0.00013473	4.3108e-05	6.2303e-05	0.00019392	0
Isoalcanivorax	0	0	0	0.0013598	0	8.2432e-05	0.00026272	0	0	8.7664e-05	5.5738e-05	0	5.2394e-05	0	0	0.00017796	0.00021805	0	0.0002748	0	0	0.00020195	3.3549e-05	0	0	9.887e-05	6.5429e-05	3.2995e-05	0	0	3.4968e-05	0.00011514
Ponticoccus	0	0	0	0	0	0	0	0	0.00014155	6.5748e-05	0.00030164	0	0.00018163	0	0.00013864	0	0.00016354	0.00028859	0.00016434	0	0.00041942	6.5036e-05	0.00012022	0	6.6261e-05	0.00010381	0.00024302	0.00015123	0	0.00015131	0.00021617	0.0001686
Terrabacter	0	0	0	0	0	0	0	0	6.3837e-05	0.0010958	0	0	0	0	5.8374e-05	0.00048938	0	0	0	0	4.6137e-05	0.00021564	0	0	0.00015201	0.00046469	0	0	0	6.8236e-05	0	0.00048935
Aquimarina	0	9.2174e-05	0.00011487	0.0021661	0	0	0	0	0	7.0131e-05	5.5738e-05	0	0	0	0	0.0002175	6.23e-05	0	0	0	0	5.4767e-05	0	0	0	0.00011864	3.4273e-05	0	0	0	4.4505e-05	9.4579e-05
Asticcacaulis	0	0	0	0	0	0.00015265	0.00050821	0	0	0	0	0	0.00013623	0	0	0	0	0	0.0022226	0	0	0	0.00010344	0	0	0	0	0	0	0	0	0
Hydrogenophaga	0	0	0	0	0.00031279	4.5796e-05	0.00025411	0	0	0.0006794	0	0	0	0	0	0.0004795	0.00010902	0	0.00012932	0.00010648	0	0.00027383	0	0	5.067e-05	0.00027189	6.8545e-05	0	0	0	0	0.0003372
[Ruminococcus]	0	0	0.00068037	0	0	0	0	0.0002225	0.00031919	0.00030244	0.00016721	0	0	0	0.000332	0.00026694	7.5279e-05	0	0	0	7.5496e-05	7.1882e-05	0	0	0.00031961	0	0	0	0	0.00013647	0	0.00014393
Chitiniphilus	0	0	0	0	0	0	0.00039623	0	0	0	0	0	6.6366e-05	0	0	0	0	0	0.0025028	0	0	0	8.1076e-05	0	0	0	0	6.5989e-05	0	0	0	0
Alloyangia	0	0	0	0	0	0	0.00015074	0	6.3837e-05	0.00040326	0.00011475	0	0	0	7.2968e-05	0.00026199	0.00018949	0.0001191	6.7352e-05	0	0.00026843	0.00012323	0.00015656	0	8.1851e-05	0.0002274	0.00016202	9.3485e-05	0	0.00010384	0.00016848	0.0002714
Halomarina	0	0	0	0	0	0	0.0022094	0	8.8817e-05	0.00021478	0	0	0	0	0.0001058	0.00012852	0	0	0	0	0	4.1075e-05	0	0	0.00017929	5.9322e-05	0	0	0	0	0	6.1682e-05
Gemella	0	0	0.00037994	0	0	0	0	0	0.00041355	0.00043394	0.00014426	0	0	0	0.00024444	0.00041523	0.00010643	4.5808e-05	0	0	0	0.0001198	0	0	0.00019488	0.0002274	0	3.0245e-05	0	4.4502e-05	4.1326e-05	0.00024673
Nitrincola	0	0	0	0.001929	0	4.8849e-05	5.1683e-05	0	0	6.5748e-05	5.5738e-05	0	0	0	0	0.00024716	7.5279e-05	0	0	0	0	9.9265e-05	0	0	0	0.00019774	6.2314e-05	0	0	0	7.3116e-05	0.00014393
Schleiferilactobacillus	0	0	0.00019439	0	0	0	0	0	0.00053568	0	3.9344e-05	0	0	0	0.00061658	0	0	0	0	0	0.00046556	0	0	0	0.00042874	0	0.00016825	3.2995e-05	0	0.00048062	6.9937e-05	0
Duganella	6.0705e-05	0	0	0.00032413	0	0.00043353	0.00035317	0	0	8.3281e-05	0.00024262	7.6142e-05	5.5887e-05	0	0	5.9319e-05	0.000122	0.00011452	0.00096448	0	0	4.7921e-05	4.1936e-05	0	0	0	4.0504e-05	0	0	0	0	0
Gibbsiella	0	0.0001567	0	0	5.2131e-05	0.00014044	0.00029287	0	0	0	0.00032459	0.0001066	7.3352e-05	0	0	0	0.0003089	0.00016491	0.0011854	0	0	0	0	0	0	0	0.00014021	0	0	0	6.6758e-05	0
Limimaricola	0	0	0	0	0.0003432	0	7.3217e-05	0	0.000136	8.7664e-05	0.00012459	6.8527e-05	6.6366e-05	0	0.00011675	0.00012852	0.00013239	0.00017407	5.927e-05	9.3571e-05	0.00024746	6.8459e-05	9.5055e-05	0	0.00022217	0.00012359	0.00014332	9.6235e-05	0	0.00014537	0.00012716	0.00013981
Methylomarinum	0	0	0	0.0026326	0	0	4.7376e-05	0	0	7.4515e-05	0	0	0	0	0	5.9319e-05	6.4895e-05	0	0	0	0	3.4229e-05	0	0	0	5.4378e-05	0	0	0	0	0	4.5234e-05
Pseudofrankia	0	0	0	0	0	0	0	0	0	0.001087	0	0	0	0	6.9319e-05	0.00070194	0	0	0	0	0	0.0002978	0	0	0	0.00043503	0	0	0	0	0	0.00041944
Frondihabitans	0	0	0	0	0	0	6.0297e-05	0	0	0.0010169	0	0	0	0	0	0.00067723	0	0	0	0	0	0.00033887	0	0	0	0.00045974	0	0	0	0	0	0.00042355
Ewingella	0	0.00010139	0	0	0	0.00024424	0	0	0	0	0.00027213	0.00072715	0	0	0	0	0.00020247	0.0011452	0	0	0	0	0	4.6956e-05	0	0	0.00011216	0	4.0029e-05	0	7.6295e-05	0
Microterricola	0	0.00056226	0	0	0	8.2432e-05	7.3217e-05	0	0	0.00095992	0	0	0	0	0	0.0004004	5.1916e-05	0	0	0	0	0.00017115	0	0	0	0.00030155	0	0	0	0	0	0.00034953
Brevirhabdus	0	0	0	0	0	0	0.00012059	0	9.7144e-05	0	0.0002459	0	0	0	0.00014229	0.00011864	0.0001246	0.00022446	0.00016973	0	0.00033135	0	0.00019291	0	0.00011303	0.00015325	0.00023991	0.00018422	0	0.00015724	0.00032107	0
Helicobacter	0	0.0001567	0.00017672	0	0	0	0	8.5072e-05	0.000272	7.4515e-05	0	0.00033883	0	3.1083e-05	0.00020796	0.00015818	0.0001246	0.00030691	0	5.1626e-05	8.3885e-05	4.7921e-05	0.00013699	4.2687e-05	0.00037807	0	0	6.049e-05	3.3871e-05	0.0001068	0	5.3458e-05
Synechocystis	0	0.00033183	0	0.0012333	0	0	0	0	0	0.00010081	7.2131e-05	0	0	3.1083e-05	0	0.00032626	0.00011941	0	0	0	0	0.00015061	0	0	0	0.00023729	6.8545e-05	0	0	0	7.6295e-05	0.00015626
Qipengyuania	0	0	0	0	0	0	0.00034024	0	0	0.00025423	0	7.9949e-05	9.7803e-05	0	0	0.00023728	0.00011162	0	0.0014171	0	0	0.00028068	0	0	0	0	0	0	0	0	0	8.2243e-05
Pedobacter	0	0	0.0003446	0	0	0	0.00011198	0.00023558	5.2735e-05	5.2599e-05	0	0	0	0.0001865	7.6616e-05	0	2.8554e-05	6.4131e-05	0.00040681	0.00031298	0	4.4498e-05	0	0.0004226	0	7.4152e-05	3.1157e-05	2.7496e-05	0.00036642	0	0	5.3458e-05
Nostoc	0	0	0.00022973	0.0010514	0	0	0.00017658	0	0.00016931	0.00020601	0	0	0	0	0.00022255	0	0	0.0001191	0.00050379	0	0	0	0	0	0.00015201	0	0	0	0	6.2303e-05	0	0
Geothrix	0	0	0	0	0	0	0.0004393	0	0	0	0	0	0.00010479	0	0	0	0	0	0.0022765	0	0	0	0	0	0	0	4.362e-05	2.7496e-05	0	0	0	0
Veillonella	0	0	0	0	0	0	0	0	0.00013323	0.00014903	0	4.1878e-05	0	0	0	0	0	0.00012368	0	0	0	0	0	0	0	0	0.00070415	0.00075063	0.00015704	0.00034415	0.00027021	0.00019327
Pseudohongiella	0	0.00014748	0	0	0	0	0.00036609	0	0	0	0	0	5.938e-05	0	0	0	0	0	0.002228	0	0	0	5.3119e-05	0	0	0	0	0	0	0	0	0
Octadecabacter	0	0	0	0	0	8.8538e-05	0	0	0.0001249	0	0.00023935	0	6.2873e-05	0	0.00011675	7.4149e-05	0.00019988	0.00033898	8.6211e-05	8.0665e-05	0.00032715	0	0.00017334	0	0	0	0.00023679	0.00015123	0	0.00021361	0.00032425	0
Butyrivibrio	0	0.000212	0	0	0	0	0	0.00050389	0	0.00028491	0	0.00025507	0	6.7818e-05	0	0.00023233	0	0.00060009	0	9.0345e-05	0	6.5036e-05	0	0.00012379	0	0.00018785	0	0	7.6979e-05	0	0	0.0001357
Desulfatibacillum	0	0	0	0	0	0	0.00051252	0	0	0	0	0	8.7324e-05	0	0	0	0	0	0.0020879	0	0	0	5.0323e-05	0	0	0	0	7.1489e-05	0	0	0	0
Clavibacter	0	0	0	0	0	5.8008e-05	0	0	0.00014155	0.00079775	0	0	0	0	0.0001204	0.00048938	0	0	0	0	0	0.00018484	0	0	0.00032741	0.00032133	0	0	0	0	0	0.00036187
Palleronia	0	0	0	0	0	0	7.7524e-05	0	0.00011102	0.00021916	0.00012787	9.8984e-05	9.0817e-05	0	0.00013134	0.00024222	0.00013498	0.0001191	0.00016703	0	0.00020132	5.4767e-05	0.00012581	0	0	0.00018785	0.00018694	0.00011273	0	0.00011571	0.00014941	0.00013981
Desulfomicrobium	0	0	0	0.0015653	0	0	0	0	0	0.0001315	0.00012787	0	0	0	0	0.00028671	0.00015056	0	0	0	0	5.1344e-05	0	0	0	0.00010876	9.3471e-05	0	0	0	0.00011762	0.00015626
Oceanicola	0	0	0	0	0	0	0	0	7.2164e-05	0.00071446	8.1968e-05	0	4.5408e-05	0	6.5671e-05	0.00035097	8.5662e-05	0.00010536	5.3882e-05	0	0.00011744	0.00011638	4.1936e-05	0	0	0.00031144	0.00011216	7.6988e-05	0	3.8568e-05	8.2653e-05	0.00029607
Diaphorobacter	0	0	0	0	0	0.0011968	0.00052544	0	0	0	0	0	0	0	0	0.00010875	9.6045e-05	0	0.00046608	0	0	0.00027726	0	0	9.3544e-05	0	0	0	0	0	0	0
Humibacter	0	0	0	0	0	0	0	0	0	0.0010651	0	0	0	0	0	0.00054376	0	0	0	0	7.9691e-05	0.00027726	0	0	0	0.00043503	0	0	0	0	0	0.00034953
Taylorella	0	0.00049774	0	0	0	0	0	0.00053661	0	0	0	0	0	0.00056232	0	0	0	0	0	0.00033557	0	0	0	0.00035857	0	4.9435e-05	3.4273e-05	0	0.00037566	0	0	0
Haloferax	0	0	0	0	0	0	0.0027392	0	0	0	0	0	0	0	0	0	0	0	0	0	0	0	0	0	0	0	0	0	0	0	0	0
Pluralibacter	0	0.00010139	0	0	4.3443e-05	0	0	0	0	0	0.00092459	0.00010279	0	0	0	0	0.00059444	8.2455e-05	6.7352e-05	0	0	0	0	0	0	0	0.00044866	0	0	0	0.00036558	0
Endozoicomonas	0	0	0.00037994	0	0	4.5796e-05	0.0001852	0	0	0.00035504	5.9017e-05	0	0	0	0	0.00012852	8.5662e-05	0	0.00111	0	0	6.1613e-05	0	0	0	0.00012359	4.6735e-05	0	0	0	0	0.00014393
Haladaptatus	0	0.000636	0	0	0	0	0.0019553	0.00012434	0	0	0	0	0	0	0	0	0	0	0	0	0	0	0	0	0	0	0	0	0	0	0	0
Flintibacter	0	0	0	0	0	0	0.00053405	0	0	0	0	0	8.3831e-05	0	0	0	0	0	0.0020206	0	0	0	6.9893e-05	0	0	0	0	0	0	0	0	0
Haemophilus	0	0.00024887	0.00047714	0	0	3.6637e-05	0	0.00027485	0.0002831	0.00019286	0	6.0913e-05	0	0	0.00014594	0	6.4895e-05	0	0	0	0	0.00018484	0	0	0	0	0.00012463	0.00013748	7.39e-05	0.00011867	6.9937e-05	0.00019738
Dyella	0	0	0	0	0	0.00060756	0.00027133	0	0	0.00016218	0	0	3.8423e-05	0	0	0.00024222	0.00036082	0	0.00042028	0	5.0331e-05	0.00040733	0	0	0	4.9435e-05	0	0	0	0	0	4.5234e-05
Naasia	0	0	0	0	0	0	0	0	3.0531e-05	0.00097746	0	0	0	0	0	0.00062285	4.4129e-05	0	0	0	0	0.00015061	0	0	0	0.00040537	0	0	0	0	0	0.00041944
Leptospira	0	0.00033183	0	0	5.2131e-05	0	0	0.00068712	9.9919e-05	0	7.2131e-05	0	0	0.00017802	7.6616e-05	0	9.3449e-05	0.00022446	0	0.00021941	0	0	0	0.00017075	5.4568e-05	0	3.4273e-05	0	0.00023094	6.527e-05	5.4042e-05	0
Elizabethkingia	0.0011559	0	0	0	0	0	0	0	0.0002387	0.00016218	0	0	0	0	0.00030282	0.00016807	0	0.00020614	0	0	0	0	0	0	9.7442e-05	8.4039e-05	0	0	0	6.2303e-05	0	0.00014804
Xanthobacter	0	0	0	0	0	0	0	0	8.3266e-05	0.00078898	0	9.5177e-05	0	0	8.3913e-05	0.00045972	6.23e-05	0	0	0	0	0.00021907	0	0	0.00012862	0.00036582	0	0	0	0	0	0.00033308
Mangrovibacillus	3.7941e-05	9.2174e-05	0	0.00016602	0.00016508	0	4.3069e-05	0.00013742	0.00010825	0.00029368	0.00017377	6.0913e-05	0	0	0.00010945	0.00029165	0.00017911	0	0	0	4.6137e-05	0.00010953	0	0	6.2363e-05	0.0001137	0.00010282	0	0	4.1535e-05	0.0001208	0.00016449
Tepidibacillus	2.5294e-05	0	0	0	0.00017812	0	0	0	8.6042e-05	0.00021039	0.00027541	0.00011802	3.8423e-05	0	8.7561e-05	0.00024716	0.0003089	7.3293e-05	0	0	0	5.1344e-05	5.0323e-05	0	0.00012473	0.0001137	0.00017136	0	0	3.2635e-05	0.00020345	0.00019738
Hydrogenobacter	0	0	0	0.0018499	0	0	0	0	0	7.8898e-05	6.2295e-05	0	0	0	0	0.00017796	5.1916e-05	0	0	0	0	3.4229e-05	0	0	0	0.00012359	4.9851e-05	0	0	0	5.0863e-05	0.00010692
Desemzia	0	0	0	0	0	0.00034194	0	0	0.00016931	0.00020163	6.2295e-05	0.00062817	0	3.6735e-05	0.00012769	0.00010875	5.4512e-05	0.0001191	0	4.5172e-05	6.2914e-05	5.4767e-05	3.6345e-05	0	0.0001598	7.9096e-05	8.4124e-05	3.2995e-05	0	8.0104e-05	0	8.6355e-05
Actinopolymorpha	0	0	0	0	0	7.022e-05	0	0	0.00016376	0.00072761	0	0	0	0	0.0002262	0.00035592	0	0	0	0	0	0.00015403	0	0	0.00031571	0.00025706	0	0	0	0	0	0.00029607
Turicibacter	0	0	0	0	0	0	0	0	0.00019984	0.00047339	0	0	0	0	0.00015323	0.00056848	0	0	0	0	0	0	0	0	0.00079123	0	0	0	0	0.00037975	0	0
Oceanirhabdus	0	0.00018435	0.0001237	0	0	0	0	0.00063477	8.049e-05	0.00022354	4.5902e-05	0	0	5.6515e-05	3.6484e-05	0.00024716	7.2683e-05	4.5808e-05	0	0.00014197	0	8.5573e-05	0	0.0001366	4.6772e-05	0.00015325	0	0	0.00012317	0	0	0.00011103
Neorhizobium	0	0.00010139	0	0	0	0	4.7376e-05	0	0	0.0007846	7.8689e-05	0	0	0	0	0.00050421	3.6341e-05	0	0.00011854	0	0	9.9265e-05	0	0	0	0.000262	5.2967e-05	0	0	0	0.0001208	0.0003372
Alteromonas	0	0	0	0	0	0.00078463	7.7524e-05	0	0.000136	0.00031997	0	0	0	0	9.4858e-05	0.00017796	0	0	0.00060886	0	0	0	0	0	9.3544e-05	0.00011864	0	0	0	0	0	0.00012336
Halarcobacter	0	0	0.00037994	0	0	0	0	0	0.00036359	0.00012273	0	0	0	0	0.00028457	0.00023233	0	5.9551e-05	0	0	0.00013422	0	0	0	0.00085749	0	0	0	0	9.7904e-05	0	0
Luteipulveratus	0	0	0	0	0	0	0	0	0	0.0011309	4.2623e-05	0	0	0	0	0.00044984	4.932e-05	0	0	0	0	0.00013007	0	0	0	0.00038065	0	0	0	0	0	0.00034542
Wolbachia	0	0.00023044	0.00015021	0	0	0	9.0445e-05	0.0003272	0.00012767	0	9.5082e-05	0	0	9.8901e-05	0.00015323	0	0.00011681	0.00018781	0	0.00021296	8.8079e-05	0	6.7098e-05	0.00018782	0	0	0	4.1243e-05	0.00016935	8.0104e-05	9.8547e-05	0
Schaalia	0	0.00069131	0	0	0	0	0	0	0.00013323	0.00036381	0	0	0	0	0.00014594	0.00017301	0	0	5.6576e-05	0	0	6.1613e-05	0	0	0.00023776	0.00014336	0.00015578	0.00011548	0	4.7469e-05	0	0.00019738
Chryseomicrobium	0	0	0	0.00011068	0	0	0	0.00021595	0.00014988	0.00048654	5.9017e-05	0	0	0	0.00011675	0.00045972	4.1533e-05	0	0	0	0	0.0001198	0	0	7.7954e-05	0.00024223	0	0	0	0	4.7684e-05	0.00036187
Polymorphospora	0	0	0	0	0	0	0	0	0	0.0010432	0	0	0	0	0	0.00042512	0	0	0	0	0	0.00014376	0	0	0	0.00041031	0	0	0	0	0	0.00044411
Ehrlichia	0	0	0.00010603	0.00065616	0	0	0	0	0.00017208	9.6431e-05	6.5574e-05	0	0	0	6.5671e-05	0.00019773	7.0087e-05	0	0	0	0	9.9265e-05	0	0	0.00047941	7.9096e-05	4.6735e-05	0	0	5.3402e-05	5.4042e-05	0.00020561
Magnetospirillum	0	0	0	0	0	0	0.00025411	0	0	0.00014903	0	0	5.5887e-05	0	0	0.00017301	0	0	0.0014413	0	0	0.00020538	0	0	0	0	7.1661e-05	0	0	0	0	8.6355e-05
Halorientalis	0	0	0	0	0	0	0.0022181	0	8.3266e-05	0	0	0	0	0	8.7561e-05	0	0	0	0	0	0	0	0	0	4.2874e-05	0	0	0	0	0	0	0
Formosa	0	0.00011983	0	0	6.5164e-05	0	0	0.00022904	0.00033306	0	9.8361e-05	4.1878e-05	0	0	0.00013499	0	0.00011941	0.00013284	0	4.8399e-05	0.00017616	0	0	0	0.00066261	0	0	0	5.5425e-05	0.00021361	0	0
Devosia	0	0	0	0	0	0	0.00034024	0	0	0.00014026	6.5574e-05	0	0	0	0	0.00026199	0.00024141	0	0.00049032	0	0	0.00040048	8.3872e-05	0	0.0001598	0.00010876	0	0	0	4.1535e-05	0	7.8131e-05
Pelagovum	0	0	0	0	0	0	0	0	0.00012767	0	0.00025246	0	6.2873e-05	0	0.00014229	6.9206e-05	0.00021805	0.00025653	4.8494e-05	0	0.00017616	0	0.00012301	0	9.7442e-05	0	0.00019006	0.00011548	0	0.00015427	0.000302	7.4019e-05
Faecalibacter	0	0	0	0	0	0	0	0	0	0.00029368	0	0	0	0	0	0.00060802	0	5.9551e-05	0	0	0	0.0002088	0	0	0	0.00062782	0	0	0	0	0	0.00057981
Finegoldia	0	0.000212	0	0	0	0	0	0.00041882	4.7184e-05	0.00017533	0.00010492	0	0	7.3469e-05	0	0.00030648	0.00013498	0	0	9.3571e-05	0	9.5842e-05	0	0.00013233	4.6772e-05	0.00021751	0	0	0.00011701	0	5.0863e-05	0.00014804
Austwickia	0	0	0	0	0	0	0	0	0	0.00082405	0	0	0	0	0	0.00058825	3.3746e-05	0	0	0	0	0.00018484	0	0	0	0.00041031	0	0	0	0	0	0.00033308
Erysipelothrix	0	0	0	0	0	0.00014044	0.00039193	0.00035338	0.00031364	0	0	0	0	4.8038e-05	0.00034295	0	0	0	3.7717e-05	0	0.00029779	0	0	0.00011526	7.4056e-05	0	0	0	7.6979e-05	0.00018097	0	0
Caminicella	4.3e-05	0	0	0.00011068	0	0	0	0.00015051	5.2735e-05	0.00026738	0.00013771	0	0	0	3.6484e-05	0.00047455	7.0087e-05	0	0	5.8079e-05	0	0.00017115	0	5.1225e-05	5.067e-05	0.00025212	6.2314e-05	0	4.9267e-05	0	3.4968e-05	0.00028374
Anaerotruncus	0	0	0	0.0011858	0	0	0	0	0.00015821	0.00016656	0.00010492	0	0	0	0.0001204	0.00017796	7.2683e-05	0	0	0	0	8.5573e-05	0	0	0	0.00010876	0	0	0	0.00011867	4.1326e-05	0
Novosphingopyxis	0	0	0	0.0014072	0	0	0	0	0	0.00014026	8.5246e-05	0	0	0	0	0.00015818	0.00010643	0	0	0	0	6.8459e-05	0	0	0	0.00011864	0	0	0	0	5.0863e-05	0.00019327
Iamia	0	0	0	0	0	0	0	0	0.000136	0.00064433	0	0	0	0	9.4858e-05	0.00043006	0	0	0	0	0	0.00012665	0	0	0.00022607	0.00033121	0	0	0	0	0	0.00032897
Frigidibacter	0	0	0	0	0	0	0.0001249	0	8.6042e-05	0	0.00011475	0	0	0	8.3913e-05	0.00019279	0.00014017	0.00017407	0.00023977	0	0.00018455	0.00020538	0.00014258	0	0	0	0.00011216	0.00013473	0	0.00010384	0.00018756	9.0467e-05
Conexibacter	0	0	0	0	0	0	0	0	0.00018874	0.00065748	0	0	0	0	0.00013134	0.00030648	0	0	0	0	0	0.00011296	0	0	0.00035469	0.000262	0	0	0	0	0	0.00029607
Pigmentiphaga	0	0	0	0	0	0.00033889	0	0	4.1633e-05	0.00065748	0	3.8071e-05	0	0	0	0.0004004	3.115e-05	0	5.3882e-05	0	0	0.00012665	0	0	0.00011303	0.00028178	0	0	0	0	0	0.00022617
Dolosigranulum	4.5529e-05	0	0.00011487	0	0	0	0	0.0002225	0.0003858	0.00031997	0.00013443	0.00011802	0	0	0.00022255	0.00017796	0.00013239	0.00010078	0	3.2266e-05	0	0	3.6345e-05	5.9762e-05	0	0	0.00010593	0	0	0	9.5368e-05	0
[Pantoea]	0	0.00025809	0	0	0	0	0	0	0	0	0.00068197	0	0	0	0	0	0.0005581	0	7.8128e-05	0	0	0	0	0	0	0	0.00033961	0	0	0	0.00038783	0
Chitinophaga	0.0001467	0	0	0	0	0.00014044	0.0001249	0	0.00028033	7.0131e-05	0.0001082	0	6.6366e-05	0	0.00029552	6.9206e-05	7.7874e-05	9.6197e-05	4.0411e-05	7.0985e-05	5.8719e-05	0	0.00010903	9.3912e-05	8.9647e-05	8.8983e-05	0	9.8984e-05	3.695e-05	5.3402e-05	4.1326e-05	4.5234e-05
Haloglomus	0	0	0	0	0	0	0.0022224	0	0	7.8898e-05	0	0	0	0	0	0	0	0	0	0	0	0	0	0	0	0	0	0	0	0	0	0
Gymnodinialimonas	0	0	0	0	0	0	5.1683e-05	0	0.00018319	0	0.00017705	0	5.938e-05	0	0.0001058	0	0.00018171	0.0002382	5.6576e-05	0	0.0002936	0	0.00012022	0	0	8.4039e-05	0.00017448	0.00015947	0	0.00016911	0.00016531	6.1682e-05
[Mycobacterium]	0	0	0	0	0	0	0	0	0	0.00092924	0	0	0	0	0	0.00042512	0	0	0	0	0	8.8996e-05	0	0	0	0.00038559	0	0	0	0	0	0.00044411
Promicromonospora	0	0	0	0	0	0	0	0	3.0531e-05	0.00073638	0	0	0	0	0	0.00042018	0	0	0	0	0	0.00024303	0	0	9.7442e-05	0.00035099	0	0	0	0	0	0.00037832
Anaeromyxobacter	0	0	0	0.00064035	0	0	0	0	0	0.00066187	0	0	0	0	0	0.00040535	5.7108e-05	0	0	0	0	8.5573e-05	0	0	0	0.00018785	0	0	0	0	0	0.00020972
Sulfurivermis	0	0	0	0	0	0	0.00040916	0	0	0	0	0	5.938e-05	0	0	0	0.00015056	0	0.0014494	0	0	7.5305e-05	3.6345e-05	0	0	0	3.4273e-05	3.2995e-05	0	0	0	0
Haloprofundus	0	0	0	0	0	0	0.0022439	0	0	0	0	0	0	0	0	0	0	0	0	0	0	0	0	0	0	0	0	0	0	0	0	0
[Enterobacter]	0	0	0	0	0	0	0	0	0	0	0.00065574	5.3299e-05	0	0	0	0	0.00041793	0.00010994	9.9681e-05	0	0	0	0	0	0	0	0.00042685	0	0	0	0.00048002	0
Vogesella	0	0	0	0	0	3.6637e-05	0.000435	0	0	0	0	6.0913e-05	4.5408e-05	0	0	0.00017301	9.8641e-05	0.00011452	0.00085133	0	0	0.00026699	6.7098e-05	0	0	0	4.362e-05	4.6743e-05	0	0	0	0
Antarctobacter	0	0	0	0	0	0.00046101	6.0297e-05	0	7.7715e-05	0	0.00010164	4.5685e-05	0.00011177	0	8.0264e-05	0	0.00012979	0.00016949	0.00014548	0	0.00019713	5.4767e-05	5.871e-05	0	0	0	0.00012463	0.00011548	0	0.00010384	0.00011126	7.4019e-05
Nannocystis	0	0.00014748	0	0	0	0	0	0	0	0.00031997	5.2459e-05	0	0	0	0	0.0008107	0	0	0	0	0	0.00024645	0	0	0	0.00012359	0	0	0	0	0	0.00052224
Halorhabdus	0	0	0	0	0	0	0.0022224	0	0	0	0	0	0	0	0	0	0	0	0	0	0	0	0	0	0	0	0	0	0	0	0	0
Bombilactobacillus	0	0	0.00027391	0	0	0	0	0	0.00036359	0.00014026	0.0002623	0	0	0	0.00039767	0	0.00019988	0	0	0	0.00019713	0	0	0	0.00014421	0	4.6735e-05	0	0	0.00019581	0	0
Nitratireductor	0	0	0	0	0	0	0.0003747	0	0	0.00012273	0	0	0	0	0	0.00020762	0	0	0.0010911	0	0	0.00014034	5.0323e-05	0	5.4568e-05	0	0	0	0	0	0	0.00016037
Croceicoccus	0	0	0	0	0	0	0	0	0	7.4515e-05	0.00013115	0	0	0	9.1209e-05	0.00021256	0.00017652	0.00016491	0.00017781	0	0.00018455	0	0	0	9.3544e-05	0.00018785	0.00016513	0.00010723	0	0.00012461	0.00014941	0.00015626
Jejubacter	0	9.2174e-05	0	0	0	0.00020761	9.0445e-05	0	0	0	0.00067213	5.3299e-05	0	0	0	0	0.00041014	0.00011452	3.7717e-05	0	0	4.7921e-05	0	0	0	0	0.00028041	0	0	0	0.00019074	0
Thioalkalivibrio	0	0	0	0	0	6.7167e-05	9.9059e-05	0	0	0.00043832	0	0	0	0	0	0.00026694	0.00010124	5.497e-05	0.00071932	0	0	0.00014034	0	0	0	0.00016314	0	0	0	0	0	0.00014393
Wenzhouxiangella	0	0	0	0	0	0	0.00036178	0	0	0	0	0	0	0	0	0	5.1916e-05	0	0.0016003	0	0	0.00011296	0	0	0	0	4.0504e-05	0	0	0	0	0
Aquabacterium	0	0	0	0	0	3.969e-05	0.00036178	0	6.1062e-05	0	0	0	4.5408e-05	0	3.6484e-05	0	0	0	0.0014575	0	0	0	0	0	0.00012083	0	3.7388e-05	0	0	0	0	0
Salinicoccus	0	0	0	0	0.00019984	0	0	0	0.00014155	0.00014903	0.00030164	0	0	0	0.00010945	0.00015324	0.00041273	0	0	0	5.0331e-05	5.1344e-05	0	0	7.4056e-05	0	0.00017759	0	0	5.3402e-05	0.00019392	8.2243e-05
Frigoriglobus	0	0	0	0.00095657	0	0	0	0	0	0.00018848	0.00010492	0	0	0	0	0.00025705	0.00010124	0	0	0	0	4.4498e-05	0	0	3.8977e-05	0.00013842	5.2967e-05	0	0	0	7.3116e-05	0.00019327
Viridibacillus	0	0	8.8359e-05	0.0001423	0	0	0	0	0.00026368	0.00030244	8.5246e-05	0	0	0	0.00012769	0.00020762	5.9704e-05	0	0	0	0	7.5305e-05	0	0	0.00026504	0.00015819	9.3471e-05	0	0	6.2303e-05	5.7221e-05	0.00015626
Agrococcus	0	0.00016591	0	0	0	0	0.00022396	0	0	0.00045585	6.5574e-05	0	0	0	5.8374e-05	8.8979e-05	0	0	0.00097526	0	0	0	0	0	0	0.00010381	0	0	0	0	0	0
Thalassobacter	0	0	9.7195e-05	0	0	0	8.1831e-05	9.1616e-05	0.0001138	5.2599e-05	8.5246e-05	7.2335e-05	0.00010479	0	0.00010215	6.4262e-05	8.8258e-05	0.00013284	7.5434e-05	0	0.00015938	0	0.00010344	0	5.4568e-05	5.4378e-05	0.00016202	9.8984e-05	0	0.00010384	0.00014941	8.6355e-05
Crinalium	0	0.00046087	0	0	0	0	0	0.0011714	4.7184e-05	0	0	0	0	0.00017237	0	0	0	0	0	7.4212e-05	0	0	0	0.00014087	0	0	0	0	6.4662e-05	0	0	0
Granulicatella	0	0	0	0	0	0	0.00059435	0	0.00017763	0.00010081	0.00011475	0	0.00012225	0	0.00015688	0	7.7874e-05	0	3.5023e-05	0	0.00010905	0	5.871e-05	0	0.00010524	0	0.00012463	0.00013198	0	0.00010087	5.0863e-05	6.9906e-05
Defluviitalea	0	0	0	0	0	0	0	0	3.6082e-05	0.00048215	0	0	0	0	0	0.00074149	0	0	0	0	5.8719e-05	0.00020195	0	0	7.0158e-05	0.00027684	0	0	0	6.527e-05	0	0.00019738
Gephyromycinifex	0	0	0	0	0	0	0	0	0.00012212	0.00047777	0	0	0	0	0.00016053	0.00032131	0	0	0	0	4.1942e-05	0.00014719	0	0	0.00030012	0.00027684	0	0	0	0	0	0.0002714
Aliiroseovarius	0	0	0	0	0	0	0.00014213	0	7.2164e-05	0	0.00011803	6.0913e-05	9.7803e-05	0	0.00013134	5.9319e-05	0.00018171	0.00013284	8.8905e-05	0	0.00023907	4.7921e-05	0.00015377	0	0	0	0.00019317	0.00015398	0	0.00014834	9.2189e-05	0
[Actinomadura]	0	0	0	0	0	0	0	0	0.00011102	0.00064433	0	0	0	0	6.2022e-05	0.00031143	0	0	0	0	0	0.00014376	0	0	0.00021827	0.00027684	0	0	0	0	0	0.0003372
Parvimonas	0	0.00014748	0	0	0	0	0	0.00019632	3.0531e-05	0.00031121	7.8689e-05	0	0	4.5212e-05	0	0.00041523	8.047e-05	0	0	5.1626e-05	0	0.00015745	0	9.818e-05	0	0.00017797	4.6735e-05	0	6.1583e-05	0	0	0.00020561
Aquisalimonas	0	0	0	0	0	0	0.00034024	0	0	0	0	0	8.0338e-05	0	0	9.8865e-05	0.00011422	0	0.0010345	0	5.0331e-05	0.0002533	5.5915e-05	0	0	0	7.4777e-05	0	0	0	0	0
Serpentinicella	0	0.00037791	0	0	0	0	0	0.00015706	3.8857e-05	0.00014026	3.9344e-05	0.00023223	0	7.9121e-05	0	0.00024716	5.1916e-05	0.00042602	0	7.7438e-05	0	6.5036e-05	0	7.2568e-05	0	9.3926e-05	0	0	0	0	0	0
Methanosarcina	3.7941e-05	0	0.00083941	0	0	0	9.4752e-05	0.00015706	0.00038025	0	4.2623e-05	0	0	0	0.00040497	0	7.5279e-05	0	0	0	0	0	0	0	0	0	0	0	0	5.3402e-05	0	0
Halorarius	0	0	0	0	0	0.00011602	0.0018778	0	0	0	0	0	0	0	0	0	0	0	4.5799e-05	0	0	0	0	0	0	0	0	0	0	0	0	0
Mycoplasmopsis	0	0.0001567	0.00064502	0	0	0	6.0297e-05	0	0.00019151	0.00014903	6.8853e-05	7.9949e-05	0	0	0.0001058	0.00013841	7.5279e-05	0	0	0	0	0	0	0	0.00010134	7.9096e-05	0	0	0	5.0436e-05	5.7221e-05	7.8131e-05
Thermococcus	0	0	0	0.0012333	0	0	0	0	0	7.4515e-05	4.5902e-05	0	0	0	0	0.00016807	8.047e-05	0	0	0	0	6.5036e-05	0	0	0	0.00011864	4.362e-05	0	0	0	7.9474e-05	0.00012336
Pontibacter	0	0	0	0.0010989	0	0	0	0	0	0.00018848	4.9181e-05	0	0	0	0	0.00017301	4.4129e-05	0	3.7717e-05	0	0	4.4498e-05	0	0	0	0.00015819	4.0504e-05	0	0	0	4.1326e-05	0.00014804
Kaistella	0	0	0.00020323	0	0	0.00096476	0	0	0.00017208	0	0	0	0	0	0.00027363	0	0	8.7035e-05	0	0	0	0	0	0	4.2874e-05	0	0	0	0	0.00027591	0	0
Bacteriovorax	0	0	0.0015463	0.00026088	0	0	0	0	0	0	0	0	0	0	0	4.9433e-05	0	0	0	0	0	0	0	0	0	7.9096e-05	4.6735e-05	0	0	0	3.1789e-05	0
Tritonibacter	0	0	0	0	0	0	0	0	0.00019706	0	0.00018033	0	9.0817e-05	0	8.7561e-05	0	0.00015056	0.0003115	9.9681e-05	0	0.00028101	0	8.6668e-05	0	0	0	8.4124e-05	0.00020072	0	0.00010977	0.00013352	0
Starkeya	0	0	0.001025	0	0	0	0.00010767	0	4.1633e-05	0.00016218	0	0	0	0	0	8.4035e-05	4.6725e-05	0	0.00037987	0	0	0	0	0	0	6.9209e-05	0	0	0	0	0	9.4579e-05
Lacrimispora	0	0.00010139	0	0	0	0	6.0297e-05	0.00017014	0.00011935	0.00033312	6.2295e-05	0	0	2.8257e-05	3.6484e-05	0.00034603	6.7491e-05	0	0	4.1946e-05	0	0	3.914e-05	6.8299e-05	0.00012083	0.00016808	0	4.6743e-05	0	4.1535e-05	0	0.00015215
Nissabacter	0	0.00010139	0	0	5.6476e-05	0.00024119	0	0	0	0	0.00053443	6.472e-05	0	0	0	0	0.00050099	0.00011452	0.00010238	0	0	0	0	0	0	0	0.00017136	0	0	0	0.00010808	0
Azospira	0	0	0	0	0	0	0	0	0	0.00041202	0	0	0	0	0	0.00017796	0	0.00018781	0.00028288	0	0	0.00012323	0	0	0	0.00031638	8.7239e-05	0	0	7.417e-05	8.9011e-05	0.00024262
Yokenella	0	0	0	0	0	0.00016792	8.1831e-05	0	0	0	0.00063279	0	0	0	0	0	0.00036601	5.497e-05	0	0	0	0	0	0	0	0	0.00035207	0	0	0	0.00033061	0
Salinivibrio	0	0	0	0	0	0.0002992	0.00021534	0	0	8.3281e-05	0	6.472e-05	7.3352e-05	0	0	0.00011864	9.8641e-05	0.00014201	0.00064119	0	0	0.0001198	5.3119e-05	0	0	0	3.7388e-05	3.8494e-05	0	0	0	0
Catenulispora	0	0	0	0	0	0	0	0	0	0.00071446	0	0	0	0	3.6484e-05	0.00044984	0	0	0	0	0	0.00016772	0	0	0	0.00031638	0	0	0	0	0	0.00028785
Propionibacterium	0	0	0	0	0	0.00011602	0	0	0.00022204	0.00017095	0	0	0	0	0.0002189	7.9092e-05	0	0	0.00015356	0	0.00019713	0	0	0	0.00024166	8.8983e-05	0.00011528	0	0	0.00019581	6.9937e-05	9.4579e-05
Chondrinema	0	0.00027652	0	0	0	4.2743e-05	0	0.00077219	0	0	0	0.00016751	0	9.3249e-05	0	0	0	0.00047182	0	7.4212e-05	0	0	0	5.5493e-05	0	0	0	0	0	0	0	0
Sorangium	0	0	0	0	0	0	0.00010767	0	0	0.00061803	6.8853e-05	0	0	0	0	0.00024716	8.5662e-05	0	5.6576e-05	0	0	9.5842e-05	0	0	9.3544e-05	0.00028672	0	0	0	0	0	0.00029196
Robbsia	0	0	0	0	0	0	0.0003144	0	0	0	0	0	5.938e-05	0	0	0	4.932e-05	0	0.0013955	0	0	5.1344e-05	3.0753e-05	0	0	0	0	4.6743e-05	0	0	0	0
Superficieibacter	0	0	0	0	0	0.00027783	6.4603e-05	0	0	0	0.00057377	4.1878e-05	0	0	0	0	0.00037639	6.8712e-05	0	0	0	0	0	0	0	0	0.00029599	0	0	0	0.0002416	0
Petroclostridium	0	0.00011983	0	0	4.7787e-05	0	0	0.00062822	0	0	8.8525e-05	0	0	0.00010173	0	4.9433e-05	0.00010902	0	0	0.00019682	0	0	0	0.00019636	0	6.9209e-05	5.9198e-05	0	0.00020938	0	0	6.1682e-05
Alloalcanivorax	0	0	0	0	0	0	0.0003144	0	0	0	0	0	0.00012924	0	0	0	7.2683e-05	0	0.001242	0	0	4.1075e-05	7.5485e-05	0	0	0	4.6735e-05	0	0	0	0	0
Paludibacterium	0	0	0	0	0	0	0.00027133	0	3.0531e-05	0	0	0	3.8423e-05	0	0	0	0	0	0.0015356	0	0	0	0	0	0	0	3.7388e-05	0	0	0	0	0
Allorhizobium	0	0	0	0	0	0	0	0.00018978	0	0.00050845	0	4.9492e-05	0	0	0	0.00040535	0	8.7035e-05	0	0	0	0.00012323	0	0	0	0.00028178	0	0	0	0	0	0.00025907
Sarcina	0	0.00025809	0	0	0	0	0	0.00064786	5.8286e-05	5.2599e-05	0	0	0	0.00014411	5.1077e-05	4.9433e-05	0	0	0	0.00018714	0	0	0	0.00017502	8.1851e-05	0	0	0	0.00019707	0	0	0
Methylocella	0	0	0	0	0	0	0.00032302	0	0	0	0	8.7563e-05	0	0	0	0	2.8554e-05	0	0.0014036	0	0	5.4767e-05	0	0	0	0	0	0	0	0	0	0
Polaromonas	0	0	0	0	0	0	0.00033163	0	0	0	0	0	6.6366e-05	0	0	7.4149e-05	6.7491e-05	0	0.0011881	0	0	0.00011638	5.3119e-05	0	0	0	0	0	0	0	0	0
Lentibacter	0	0	0	0	0	0	0.00021965	0	0	9.2048e-05	6.8853e-05	0	6.6366e-05	0	4.0132e-05	0.0001137	6.23e-05	9.1616e-05	0.00076243	0	0	4.7921e-05	5.3119e-05	0	0	0	0	8.2487e-05	0	7.1203e-05	4.4505e-05	7.8131e-05
Vallitalea	0	0.00012904	0	0	0	0	0	0.00040573	4.1633e-05	0.00018848	7.2131e-05	0	0	3.1083e-05	0	0.00025211	5.1916e-05	0	0	0.00010325	0	7.8727e-05	0	0.00012806	0	0.00016314	0	0	9.2375e-05	0	0	0.00015215
Gottschalkia	0	0	0	0	0	0	0	0.0002225	0	0.00019286	6.5574e-05	0	0	0	8.0264e-05	0.00043501	6.7491e-05	0	0	5.1626e-05	0	0.00015061	0	0	5.8465e-05	0.00026695	0	0	6.4662e-05	3.2635e-05	0	0.00019738
Leminorella	0	0	0	0	0	0	0.00023257	0	0	0	0.0002	0	0	0	0	0	0.00025179	6.8712e-05	0.00098334	0	0	0	0	0	0	0	8.7239e-05	0	0	0	3.8147e-05	0
Salinigranum	0	0	0	0	0	0	0.0018606	0	0	0	0	0	0	0	0	0	0	0	0	0	0	0	0	0	0	0	0	0	0	0	0	0
Porphyrobacter	0	0	0	0	0	0.00029615	0	0	0	0.00053914	0	0	0	0	0	0.00038557	0	0	0	0	0	0.0001643	0	0	0	0.00028178	0	0	0	0	0	0.00019327
Eleftheria	0	0	0	0	0	0.00021066	0.00017658	0	0	7.0131e-05	0	0	5.938e-05	0	0	0	0	0	0.001242	0	0	6.8459e-05	3.0753e-05	0	0	0	0	0	0	0	0	0
Oceanisphaera	0	0	0	0.0011226	0	0	5.599e-05	0	0	0.00012273	7.8689e-05	0	0	0	0	0.00015324	5.9704e-05	0	6.1964e-05	0	0	4.1075e-05	0	0	0	7.9096e-05	0	0	0	0	0	8.2243e-05
Paramixta	0	0.00013826	0	0	0.00010426	0.00015876	0	0	0	0	0.00050492	7.2335e-05	0	0	0	0	0.00044648	9.1616e-05	0	0	0	0	0	0	0	0	0.00020252	0	0	0	0.00013352	0
Megasphaera	0	0	0	0.00096448	0	0	0	0	0	9.6431e-05	5.9017e-05	0	0	0	0	0.00018784	5.4512e-05	0	0	0	0	5.1344e-05	0	0	0	0.00014336	5.6082e-05	0	0	0	6.6758e-05	0.0001686
Fuscovulum	0	0	0	0	0	0	0	0	5.2735e-05	0	0.0001541	0	0.00013273	0	0.0001204	0	5.7108e-05	0.00017407	0	0	0.0002936	0	0.00015377	0	0	0	0.00022121	0.00010998	0	0.00015131	0.00015895	6.5794e-05
Pyrococcus	0	0	0	0	0	0	0	0	0	0	0	0	0	0.00022888	0	0	0	0	0	0.00012261	0	0.00060928	0	0.00014087	0	0.0002274	0.00011216	0	0.00016627	0	3.1789e-05	0.00020561
Alkalilimnicola	0	0	0	0	0	0	0.00026703	0	0	0	0	0	7.3352e-05	0	0	7.9092e-05	7.2683e-05	0	0.0011154	0	0	0.00013349	0	0	4.2874e-05	0	5.9198e-05	0	0	0	0	0
Thomasclavelia	0	0	0.0005655	0	0	0	0	0.00018978	6.3837e-05	0.00015341	0	0	0	0	0	0.00029165	2.5958e-05	7.3293e-05	0	0	0	4.7921e-05	0	5.1225e-05	3.8977e-05	0.00012853	0	0	0	5.9336e-05	0	0.00014393
Pleurocapsa	0	0	0	0.0012175	0	0	0	0	0	5.2599e-05	8.5246e-05	0	0	0	0	0.00012852	4.4129e-05	0	0	0	0	4.4498e-05	0	0	0	9.3926e-05	0	0	0	3.2635e-05	3.8147e-05	9.4579e-05
Ferribacterium	0	0	0.00049481	0	0	0	9.0445e-05	0	6.9388e-05	8.3281e-05	7.541e-05	0.00027792	0	0	0	0.00018784	0.00010124	5.9551e-05	5.6576e-05	0	0	0.00014034	4.4732e-05	0	0	7.9096e-05	0	5.7741e-05	0	0	0	0
Desulfoscipio	0	0	0	0.00093286	0	0	0	0	0	0.00014465	6.8853e-05	0	0	0	0	0.00017301	9.3449e-05	5.0389e-05	0	0	0	7.8727e-05	0	0	0	0.00013347	3.4273e-05	0	0	0	0	0.00010692
Blastochloris	0	0	0	0	0	0	0	0	4.996e-05	0.0006531	0	0	0	0	4.0132e-05	0.00031637	0	0	0	0	0	0.00012323	0	0	0.00014421	0.00023729	0	0	0	0	0	0.00025084
Mycetocola	0	0	0	0	0	0	0	0	0	0.00071446	0	0	0	0	0	0.00034603	0	0	8.3517e-05	0	0	0.00013692	0	0	0	0.00021257	0	0	0	0	0	0.00031664
Paraoerskovia	0	0	0	0	0	0	0	0	5.5511e-05	0.0006531	0	0	0	0	0	0.00043995	0	0	0	0	0	9.2419e-05	0	0	0	0.00032133	0	0	0	0	0	0.0002385
Gilliamella	0	0	0.00059201	0	0	0	9.0445e-05	0	0.00026923	0	6.8853e-05	0	0	0	0.00031011	0	7.5279e-05	0	0	0	0	0	0	0	0.00031181	0	0	0	0	3.8568e-05	4.1326e-05	0
Halococcus	0	0.00051618	0	0	0	0	0.0012748	0	0	0	0	0	0	0	0	0	0	0	0	0	0	0	0	0	0	0	0	0	0	0	0	0
Plantibacter	0	0	0	0	0	0	0	0	0.00041911	0	0	0	0	0	0.00064211	0	0	0	0.00056845	8.0665e-05	0	0	0	0	0	0	0	0	0	7.7137e-05	0	0
Congregibacter	0	0	0	0	0	0	0.00027133	0	0	0	0	0	5.938e-05	0	0	0	0	0	0.0014198	0	0	0	0	0	0	0	0	3.2995e-05	0	0	0	0
Gilvimarinus	0	0	0	0	0	8.5485e-05	0.00032732	0	0	0	0	0	8.3831e-05	0	0	0	3.6341e-05	5.9551e-05	0.0010911	0	0	0	0	0	5.4568e-05	0	4.0504e-05	0	0	0	0	0
Arcobacter	0	0	0	0	0	0	0	0.00058896	0.00032474	0.00018848	0	0	0	0	0.00015688	0	0	0.00014659	0	0	0	0	0	0	0.00036638	0	0	0	0	0	0	0
Herbiconiux	0	0	0	0	0	0	0.00011629	0	0	0.00062242	0	0	0	0	4.3781e-05	0	0	0	0.00044722	0	0	0	0	0	0	0.00027189	0	0	0	0	0	0.00025907
Halapricum	0	0	0	0	0.00014336	0	0.0015763	0	0	0	0	0	0	0	0	0	0	0	3.2329e-05	0	0	0	0	0	0	0	0	0	0	0	0	0
Halomicronema	0	0	0	0.0013202	0	0	0	0	0	7.8898e-05	3.2787e-05	0	0	0	0	0.00011864	3.3746e-05	0	0	0	0	0	0	0	0	5.4378e-05	0	0	0	0	0	0.00011103
Occultella	0	0	0	0	0	0.00011602	0	0	0	0.00059612	0	0	0	0	0	0.00035592	0	0	0	0	0	0.00015061	0	0	0	0.00029167	0	0	0	0	0	0.0002385
Floricoccus	3.0353e-05	0	0	0	0	0	0	0.00015051	4.7184e-05	0.00016218	4.2623e-05	0	5.2394e-05	6.4992e-05	5.8374e-05	0.00012852	6.7491e-05	4.5808e-05	3.5023e-05	7.7438e-05	0	8.215e-05	0.00014538	8.1106e-05	0	9.3926e-05	4.0504e-05	9.8984e-05	3.0792e-05	5.3402e-05	3.1789e-05	0.00012748
Pacificitalea	0	0	0	0	0	0	0	0	0.00011102	0	0.00011475	0	0	0	6.2022e-05	9.3922e-05	0.00013239	0.00016491	6.1964e-05	0	0.0002223	0	0.00011463	0	0	0	0.00013397	0.00010998	0	0.00016614	0.0002416	0
Zymomonas	0	0	0	0.00117	0	0	0	0	0	8.3281e-05	9.5082e-05	0	0	0	0	8.8979e-05	5.7108e-05	0	0	0	0	5.819e-05	0	0	5.4568e-05	5.4378e-05	0	0	0	0	0	6.5794e-05
Salinimonas	0	0	0	0	0	0.00011296	0.00030148	0	0	0	0	0	4.1915e-05	0	0	0	5.1916e-05	8.2455e-05	0.0010615	0	0	6.8459e-05	0	0	0	0	0	0	0	0	0	0
Pasteurella	0	0	0	0	0	0	0	0	0.00013045	0.00033751	0.00016394	0	0	0	0.0001204	0.00030648	4.932e-05	5.9551e-05	0	0	0	9.9265e-05	0	0	0	0.00027684	0	0	0	0	0	0.00016449
Sedimenticola	0	0	0	0	5.6476e-05	0	0.00012059	0	0	0.00029806	0	0	0	0	0	0.00014335	2.5958e-05	0	0.00066005	0	0	7.8727e-05	0	0	0	0.00016314	0	0	0	0	0	0.00016037
Thermanaerosceptrum	0	0	0	0.0009882	0	0	0	0	0	9.2048e-05	4.2623e-05	0	0	0	0	0.00016313	5.9704e-05	0	0.00029096	0	0	0	0	0	0	0	0	0	0	0	0	6.9906e-05
Thalassococcus	0	0	0	0	0	0	0.00011629	0	7.4939e-05	4.8215e-05	0.00010492	4.9492e-05	7.3352e-05	0	6.9319e-05	8.4035e-05	8.3066e-05	0.00015575	9.4293e-05	0	0.00013841	4.4498e-05	9.7851e-05	0	0	0	0.00012774	9.0736e-05	0	9.1971e-05	0.00010173	5.3458e-05
Rhodanobacter	0	0	0	0.00019764	0	0.00023508	0	0	3.8857e-05	0.00040326	0	0	0	0	0	0.00018784	0	0	0.00035293	0	0	0	0	0	5.067e-05	0.00011864	0	0	0	0	0	0.00011103
Ezakiella	0	0	0	0	0	0	0	0	3.8857e-05	0.00029368	0.00011148	0	0	0	0	0.00050421	9.3449e-05	0	0	0	0	0.00016088	0	0	0	0.00028672	0	0	0	0	0	0.0002015
Pelobacter	0	0	0	0.00087752	0	3.6637e-05	0	0	0	9.2048e-05	5.9017e-05	0	0	0	0	0.00020762	4.932e-05	0	0	0	0	3.7652e-05	0	0	0	9.887e-05	5.2967e-05	0	0	0	6.6758e-05	0.00011103
Haloterrigena	0	0	0	0	0	0	0.0012533	0	7.2164e-05	7.8898e-05	0	0	0	0	8.0264e-05	6.4262e-05	0	0	0	0	0	0	0	0	0.00014032	0	0	0	0	0	0	0
Actinomarinicola	0	0	0	0	0	0	0.00085707	0	0	0	0	0	6.9859e-05	0	0	0	0	0	0.00012932	0	7.5496e-05	0	0.00020968	0	0	0	0	0.00024746	0	8.9004e-05	0	0
Cohaesibacter	0	0	0.00077756	0.00055339	0	0	6.4603e-05	0	0	0	3.2787e-05	0	0	0	3.6484e-05	0	0	0	0.00016973	0	0	0	0	0	0	0	0	0	0	0	4.1326e-05	0
Occallatibacter	0	0	0	0.0010752	0	0	0	0	0	5.6982e-05	5.2459e-05	0	0	0	0	0.00013347	5.1916e-05	0	0	0	0	5.1344e-05	0	0	0	9.887e-05	6.2314e-05	0	0	0	0	8.6355e-05
Cellulophaga	0	0	0.00024741	0	0	0	6.891e-05	9.816e-05	0.0003747	0	0	0	0	0	0.00017877	0	0	0	0	0	6.7108e-05	0	0	0	0.00045603	0	0	0	0	0.00016911	0	0
Mumia	0	0	0	0	0	0	4.7376e-05	0	0	0.00063995	0	0	0	0	0	0.00028671	0	0	0	0	0	0.00018826	0	0	3.8977e-05	0.00033121	0	0	0	0	0	0.00012748
Mycoavidus	0	0	0	0.0011384	0	0	0	0	0	5.2599e-05	6.5574e-05	0	0	0	0	0.00016313	3.3746e-05	0	0	0	0	3.4229e-05	0	0	0	0.00011864	0	0	0	0	0	4.5234e-05
Baekduia	0	0.00023044	0	0	0	0	0	0	0	0.00048654	0	0	0	0	0	0.00023233	0	0	0.00016703	0	0	9.2419e-05	0	0	0	0.00012853	0	0	0	0	0	0.0003043
Ruminococcus	0	0	0.00083941	0.00015021	0	0	0	0.00024213	3.8857e-05	0	4.9181e-05	0	0	0	0	0	5.7108e-05	0	0	3.8719e-05	0	0	0	5.5493e-05	4.2874e-05	0	4.6735e-05	0	4.6187e-05	0	3.1789e-05	0
Anaeromicropila	0	0.00026731	0	0	0	0	0	0.00047771	0.00010269	9.6431e-05	0	0	0	7.6295e-05	0.00011675	5.4376e-05	0	0	0	0.00011293	0	0	0	9.818e-05	6.6261e-05	0	0	0	0.00011393	5.3402e-05	0	0
Cnuibacter	0	0	0	0	0	0	0	0	0	0.00056544	0	0	0	0	0	0.00038557	0	0	0	0	0	0.00011638	0	0	0	0.00026695	0	0	0	0	0	0.00030019
Methyloversatilis	0	0	0.00055666	0	0	0	0.00012921	0	0	0	3.6066e-05	0	0	0	0	0	4.932e-05	0	0.00068699	0	0	4.1075e-05	0	0	0	0	4.9851e-05	0	0	0	8.2653e-05	0
Thermoclostridium	0	0	0	0.0010356	0	0	0	0	0	8.3281e-05	6.8853e-05	0	0	0	0	0.00010875	0.00010643	0	0	0	0	5.819e-05	0	0	0	0	4.362e-05	0	0	0	4.4505e-05	8.2243e-05
Allochromatium	0	0	0	0	0	0	0.00032302	0	5.2735e-05	0	0	0	6.6366e-05	0	0	9.3922e-05	6.23e-05	0	0.00087288	0	0	0.00015745	0	0	0	0	0	0	0	0	0	0
Cystobacter	0	0	0	0	0	0.00032973	0.00016797	0	6.1062e-05	0.00012711	0	0	0	0	0	7.4149e-05	0	0	0.00067083	0	0	0	0	0	9.3544e-05	8.4039e-05	0	0	0	0	0	0
Sandaracinus	0	0	0	0	0	0	8.1831e-05	0.00017014	0	0.00041641	0	0	0	0	0	0.00029165	0	0	5.6576e-05	0	0	9.9265e-05	0	5.5493e-05	0	0.00013842	0	0	0	0	0	0.00029607
Halothiobacillus	0	0	0	0	0	0.00033278	0.00020242	0	0	0	0	0	0	0	0	0	0	0	0.00098065	0	0	6.1613e-05	0	0	0	0	0	2.7496e-05	0	0	0	0
Photorhabdus	0	0.00030417	0	0	0	0.00010686	0	0.00021595	0	4.8215e-05	0.00014098	5.3299e-05	0	7.6295e-05	6.2022e-05	0	6.23e-05	0.00012826	0	6.1305e-05	0	0	0	8.9643e-05	4.2874e-05	0	6.8545e-05	0	8.0058e-05	5.3402e-05	0	0
Usitatibacter	0	0	0	0	0	0	0.00023257	0	0	0	5.2459e-05	0	4.8901e-05	0	0	0	0	0	0.0011288	0	0	0	5.0323e-05	0	0	4.9435e-05	3.1157e-05	0	0	0	0	0
Phototrophicus	0	0	0	0.0010989	0	0	0	0	0	9.6431e-05	3.2787e-05	0	0	0	0	9.8865e-05	8.047e-05	0	0	0	0	4.4498e-05	0	0	0	6.9209e-05	0	0	0	0	0	6.9906e-05
Chitinimonas	0	0	0	0	0	6.4114e-05	0.0003747	0	3.8857e-05	0	0	0	7.6845e-05	0	0	0	4.932e-05	0	0.00097526	0	0	0	0	0	0	0	0	0	0	0	0	0
Immundisolibacter	0	0	0	0	0	0.00033889	0.00026703	0	3.3306e-05	0	0	0	4.1915e-05	0	0	0	7.2683e-05	0	0.00069777	0	0	4.4498e-05	0	0	3.8977e-05	0	0	3.5744e-05	0	0	0	0
Thiomicrospira	0	0	0	0	0	6.1061e-05	0.0001249	0	0	5.6982e-05	0	0.00010279	0	0	3.6484e-05	5.9319e-05	5.9704e-05	0.00015575	0.00066005	0	0	9.2419e-05	0	0	6.6261e-05	0	0	0	0	0	3.4968e-05	5.757e-05
Azorhizobium	0	0	0.00075105	0	0	0	0.00017658	0	0	7.0131e-05	0	0	5.2394e-05	0	0	0.00012358	5.7108e-05	0	5.6576e-05	0	0	0.00013349	0	0	0	6.4265e-05	0	0	0	0	0	7.4019e-05
Halorhodospira	0	0	0	0.00117	0	0	0	0	0	6.5748e-05	0	0	0	0	0	6.4262e-05	6.4895e-05	0	0	0	0	4.4498e-05	0	0	0	7.9096e-05	0	0	0	0	0	5.757e-05
Egicoccus	0	0	0	0	0	0	0	0	7.7715e-05	0.00046462	0	0	0	0	5.8374e-05	0.00025705	0	0	0	0	0	0.00010611	0	0	0.00017929	0.0001928	0	0	0	0	0	0.00020561
Oscillibacter	0	0	0	0.00081427	0	0	0	0	0	9.2048e-05	4.5902e-05	0	0	0	0	0.00019773	5.4512e-05	0	0	0	0	0	0	0	0	0.0001137	4.0504e-05	0	0	0	6.3579e-05	0.00011925
Geminocystis	0	0	0	0	0	0	0	0	0.00023037	0	0	0	0	0	0.0001204	0	0	0	0	0	0.00018455	0	0	0	0.00080292	0	0	0	0	0.00019878	0	0
Jeonjuvirus	0	0	0	0	5.6476e-05	0	5.1683e-05	0	0	0	0.00048853	0	0	0	0	0	0.0003712	4.5808e-05	0	0	0	0	0	0	0	0	0.00023368	0	0	0	0.00028611	0
Bdellovibrio	0	0	0.0003446	0.00022136	0	0.00014349	0	0.00020286	0.00019151	6.1365e-05	0	0	0	0	7.6616e-05	0	0	0	0	0	0	5.1344e-05	0	0	0.00012473	0	3.1157e-05	3.5744e-05	0	0	3.4968e-05	0
Scandinavium	0	9.2174e-05	0	0	6.082e-05	0	0	0	0	0	0.00049181	6.472e-05	0	0	0	0	0.00025699	9.6197e-05	6.7352e-05	0	0	0	0	0	0	0	0.00023679	0	0	0	0.00014941	0
Svornostia	0	0	0	0.00054548	0	0	0	0	0	0.00012711	6.2295e-05	0	0	0	0	0.00016807	7.7874e-05	0	0	0	0	7.5305e-05	0	0	9.7442e-05	0.00015819	0	0	0	0	6.3579e-05	0.00012748
Sphingorhabdus	0	0	0	0	0	0	0	0	0	0.00052599	0	0	0	0	0	0.00037569	0	0	0	0	0	8.5573e-05	0	0	0	0.00030155	0	0	0	0	0	0.00021383
Rhodospirillum	0	0	0	0	0	0.00011296	0	0	0	0.00053914	0	0	0	0	0	0.00023728	0	0	8.8905e-05	0	0	0.00014034	0	0	0	0.00020268	0	0	0	0	0	0.00018093
Fontisphaera	0	0	0	0.00098029	0	0	0	0	0	0.00010081	4.2623e-05	0	0	0	0	0.00010381	4.1533e-05	0	0	0	0	4.4498e-05	0	0	0	5.9322e-05	0	0	0	0	3.8147e-05	6.5794e-05
Methylophilus	0	0	0	0	0	0	0	0	0	0	0	0.0002665	0	0	0	0	0.00010383	0.00033898	0	0	0	0	0	0	0	0	9.9702e-05	0	0	0.00010977	0.00043869	0.00011514
Thermus	0	0	0	0	0	0	9.4752e-05	0	0.00016931	0.00021916	0	0	0	0	0	6.9206e-05	0	0	0.00043914	0	0	4.4498e-05	0	0	0.0003391	0	0	0	0	0	0	9.0467e-05
Myroides	0	0	0	0	0	0	0.00025411	0.00014397	3.6082e-05	0	0	0	0.00013972	0	0	0.00012358	9.8641e-05	0	0.00014279	0	0	6.8459e-05	0.00013699	0	0	7.9096e-05	5.6082e-05	0.00010723	0	0	7.3116e-05	0
Stappia	0	0	0	0	0	0	0	0	5.5511e-05	0.00031559	0	0	0	0	0	0.00027682	0.00010902	9.1616e-05	0	0	9.6468e-05	9.9265e-05	0	0	7.7954e-05	6.9209e-05	5.2967e-05	0	0	4.1535e-05	0	0.00017271
Ramlibacter	0	0	9.7195e-05	0	0	0	0	0	0	0.00037696	0	6.472e-05	0	0	0	0.0002175	3.8937e-05	5.0389e-05	5.927e-05	0	0	0.00013692	0	0	0	0.00015819	3.7388e-05	0	0	0	0	0.00020972
Polynucleobacter	0	0	0	0.00015021	5.6476e-05	0.00039384	0	0.00021595	3.0531e-05	0	9.8361e-05	7.2335e-05	0	0	0	0	0.00010902	6.4131e-05	0.00011046	0	0	0	0	0	0	0	5.9198e-05	0	0	0	8.5832e-05	0
Trabulsiella	0	0	0	0	0	0	0	0	0	0	0.00057049	3.8071e-05	0	0	0	0	0.00032188	0	2.9635e-05	0	0	0	0	0	0	0	0.00027418	0	0	0	0.00020981	0
Thioflavicoccus	0	0	0	0	0	0	0.00020242	0	0	0	0	0	5.5887e-05	0	0	0	0	0	0.00118	0	0	0	0	0	0	0	0	0	0	0	0	0
Desulforamulus	0	0	0	0.00037947	0	0	0	0.00026176	0	0.00017533	6.2295e-05	0	0	0	6.2022e-05	0.0001483	4.4129e-05	0	0	0	0	0	0	7.2568e-05	0	7.4152e-05	0	0	0	0	0	0.00015626
Sphingosinicella	0	0	0	0.00063245	0	0	0	0	0	0.00028053	0	0	0	0	0	0.00019279	0	0	6.4658e-05	0	0	0	0	0	0	0.00011864	0	0	0	0	0	0.00014393
Stieleria	0	0	0	0	0	0	0	0	0	0	0	0	0	0	0	0	0	0	0.0014306	0	0	0	0	0	0	0	0	0	0	0	0	0
Thermosipho	0	0	0	0	0	0	0	0	0	0	0	0.00033502	0	0	0	0	0	0.0010857	0	0	0	0	0	0	0	0	0	0	0	0	0	0
Chimaeribacter	0	0	0	0	0	6.7167e-05	0	0	0	0	0.00042623	0.00014467	0	0	0	0	0.0003115	0.00012826	8.6211e-05	0	0	0	0	0	0	0	0.00013086	0	0	0	0.00012398	0
Sphaerobacter	0	0	0	0.00087752	0	0	0	0	0	7.8898e-05	5.2459e-05	0	0	0	0	0.00011864	4.6725e-05	0	0	0	0	0	0	0	0	8.8983e-05	3.1157e-05	0	0	0	6.04e-05	5.757e-05
Haploplasma	0	0	0	0	8.6885e-05	0	7.7524e-05	0	0.00021649	0.00017533	6.5574e-05	0	0	0	0.00016053	0.00011864	4.6725e-05	0	0	0	0	4.4498e-05	0	0	0.0001637	0.0001137	0	0	0	4.4502e-05	4.4505e-05	4.9346e-05
Cetobacterium	0	0.00017513	0.00017672	0	0	0	0	0.00035992	0.00010269	7.0131e-05	0	0	0	5.3689e-05	6.2022e-05	8.4035e-05	0	0	0	0.0001452	0	0	0	8.5374e-05	3.8977e-05	0	0	0	4.3108e-05	0	0	0
Kosmotoga	0	0	0	0.00082218	0	0	0	0	0	0.0001052	4.9181e-05	0	0	0	0	0.0001137	6.4895e-05	0	0	0	0	5.1344e-05	0	0	0	6.9209e-05	0	0	0	0	3.4968e-05	8.2243e-05
Erythrobacter	2.7823e-05	0	0	0	0	0.00028088	0	0	0	8.3281e-05	8.5246e-05	0	0	0	0	0.00014335	0.00011162	8.7035e-05	0.00026402	0	0.00020971	0	0	0	0	9.887e-05	0	0	0	0	0	0
Caproicibacter	0	0.00024887	0	0	0	0	0	0.00072638	0	0	0	0	0	5.6515e-05	0	0	0	0	0	0.00011616	0	0	0	0.00011952	0	0	0	0	0.00012317	0	0	0
Thermovibrio	0	0	0	0.00083799	0	0	0	0	0	8.3281e-05	4.9181e-05	0	0	0	0	0.00012358	5.9704e-05	0	0	0	0	0	0	0	0	6.4265e-05	3.1157e-05	0	0	0	0	0.00013981
Fodinisporobacter	0	0	0	0.0001423	0	0	0	0.00018978	0.00017208	0.00016656	4.2623e-05	0	0	0	5.8374e-05	0	2.5958e-05	5.9551e-05	0	0	7.5496e-05	0	0	5.9762e-05	0.00025335	0	0	0	0	9.7904e-05	4.1326e-05	0
Tybeckvirus	0	0	0.00079523	0	0	0	0	0	0.00010547	0	0	0	0	0	7.2968e-05	0	0	0	0	0	0.00020132	0	0	0	5.4568e-05	0	0	0	0	0.00015427	0	0
Agarilytica	3.0353e-05	0	0	0	0.00010426	0	0.00016797	0	0	6.1365e-05	3.9344e-05	0	0.0001467	0	0	6.4262e-05	0	5.0389e-05	0.00011046	0	0	6.8459e-05	0.00017893	0	0	9.3926e-05	0	0.00017597	0	0	0	8.6355e-05
Apilactobacillus	0	0	0	0	0	0	0	0	0.00034417	0.00011396	0.00020328	0	0	0	0.00013134	0	0.00011681	0	0	0	0.0001468	0	0	0	0.00026894	0	0	0	0	5.3402e-05	0	0
Actinotalea	0	0	0	0	0	0	0	0	0	0.00049969	0	0	0	0	0	0.00024222	6.23e-05	0	0	0	0	8.8996e-05	0	0	0	0.00023729	0	0	0	0	0	0.00024673
Glaciihabitans	0	0	0	0	0	0	0	0	0	0.00046024	0	0	0	0	0	0.00034603	4.6725e-05	0	0	0	0	7.5305e-05	0	0	0	0.00022246	0	0	0	0	0	0.00022617
Tahibacter	0	0	0	0	0	0	0	0	0	0.00051722	0	0	0	0	0	0.00031637	0	0	0.00012393	0	0	0.00013349	0	0	0	0.00013347	0	0	0	0	0	0.00015215
Halovivax	0	0	0	0	0	0	0.0011499	0	0	0.00016218	0	0	0	0	0	4.9433e-05	0	0	0	0	0	0	0	0	0	0	0	0	0	0	0	0
Marivirga	0	0	0.00019439	0	0	4.5796e-05	0.00017228	0	7.7715e-05	8.3281e-05	0	0	0	0	5.4726e-05	0	0	0	0.00073279	0	0	0	0	0	0	0	0	0	0	0	0	0
Calothrix	0	0.00023965	0	0	0.00013902	0	0	0.00035992	0	5.6982e-05	0.00016721	0	0	0	0	5.4376e-05	0.00014277	0	0	0	0	0	0	0	0	0	4.6735e-05	0	0	0	9.2189e-05	5.757e-05
Knoellia	0	0	0	0	0	0	4.7376e-05	0	0	0.00046024	0	0	0	0	0	0.0002966	0	0	0.00011046	0	0	6.5036e-05	0	0	0	0.00013842	0	0	0	0	0	0.00023028
Yimella	0	0	0	0	0	0	0	0	0	0.00047339	0	0	0	0	0	0.00028177	0	0	0	0	0	9.2419e-05	0	0	0	0.00025212	0	0	0	3.8568e-05	0	0.00020972
Thalassomonas	0	0	0	0.00064826	0	0	0	0	0	6.5748e-05	7.541e-05	0	0	0	0	0.00011864	2.8554e-05	0	0	0	0	5.1344e-05	0	0	6.2363e-05	0.0001137	3.1157e-05	0	0	0	5.4042e-05	9.8691e-05
Helicovermis	0	0	0	0	0	0	0	0.00018978	3.3306e-05	4.8215e-05	0	0	0	9.6075e-05	0	7.9092e-05	3.8937e-05	0	0	0.00024199	0	0	0	0.00023478	4.6772e-05	4.9435e-05	0	0	0.00024017	0	0	4.1121e-05
Abyssicoccus	0	0	0	0	0	0	0	0	0.00034417	0.00031559	0	0	0	0	0.00017512	7.9092e-05	0	0	0	0	6.2914e-05	3.7652e-05	0	0	0.00018319	6.9209e-05	0	0	0	0	0	6.5794e-05
Heliorestis	0	0	0	0.00067197	0	0	0	0	0	9.6431e-05	4.5902e-05	0	0	0	0	9.8865e-05	8.8258e-05	5.0389e-05	0	0	0	3.4229e-05	0	0	0	8.4039e-05	0	0	0	0	3.4968e-05	0.00012748
Halorarum	0	0	0	0	0	0	0.0011586	0	3.0531e-05	0	0	0	0	0	4.7429e-05	0	0	0	0	0	0	0	0	0	9.3544e-05	0	0	0	0	0	0	0
Denitrificimonas	0	0	0	0	0	0.001209	0	0	0	0	0	3.8071e-05	0	0	0	0	0	8.2455e-05	0	0	0	0	0	0	0	0	0	0	0	0	0	0
Natronococcus	0	0	0	0	0	0	0.001249	0	0	0	0	0	0	0	0	0	0	0	7.8128e-05	0	0	0	0	0	0	0	0	0	0	0	0	0
Solimonas	0	0	0	0	0	0	0.00016366	0	0	0	0	0	4.5408e-05	0	0	0	0	0	0.0010749	0	0	0	0	0	4.2874e-05	0	0	0	0	0	0	0
Tateyamaria	0	0	0	0	0	0	5.599e-05	0	5.5511e-05	0	9.8361e-05	0	5.5887e-05	0	0.00010945	0	9.0853e-05	8.2455e-05	6.1964e-05	0	0.00018035	0	9.7851e-05	0	0	0	0.00011528	7.9737e-05	0	9.7904e-05	0.00013987	0
Bacterioplanes	0	0	0	0	0	0.00037247	0.00016797	0	0	0	0	0	6.2873e-05	0	0	0.00011864	7.5279e-05	5.497e-05	0.00010776	0	5.0331e-05	0.00026699	3.914e-05	0	0	0	0	0	0	0	0	0
Anaeropeptidivorans	0	0.00024887	0	0	0	0	0	0.00068058	0	0	0	0	0	5.3689e-05	0	0	0	0	0	0.00011293	0	0	0	0.00013233	0	0	0	0	7.39e-05	0	0	0
Halalkalicoccus	0	0	0	0	0	0	0.0013007	0	0	0	0	0	0	0	0	0	0	0	0	0	0	0	0	0	0	0	0	0	0	0	0	0
Salinibaculum	0	0	0	0	0	0	0.0013007	0	0	0	0	0	0	0	0	0	0	0	0	0	0	0	0	0	0	0	0	0	0	0	0	0
Hartmannibacter	0	0	0	0.00017392	0	0	5.1683e-05	0	0	0.00031121	0	0	0	0	0	0.00019773	6.23e-05	0	0	0	0	0.0001643	0	0	0	0.00012853	0	0	0	0	0	0.00020561
Periweissella	0	0	9.7195e-05	0	0	0	0	0	6.1062e-05	9.2048e-05	0.00043279	0	3.8423e-05	0	4.7429e-05	0.00010875	0.00017392	0	0	0	0	0	0	0	5.8465e-05	7.9096e-05	0	0	0	5.6369e-05	0	4.5234e-05
Caldicellulosiruptor	0	0.00023044	0	0	0	0	0	0.00060205	4.7184e-05	6.1365e-05	5.5738e-05	0	0	0	0	0	0	0	0	9.6798e-05	0	0	0	0	6.2363e-05	0	0	0	0.00012317	0	0	0
Marivivens	0	0	0	0	0	0	6.4603e-05	0	3.8857e-05	0.00016218	6.5574e-05	0	4.1915e-05	0	0	0.00012852	0	0.00011452	5.3882e-05	0	8.8079e-05	5.819e-05	3.6345e-05	0	0	0.0001137	8.1008e-05	5.4991e-05	0	3.2635e-05	6.9937e-05	7.4019e-05
Telluria	0	0	0	0	0	5.4955e-05	0.00011198	0	0	0	0.00025574	0	5.2394e-05	0	0	9.8865e-05	0.00021286	8.2455e-05	0.00015356	0	0	0.00021907	3.6345e-05	0	0	0	0	0	0	0	0	0
Rhodovastum	0	0	0	0	0	0	0.00021104	0	0	0	0	0	8.0338e-05	0	0	0	0	0	0.00098604	0	0	0	0	0	0	0	0	0	0	0	0	0
Acetoanaerobium	0	0.00014748	0	0	0	0	0	0.00028139	0	0.00015341	0	0	0	4.2386e-05	0	0.00021256	0	0	0	6.7759e-05	0	4.7921e-05	0	6.8299e-05	0	9.887e-05	0	0	7.0821e-05	0	0	8.6355e-05
Solidesulfovibrio	0	0	0	0	0	4.2743e-05	0.00017658	0	4.1633e-05	0	0	3.8071e-05	3.8423e-05	0	0	0.00015818	0.00015056	0	0.00020744	0	0	0.00026699	0	0	8.1851e-05	0	3.4273e-05	0	0	3.8568e-05	0	0
Runella	0	0	0	0.00079056	0	0	0	0	4.1633e-05	5.2599e-05	3.9344e-05	0	0	0	0	0.00011864	3.6341e-05	0	0	0	0	3.7652e-05	0	0	0	6.4265e-05	0	0	0	0	3.8147e-05	5.3458e-05
Silvanigrella	0	0	0	0	0	0	0	0.00034029	0	0	0	0.00015609	0	5.3689e-05	0	0	0	0.0006688	0	5.1626e-05	0	0	0	0	0	0	0	0	0	0	0	0
Pararhizobium	0	0	0.00047714	0.0002846	0	6.7167e-05	0	0	0	0	0	0	0	0	0	5.9319e-05	9.0853e-05	0	0.00010776	0	0	4.1075e-05	5.3119e-05	0	0	0	4.0504e-05	0	0	0	4.7684e-05	0
Okeanomitos	0	0.00011983	0	0	0	0	0	0.00070021	0	0	0	0	0	0	0	0	0	0	0	0.00024845	0	0	0	0	0	0	0	0	0.00019707	0	0	0
Silicimonas	0	0	0	0	0	0	0	0	6.1062e-05	0	0.00012459	0	0	0	6.2022e-05	9.3922e-05	8.047e-05	7.3293e-05	0	0	0.0001426	0	4.4732e-05	0	0	8.8983e-05	0.00010905	7.4238e-05	0	0.00013054	9.5368e-05	8.2243e-05
Komagataeibacter	0	0	0	0	0	0	0.00017228	0	0	0.00017533	0	6.472e-05	0	0	0	8.8979e-05	8.047e-05	0	0.00043914	0	0	6.8459e-05	0	0	5.4568e-05	6.4265e-05	0	0	0	0	0	5.3458e-05
Idiomarina	0	0	0	0	0	0.00023508	0.00065034	0	0	0	0	0	5.2394e-05	0	0	5.9319e-05	3.3746e-05	0	8.0823e-05	0	0	0.00014719	0	0	0	0	0	0	0	0	0	0
Gleimia	0	0	0	0.00090124	0	0	0	0	0	0	0	0	0	0	0	0.00014335	4.4129e-05	0	0	0	0	0	0	0	0	0.00010381	0	0	0	0	0	6.5794e-05
Acidithiobacillus	0	0	0	0.00025298	0.00010426	0.00018318	0	0	0	0	8.8525e-05	0	0	0	0	5.4376e-05	0.000122	0	0.00021014	0	0	4.7921e-05	0	0	0	5.9322e-05	4.6735e-05	0	0	0	8.5832e-05	0
Pseudocitrobacter	0	0	0	0	6.5164e-05	0	0	0	2.7755e-05	0	0.0004623	4.5685e-05	0	0	0	0	0.00022584	0.00012826	0	0	0	0	0	0	0	0	0.00017448	0	0	0	0.00011444	0
Protaetiibacter	0	0	0	0	0	0	0	0	0	0.00042079	0	5.7106e-05	0	0	0	0.00015818	0	0.00017407	0	0	0	6.8459e-05	0	0	0	0.0001483	0	0	0	0	0	0.00020561
Salinirubellus	0	0	0	0	0	0	0.0012318	0	0	0	0	0	0	0	0	0	0	0	0	0	0	0	0	0	0	0	0	0	0	0	0	0
Zobellella	0	0	0	0	0	0	0.00021965	0	0	0	0	0	8.3831e-05	0	0	0	0	5.497e-05	0.0008648	0	0	0	0	0	0	0	0	0	0	0	0	0
Siansivirga	0	0	0	0	0	0	0	0	0.00012212	0.00019286	0	0	0	0	5.1077e-05	0.00023728	0	0	0	0	0	0.00011638	0	0	0.00010914	0.00013842	0	0	0	0	0	0.00024262
Aggregatimonas	0	0	0	0	0	0	7.3217e-05	0	0	0	0	0	0.00013972	0	0	0	0	0	7.8128e-05	0	0	0	0.00048925	0	0	0	0	0.00042893	0	0	0	0
Methylovirgula	0	0	0	0	0	0	0.00014643	0	0	0	0	0	0	0	0	0	0	8.2455e-05	0.00092946	0	0	0	4.7528e-05	0	0	0	0	0	0	0	0	0
Peptacetobacter	0	0.00011983	0	0	0	0	0	0.00026176	8.049e-05	0.00017533	3.9344e-05	5.7106e-05	0	0	5.4726e-05	0.00010381	3.8937e-05	0.00010994	0	0	0	5.4767e-05	0	0	0	0.00010876	0	0	0	0	0	0
Obesumbacterium	0	0	0	0	0	0.00011602	0	0	0	0	8.8525e-05	0.00037309	0	0	0	0	9.8641e-05	0.00052679	0	0	0	0	0	0	0	0	0	0	0	0	0	0
Melissococcus	0	0	0.00025624	0	0	0	0	0	0.00012212	6.5748e-05	4.2623e-05	0	0	0	0.00012404	6.4262e-05	4.6725e-05	0	0	0	0	4.4498e-05	5.3119e-05	0	4.6772e-05	6.4265e-05	6.8545e-05	4.9492e-05	0	6.2303e-05	0	8.2243e-05
Halomicrococcus	0	0	0.00021206	0	0	0	0.00096905	0	0	0	0	0	0	0	0	0	0	0	0	0	0	0	0	0	0	0	0	0	0	0	0	0
Thalassolituus	0	0	0	0	0	0.00081516	0	0	0	0	0	0	0	0	0	0	0	0.00010536	0.0001374	0	0	0.0001198	0	0	0	0	0	0	0	0	0	0
Egibacter	0	0	0	0	0	0	0	0	0.00012767	0.00032874	0	0	0	0	9.1209e-05	0.00014335	0	0	5.1188e-05	0	0	5.1344e-05	0	0	0.00014421	0.00012853	0	0	0	0	0	0.0001028
Undibacterium	0	0	0	0	0	0.00013433	0.00016366	0	0	0	0	0	0	0	0	0	0	5.9551e-05	0.00081092	0	0	0	0	0	0	0	0	0	0	0	0	0
Orientia	0	0.00014748	0	0	0	0	0	0.00018978	0.00015821	0.00011396	0	9.5177e-05	0	2.8257e-05	0	0	0	0.00025653	0	3.8719e-05	0	0	0	0	0.00014032	0	0	0	0	0	0	0
Collimonas	0	0	0	0	0	0.0006045	0	0	0	0	0	0	0	0	0	0	0.00032188	5.0389e-05	0.00018859	0	0	0	0	0	0	0	0	0	0	0	0	0
Desulfofundulus	0	0	0	0.00060873	0	0	0	0	0	5.6982e-05	9.1804e-05	0	0	0	0	0.00016313	6.23e-05	0	0	0	0	4.1075e-05	0	0	0	0	3.7388e-05	0	0	0	0	9.0467e-05
Thiosocius	0	0	0	0	0	0.00018013	0.00021534	0	0	0	0	0	3.493e-05	0	0	0	0	0	0.00071932	0	0	0	0	0	0	0	0	0	0	0	0	0
Aristaeella	0	0	0	0	0	0	4.3069e-05	0	0	0.00021478	0	0	0	0	0	0.00016313	0	0	0.00034754	0	0	8.215e-05	0	5.1225e-05	0	0.00010381	0	0	0	0	0	0.00014393
Miniimonas	0	0	0	0	0	0	0	0	6.1062e-05	0.00033312	0	0	0	0	0	0.00016313	0	0	0	0	0	8.5573e-05	0	0	0.0001715	0.00013347	0	0	0	0	0	0.0002015
Mesomycoplasma	0	0	0.00020323	0	0	0	0	9.816e-05	0.0002498	5.2599e-05	0	0	0	0	0.0002262	0.00012852	0	0	0	0	0	0	6.7098e-05	0	5.067e-05	0	0	0	0	0	0	6.5794e-05
Mariniflexile	0	0	0	0	0	0	0	0.00037301	4.7184e-05	0	0	0	0	0.00010455	4.0132e-05	0	0	0	0	0.00014842	0	0	0	0.00010672	0.0001715	0	0	0	0.00010469	4.4502e-05	0	0
Echinicola	0	0	0	0	0	0	0	0.00024867	0.00019151	0	0	0	0	3.6735e-05	0	0	0	0.00013284	0	0	0	0	0	0	0.00038587	7.4152e-05	0	0	0	6.8236e-05	0	0
Halioglobus	0	0	0	0	4.3443e-05	6.4114e-05	0.00013351	0	0	0	4.9181e-05	0	0	0	0	8.4035e-05	0.00017911	0	0.00031251	0	0	0.00010269	0	0	0	0	7.7892e-05	0	0	0	8.9011e-05	0
Desulfoglaeba	0	0	0	0.00080637	0	0	0	0	0	4.8215e-05	4.5902e-05	0	0	0	0	8.8979e-05	0	0	0	0	0	0	0	0	0	9.3926e-05	0	0	0	0	0	4.9346e-05
Helcobacillus	0	0	0	0	0	0	0	0	5.5511e-05	0.00042517	0	0	0	0	8.3913e-05	0.00019773	0	0	0	0	0	0	0	0	0.00010524	0.00014336	0	0	0	0	0	0.00011925
Anaerococcus	0	0	0.00014137	0	0	0	0	0.00050389	0.00014988	0.00010081	0	0	0	0	5.8374e-05	0	0	0	0	8.7118e-05	0	0	0	8.5374e-05	0	0	0	0	0	0	0	0
Nordella	0	0	0	0	0	0	0.00019812	0	0	0	0	0	5.2394e-05	0	0	0	0	0	0.00087558	0	0	0	0	0	0	0	0	0	0	0	0	0
Larmunavirus	0	0	0	0	0	0	0	0	0.00025257	0	0	0	0	0	0.00020431	0	0	0	0	0	0.00015519	0	0	0	0.00026894	0	0	0	0	0.00022548	0	0
Crateriforma	0	0	0	0	0	0	0	0	0	0.00040764	3.9344e-05	0	0	0	0	0.00026694	0	0	0	0	0	5.4767e-05	0	0	0	0.00016808	0	0	0	0	0	0.00016449
Natronosalvus	0	0	0	0	0	0	0.0010983	0	0	0	0	0	0	0	0	0	0	0	0	0	0	0	0	0	0	0	0	0	0	0	0	0
Microvirga	0	0	0	0	0	9.4645e-05	0	0	0	0.00042517	0	0	0	0	0	0.00023728	0	0	3.2329e-05	0	0	9.5842e-05	0	0	0	6.9209e-05	0	0	0	0	0	0.00013981
Chitinibacter	0	0	0	0	0	0	0.00028856	0	0	0	0	0	0	0	0	0	0	0	0.00080553	0	0	0	0	0	0	0	0	0	0	0	0	0
Sulfurimonas	0	0	9.7195e-05	0	0	8.8538e-05	6.891e-05	0.0002683	0.00011657	0	4.9181e-05	0	0	0	0.0001204	0	6.23e-05	6.4131e-05	0	0	0	0	0	4.2687e-05	4.2874e-05	0	3.1157e-05	0	3.695e-05	0	0	0
Anaerobutyricum	0	0	0	0	0	0	0	0	4.4409e-05	0.00013588	0.00018361	0	0	0	0	0.00015324	0.00021026	0	0	0	0	0	0	0	0	8.4039e-05	8.4124e-05	0	0	0	8.5832e-05	0.00010692
Natrialba	0	0	0	0	0	0	0.00048237	0	4.996e-05	0	0	0	0	0	0	0	0	0	0.00050649	0	0	0	0	0	4.2874e-05	0	0	0	0	0	0	0
Treponema	0	0	0.00014137	0	4.7787e-05	3.6637e-05	0	0	0.00013045	0	0.00010164	0	0	0	5.1077e-05	0	9.3449e-05	0	0.00015895	0	0	0	0	0	0.00017929	0	4.362e-05	0	0	3.8568e-05	5.7221e-05	0
Rhodoluna	0	0	0	0	0	7.9379e-05	0	0	0	0.00049969	0	0	0	0	0	0.0001829	0	0	0	0	0	6.5036e-05	0	0	0	8.8983e-05	0	0	0	0	0	0.00016037
Loktanella	0	0	0	0	0	0	0	0	0.00011102	5.2599e-05	9.1804e-05	6.8527e-05	0	0	7.2968e-05	0	6.4895e-05	0.00014201	3.2329e-05	0	7.9691e-05	0	4.1936e-05	0	6.2363e-05	0	3.7388e-05	6.049e-05	0	7.7137e-05	7.6295e-05	0
Roseicitreum	0	0	0	0	0	0	6.891e-05	0	3.0531e-05	0	8.5246e-05	0	0	0	4.0132e-05	0	4.932e-05	0.00014659	0.00011046	0	0.00011324	0	6.1506e-05	0	0	0	9.0355e-05	0.00010173	0	7.7137e-05	9.5368e-05	0
Profundibacter	0	0	0	0.00021345	0	0	0	0	5.2735e-05	0	8.8525e-05	0	0	0	4.3781e-05	6.9206e-05	8.5662e-05	5.0389e-05	3.2329e-05	0	9.2273e-05	0	4.1936e-05	0	4.6772e-05	0	6.5429e-05	3.2995e-05	0	7.417e-05	7.9474e-05	0
Paludisphaera	0	0	0	0	0	0	0.0001249	0	0	0.00023231	0	0	0	0	0	0.00015818	0	0	0.00026402	0	0	4.4498e-05	0	0	0	0.00012359	0	0	0	0	0	0.00011925
Bythopirellula	0	0	0	0.00069569	0	0	0	0	0	4.8215e-05	3.6066e-05	0	0	0	0	9.8865e-05	2.5958e-05	0	0	0	0	3.4229e-05	0	0	0	0.00012359	0	0	0	0	0	0
Halomontanus	0	0	0	0	0	0	0.00071925	0	3.3306e-05	0	3.2787e-05	0	0	0	0	0	4.6725e-05	0	0.00016703	0	0	0	0	0	6.2363e-05	0	0	0	0	0	0	0
Haematobacter	0	0	0	0	0	0.00022287	0	0	4.996e-05	0	9.1804e-05	0	0	0	0	0	7.0087e-05	0.00012368	0.00014279	0	0.00015099	0	0	0	0	0	9.6586e-05	0	0	0.00010977	0	0
Desulfotomaculum	0	0	0	0	0	0	0	0	3.8857e-05	0	0	0.00051015	0	0	0	0.0001137	4.932e-05	0.00028859	0	0	0	5.4767e-05	0	0	0	0	0	0	0	0	0	0
Aestuariispira	0	0	0	0	0	0	0	0	0	0.00038572	0	0	0	0	0	0.00029165	0	0	5.3882e-05	0	0	5.1344e-05	0	0	0	0.00015819	3.1157e-05	0	0	0	0	8.2243e-05
Fimbriimonas	0	0	0	0	0	0	0.00022827	0	0.00022482	0	0	0	0	0	0.00017512	0	3.3746e-05	0	5.1188e-05	0	0.00017196	0	3.0753e-05	0	0	0	0	6.049e-05	0	7.7137e-05	0	0
Halothece	0	0	0	0.00053758	0	0	0	0	0	6.1365e-05	0	0	0	0	0	0.00015818	3.8937e-05	0	0	0	0	3.7652e-05	0	0	0	8.4039e-05	0	0	0	0	5.4042e-05	7.4019e-05
Capnocytophaga	0	0	0	0	0	0	0	0.00019632	0.00018041	0	0	0.00011802	0	0	0	0	0	0.00015575	0	0	0	0	0	0	0.00039367	0	0	0	0	0	0	0
Tatumella	0	0	0	0	0	0	0	0	5.2735e-05	0	0.00034099	9.8984e-05	0	0	0	0	0.00024141	8.7035e-05	0	0	0	0	4.1936e-05	0	0	0	9.0355e-05	0	0	0	8.9011e-05	0
Ignatzschineria	0	0	0	0	0	0	0	0	4.1633e-05	0	3.6066e-05	0	0	0	4.3781e-05	0	0	0	0	0	5.0331e-05	0	0	0	0	0	0	0	0	0.0008663	0	0
Ciceribacter	0	0	0	0	0	0	6.0297e-05	0.00032066	0	0	0	0.00012944	0	0	0	0	4.932e-05	0.00037563	0	0	0	9.9265e-05	0	0	0	0	0	0	0	0	0	0
Segniliparus	0	0	0	0	0	0	0	0	3.8857e-05	0.00030683	0	0	0	0	0	0.00025211	0	0	0	0	0	7.1882e-05	0	0	4.2874e-05	0.00013842	0	0	0	0	0	0.00017271
Neotabrizicola	0	0	0	0	0	0	6.0297e-05	0	8.3266e-05	0	0.00010492	0	0	0	5.8374e-05	0	5.4512e-05	0.00010078	5.6576e-05	0	9.6468e-05	0	7.2689e-05	0	5.067e-05	0	8.4124e-05	4.9492e-05	0	5.6369e-05	9.2189e-05	0
Miniphocaeibacter	0	0	0	0	0	0	0	0	0	0.0001578	8.1968e-05	0	0	0	0	0.00026694	6.23e-05	0	0	0	0	9.5842e-05	0	0	0	0.0002274	0	0	0	0	0	0.00012748
Aquitalea	0	0	0	0	0	0.00067167	0.00010337	0	0	0	0	0	0	0	0	0	0	6.4131e-05	6.4658e-05	0	0	0.00011296	0	0	0	0	0	0	0	0	0	0
Tabrizicola	0	0	0	0	0	0	0	0	4.7184e-05	0	8.8525e-05	7.6142e-05	6.9859e-05	0	5.8374e-05	0	5.4512e-05	5.9551e-05	4.5799e-05	0	0.0001468	0	5.3119e-05	0	0	0	8.1008e-05	0	0	7.1203e-05	9.2189e-05	6.9906e-05
Nodularia	0	0	0	0.00018183	0	0	0	0	0.00020817	0.0001052	0	0	0	0	0.00026268	0	0	0	0	0	7.9691e-05	0	0	0	9.7442e-05	0	0	0	0	7.7137e-05	0	0
Melittangium	0	0	0	0	0	0	0	0	0	0.00043394	0	0	0	0	0	0.00022739	0	0	0	0	0	5.4767e-05	0	0	0	0.00015325	0	0	0	0	0	0.00013981
Microvirgula	0	0	0	0	0	0.00084569	0	0	0	0	0	7.9949e-05	0	0	0	0	0	4.5808e-05	0	0	0	0	0	0	0	0	3.7388e-05	0	0	0	0	0
Metasolibacillus	0	0	0	0	0	0	0	0	0.00041355	0	0	0	0	0	0.00043781	0	0	0	0	0	0	0	0	0	0	0	0	0	0	0.00015427	0	0
Fontisubflavum	0	0	0	0	0	0	6.891e-05	0	5.8286e-05	0	9.1804e-05	0	5.5887e-05	0	7.2968e-05	0	5.9704e-05	0.00010994	5.6576e-05	0	9.2273e-05	0	8.6668e-05	0	0	0	4.6735e-05	5.2242e-05	0	4.4502e-05	5.7221e-05	4.9346e-05
Halanaerobium	0	0	0	0	0	0	0	0	9.4368e-05	0.00019724	8.8525e-05	0	0	0	0	0.00011864	0.0001246	4.5808e-05	0	3.8719e-05	0	0.00012665	0	0	0	0.0001137	0	0	0	0	0	5.3458e-05
Vaginimicrobium	0	0	0	0	0	0	0	0	0	0.00042079	0	0	0	0	0	0.00024716	0	0	0	0	0	9.5842e-05	0	0	0	0.00013347	0	0	0	0	0	9.8691e-05
Mannheimia	0	0	0	0	6.082e-05	9.7698e-05	0	0	0	9.6431e-05	0.00016394	0	0	0	0	0.00012852	0.00014796	0	0	0	0	0	0	0	0	0.00011864	6.8545e-05	0	0	0	5.0863e-05	6.1682e-05
Acidianus	0	0	0	0	0	0	6.0297e-05	0	8.8817e-05	0.0001052	4.2623e-05	0	4.1915e-05	0	8.3913e-05	6.4262e-05	4.6725e-05	0	2.6941e-05	0	0	4.1075e-05	0.00020129	0	0	0	0	8.7986e-05	0	0	0	0.0001028
Gemmata	0	0	0.00057433	0	0	0	0	0	0	0.00018848	0	0	0	0	0	5.9319e-05	0	0	4.3105e-05	0	0	0	0	0	0	6.9209e-05	0	0	0	0	0	5.757e-05
Oricola	0	0	0	0	0	0	0.00018089	0	0	0	0	0	0	0	0	0.00014335	4.1533e-05	0	0.00040411	0	0	0.00013692	4.1936e-05	0	0	0	3.7388e-05	0	0	0	0	0
Aliamphritea	0	0	0	0	0	0.00012212	0.0001895	0	0	0	0	0	0	0	0	7.9092e-05	5.1916e-05	8.7035e-05	0.00029096	0	0	0.0001643	0	0	0	0	0	0	0	0	0	0
Enterobacteriaceae	0	0	8.8359e-05	0	0	0	0	0	0.00038025	0	5.5738e-05	0	0	0	0.00016053	0	5.4512e-05	0	0	0	0	0	0	0	0.0001637	0	3.1157e-05	0	0	0	4.1326e-05	0
Brachyspira	0	0	0.00027391	0	0	0	0	0	0.00015543	0	0	8.3756e-05	0	0	5.1077e-05	0	0	0.00015575	0	0	0	0	0	0	0.00025335	0	0	0	0	0	0	0
Cloacibacterium	0	0	0.00097195	0	0	0	0	0	0	0	0	0	0	0	0	0	0	0	0	0	0	0	0	0	0	0	0	0	0	0	0	0
Porphyromonas	0	0	0	0	0	0.00083348	0	0	3.0531e-05	0	0	0	0	0	0	0	0	5.497e-05	0	0	0	0	0	0	5.067e-05	0	0	0	0	0	0	0
Hyphomonas	0	0	0	0	0.00026935	0	0	0	9.9919e-05	0.00017971	0	0	0	0	6.5671e-05	0.00012358	4.1533e-05	0	0	0	0	4.7921e-05	0	0	0	8.4039e-05	0	0	0	0	0	5.3458e-05
Halanaeroarchaeum	0	0	0	0	0	0	0.00096474	0	0	0	0	0	0	0	0	0	0	0	0	0	0	0	0	0	0	0	0	0	0	0	0	0
Alkalibacterium	0	0	0	0.00024507	0	0	0	0	0	0	0.00018689	0	0	0	0	0	0.00011422	0	0	0	0	0	0	0	0.00010524	0	0.00013086	0	0	5.0436e-05	0.00012398	0
Saxibacter	0	0	0	0	0	6.4114e-05	0	0	0	0.00037696	0	0	0	0	0	0.00017796	0	0	0	0	0	5.4767e-05	0	0	0	0.00013842	0	0	0	0	0	0.00014393
Emergencia	0	0	0	0	7.8197e-05	0.00026867	0	0	5.8286e-05	0	7.2131e-05	0	0	0	6.9319e-05	0	8.8258e-05	0	0	0	4.1942e-05	0	0	0	0.00014811	0	7.1661e-05	0	0	5.9336e-05	0	0
Phreatobacter	0	0	0	0	0	0	6.0297e-05	0	0	0.00023231	0	0	0	0	0	6.9206e-05	0	0	0.00049302	0	0	0	0	0	0	0	0	0	0	0	0	9.8691e-05
Dysgonomonas	0	0	0	0.00067197	0	0	0	0	4.996e-05	4.8215e-05	3.2787e-05	0	0	0	6.2022e-05	4.9433e-05	0	0	0	0	0	0	0	0	3.8977e-05	0	0	0	0	0	0	0
Magnetococcus	0	0	0	0	0	0	0.00014213	0.00011125	0	0	0	6.0913e-05	0	0	0	0	0	4.5808e-05	0.0005469	0	0	0	0	0	0	0	3.1157e-05	0	0	0	0	0
Allocoprobacillus	0	0.00011061	0	0	0	0	0	0.0001047	0.000136	0.00010958	0	0	0	0	9.1209e-05	0.00015324	0	0	0	0	0	0	0	0	0.00012083	0	0	0	0	4.1535e-05	0	6.9906e-05
Thermodesulfobacterium	0	0	0	0	0	0	0	0.00051043	0	0	8.1968e-05	0	0	0	0	0	5.4512e-05	0	0	9.0345e-05	0	0	0	0.00011099	0	0	0	0	3.0792e-05	0	5.4042e-05	0
Halopiger	0	0	0	0	0	0	0.00058574	0	0	0.00014903	0	0	0	0	0	0.0001483	0	0	0	0	0	4.4498e-05	0	0	0	0	0	0	0	0	0	0
Subtercola	0	0	0	0	0	0	0	0	0	0.00038134	0	0	0	0	0	0.00026199	0	0	0	0	0	4.7921e-05	0	0	0	0.00015325	0	0	0	0	0	8.2243e-05
Richelia	0	0	0	0	0	0	0	0	0.0001249	0	0	0	0	0	0.0001058	0	0	0	0	0	9.6468e-05	0	0	0	0.00049111	0	0	0	0	0.0001068	0	0
Aphroditevirus	0	0	0	0	0	0	0.00013782	0	0	0	0	0	4.1915e-05	0	0	0	0	0	0.00071663	0	0	0	2.7957e-05	0	0	0	0	0	0	0	0	0
unidentified	0	0	0.00011487	0	0	0	0	0	4.4409e-05	0	0.00013771	0	0	0	7.2968e-05	0	0.00010902	0	0	0	0	4.4498e-05	0	0	0.00014811	0	0.00015267	0	0	0	9.8547e-05	0
Paroceanicella	0	0	0	0	0	0	0	0	6.3837e-05	0	9.8361e-05	9.8984e-05	0	0	5.4726e-05	0	0	0.00012826	0.0001347	0	0.00012583	0	0	0	0	0	0	0	0	5.9336e-05	7.6295e-05	8.2243e-05
Dokdonella	0	0	0	0	0	8.5485e-05	0.00017228	0	0	0	0	0	0	0	0	9.3922e-05	6.7491e-05	0	0.00040681	0	0	9.5842e-05	0	0	0	0	0	0	0	0	0	0
Caldinitratiruptor	0	0	0	0	0	0	0	0	0	0.00032436	0	0	0	0	0	0.00015818	0	0	0	0	0	5.4767e-05	0	0	0	0.00019774	0	0	0	0	0	0.00018093
Pontivivens	0	0	0	0	0	0	0	0	4.7184e-05	0	3.9344e-05	0	6.6366e-05	0	0	0	8.8258e-05	8.7035e-05	0.00014817	0	0.00013002	0	5.0323e-05	0	0	0	6.5429e-05	3.2995e-05	0	7.1203e-05	8.9011e-05	0
Blastopirellula	0	0	0	7.9056e-05	0	0	0	0	0	0.00024108	0	0	0	0	0	0.00019279	0	0	7.5434e-05	0	0	4.4498e-05	0	0	0	0.00012853	0	0	0	0	0	0.00014804
Thiorhodovibrio	0	0	0	0	0	0.00014655	0.00011629	0	0	0	0	0	4.5408e-05	0	0	5.4376e-05	5.1916e-05	0	0.00032598	0	0	0.00016772	0	0	0	0	0	0	0	0	0	0
Acutalibacter	0	0	0	0	0	0	0	0	3.0531e-05	0.00014903	0	0	0	0	4.7429e-05	0.00020762	0	0	0	0	0	7.1882e-05	0	0	6.6261e-05	0.00015819	0	0	0	0	0	0.00017682
Defluviimonas	0	0	0	0	0	0	0	0	4.1633e-05	0	8.5246e-05	6.472e-05	0	0	0	0	6.23e-05	6.4131e-05	0	0	0.00011744	0	7.8281e-05	0	0	0	5.6082e-05	7.6988e-05	0	8.9004e-05	7.3116e-05	9.8691e-05
Oryzisolibacter	0	0	0	0	0	7.022e-05	0.00012059	0	0	0	0	0	0	0	0	0	0	0	0.00071663	0	0	0	0	0	0	0	0	0	0	0	0	0
Lonsdalea	0	0	0	0	0	0	0	0	0	0	0.00025574	0.00011421	0	0	0	0	0.00023103	5.497e-05	5.1188e-05	0	0	0	0	0	0	0	0.00012774	0	0	0	6.9937e-05	0
Rhodophyticola	0	0	0	0	0	0	0	0	4.1633e-05	0	5.5738e-05	0	0	0	8.7561e-05	0	5.9704e-05	8.7035e-05	4.5799e-05	0	0.00013422	0	6.9893e-05	0	0	0	7.7892e-05	6.049e-05	0	8.6037e-05	9.5368e-05	0
Desulfuromonas	0	0	0	0	0	3.3584e-05	0	0	6.1062e-05	0.00021478	0	0	0	0	0	0.00022245	0	0	5.6576e-05	0	0	0	0	0	0.00010914	0.00012853	0	0	0	0	0	7.4019e-05
Marichromatium	0	0	0	0	0	0	0.00022396	0	0	0	0	0	0	0	0	0.00012358	0.00010383	0	0.00021822	0	0	0.00022934	0	0	0	0	0	0	0	0	0	0
Megamonas	0	0	0	0	0	5.1902e-05	0	9.816e-05	0.00014433	8.3281e-05	0	0	0	0	0.00014594	7.4149e-05	0.00012979	4.5808e-05	0	0	0	7.1882e-05	0	0	0	0	0	0	0	0	0	5.3458e-05
Brooklawnia	0	0	0	0	0	0	0	0	3.3306e-05	0.00021916	0	0	0	0	0	0.00015818	0	0	0	0	6.7108e-05	5.819e-05	0	0	0	9.887e-05	0	0	0	8.6037e-05	0	0.00017682
Parasedimentitalea	0	0	0	0	0	0.00023203	0	0	4.1633e-05	0	8.1968e-05	0	0	0	0	0	6.7491e-05	0	8.6211e-05	0	0.00015938	0	3.3549e-05	0	0	0	4.9851e-05	4.6743e-05	0	4.7469e-05	5.0863e-05	0
Thiobacillus	0	0	0	0	0	0.00035415	8.6138e-05	0	0	0	0	0	0	0	0	0	0	0	0.0004122	0	0	4.4498e-05	0	0	0	0	0	0	0	0	0	0
Pseudoroseomonas	0	0	0	0	0	0.00026562	9.0445e-05	0	3.6082e-05	0	0	0	0	0	0	0	0	0	0.00046338	0	0	0	0	0	0	0	4.0504e-05	0	0	0	0	0
Urbifossiella	0	0	0	0	0	0	0	0	0	0.00031997	0	0	0	0	0	0.00020267	0	0	0	0	0	6.5036e-05	0	0	0	0.00015325	0	0	0	0	0	0.00015215
Sulfidibacter	0	0	0	0	0	0	0.00011198	0	0	7.0131e-05	0	0	3.493e-05	0	0	0	3.6341e-05	0	0.00039334	0	0	0	0	0	8.5749e-05	5.9322e-05	0	0	0	5.6369e-05	0	4.1121e-05
Guyparkeria	0	0	0	0	0	0	8.6138e-05	0	0	0	0	5.3299e-05	0	0	0	5.9319e-05	4.4129e-05	0.00010994	0.00046069	0	0	7.5305e-05	0	0	0	0	0	0	0	0	0	0
Natronorubrum	0	0	0	0	0	0	0.00088722	0	0	0	0	0	0	0	0	0	0	0	0	0	0	0	0	0	0	0	0	0	0	0	0	0
Falsirhodobacter	0	0	0	0	0	0	6.891e-05	0	3.3306e-05	0	0	0	0	0	0	7.4149e-05	7.0087e-05	0	4.0411e-05	0	0.00010066	8.215e-05	7.2689e-05	0	0	0	8.7239e-05	5.2242e-05	0	6.527e-05	6.3579e-05	7.4019e-05
Micropruina	0	0	0	0	0	0	0	0	0	0.00028053	0	4.5685e-05	0	0	0	0.00011864	5.4512e-05	0	0	0	0	5.1344e-05	5.0323e-05	0	0	0.0001137	0	0	0	8.6037e-05	0	8.2243e-05
Solicola	0	0	0	0	0	0	0	0	6.1062e-05	0.00019724	0	0	0	0	6.9319e-05	0.00016313	0	0	0	0	0	4.4498e-05	0	0	0.00017929	6.9209e-05	0	0	0	0	0	9.8691e-05
Humisphaera	0	0	0	0	0.00017812	0	0.00016366	0	0	0	0	0	0	0	0	0	2.5958e-05	0	0.00051457	0	0	0	0	0	0	0	0	0	0	0	0	0
Thiocapsa	0	0	0	0	0	0	5.599e-05	0	0	0.00016656	0	0	0	0	0	0.00019279	3.6341e-05	0	0.00014009	0	0	7.8727e-05	0	0	0	0.00013347	0	0	0	0	0	7.8131e-05
Gemmatimonas	0	0	0	0	0	0	0	0	0	0.00037696	0	0	0	0	0	0.00018784	0	0	0	0	0	6.1613e-05	0	0	0	0.0001483	0	0	0	0	0	0.00010692
Plesiomonas	0	0	8.8359e-05	0	0	0.00039384	0	0	0	0	9.5082e-05	0	0	0	0	0	5.9704e-05	9.1616e-05	6.1964e-05	0	0	0	0	0	3.8977e-05	0	0	0	0	0	3.8147e-05	0
Aequorivita	0	0.00013826	0	0	0	0	0	0.00041227	0	0	0	0	0	9.6075e-05	0	0	0	7.7874e-05	0	4.5172e-05	0	0	0	5.1225e-05	0	0	0	0	4.3108e-05	0	0	0
Pseudolysobacter	0	0	0	0	0	0	0.00021965	0	0	0	0	0	0	0	0	5.4376e-05	7.2683e-05	0	0.00037987	0	0	0.00013692	0	0	0	0	0	0	0	0	0	0
Muribaculum	0	0	0.00060968	0	4.7787e-05	0.00020455	0	0	0	0	0	0	0	0	0	0	0	0	0	0	0	0	0	0	0	0	0	0	0	0	0	0
Stigmatella	0	0	0	0	0	0	0	0	0	0.00030683	0	0	0	0	0	0.00021256	0	0	0	0	0	7.8727e-05	0	0	0	0.0001137	0	0	0	0	0	0.00014804
Halopenitus	0	0	0	0	0	0	0.00077524	0	0	0	0	0	4.8901e-05	0	0	0	0	0	3.2329e-05	0	0	0	0	0	0	0	0	0	0	0	0	0
Rhadinovirus	0	0.00037791	0	0	0	0	0	0.00019632	0	0	0	0.00010279	0	0	0	0	0	0.00017865	0	0	0	0	0	0	0	0	0	0	0	0	0	0
Claveliimonas	0	0	0	0	0	0	0	0	4.7184e-05	0.00012273	0.0001082	0	0	0	0	0.00016313	6.23e-05	0	0	0	0	6.1613e-05	0	0	0	7.4152e-05	3.7388e-05	0	0	0	8.2653e-05	9.4579e-05
Varunaivibrio	0	0	0	0	0	0	0	0	0	0.00029806	0	0	0	0	0	0.0001829	3.115e-05	0	0	0	0	0.00010269	0	0	0	0.00010876	0	0	0	0	0	0.00012748
Pelagerythrobacter	0	0	0	0	0	0.0006961	0	0	0	0	0	7.2335e-05	0	0	0	0	0	8.2455e-05	0	0	0	0	0	0	0	0	0	0	0	0	0	0
Alteracholeplasma	0	0	0	0	0	0	0	0.00019632	3.3306e-05	0	0	3.8071e-05	0	6.7818e-05	0	0	0	0.00022904	0	5.1626e-05	0	0	0	7.6837e-05	3.8977e-05	0	0	0	8.0058e-05	3.5602e-05	0	0
Aminipila	0	0	0	0	0	0	0	7.8528e-05	0.000136	0.00014903	0	0	0	0	6.9319e-05	0.00015324	0	0	0	3.5493e-05	5.4525e-05	0	0	0	0.00012083	0	0	0	0	5.0436e-05	0	0
Solitalea	0	0.00010139	0	0	0	0	0	0.00024213	7.7715e-05	0	0	4.1878e-05	0	0	0	0	0	0.00010994	0	0	0	0	0	0	0.00022996	0	0	0	0	4.1535e-05	0	0
Winogradskyella	0	0	0	0	0	0	0	0	4.7184e-05	0	0	0	0	3.1083e-05	0	0	0	7.3293e-05	0	0	0	0	0	5.9762e-05	6.6261e-05	0	0.00042373	0	0	0	0.00013987	0
Limnobacter	0	0	0	0	0	0	0.0001249	0	0	0	0	0	0	0	0	0	0	0	0.00067352	0	0	4.1075e-05	0	0	0	0	0	0	0	0	0	0
Bacterioplanoides	0	0	0	0	0	3.3584e-05	0.00011198	0	0	0	0	0	3.8423e-05	0	0	0	2.8554e-05	0	0.00062503	0	0	0	0	0	0	0	0	0	0	0	0	0
Archangium	0	9.2174e-05	0	0	0	3.053e-05	6.4603e-05	0	3.0531e-05	7.4515e-05	0	0	0	0	0	7.9092e-05	5.7108e-05	0	0.00012932	0	0	0.00010269	0	0	0	8.4039e-05	0	0	0	0	9.2189e-05	0
Aggregatibacter	0	0	0	0	0	0.00053123	0	0	0.0001471	0	0	0	0	0	9.4858e-05	0	0	0	0	0	0	0	0	0	0	0	6.2314e-05	0	0	0	0	0
Nitrogeniibacter	0	0	0	0	0	0.00031752	8.1831e-05	0	0	7.8898e-05	0	5.3299e-05	0	0	0	7.9092e-05	3.3746e-05	0	0.00013201	0	0	5.819e-05	0	0	0	0	0	0	0	0	0	0
Kaistia	0	0	0	0	0	0	6.4603e-05	0	0	0.00019724	0	0	0	0	5.4726e-05	0.00010875	4.6725e-05	0	4.3105e-05	0	0	9.5842e-05	0	0	0	0.00012853	0	0	0	0	0	9.4579e-05
Gynuella	0	0.00077426	0	0	0	0	5.1683e-05	0	0	0	0	0	0	0	0	0	0	0	0	0	0	0	0	0	0	0	0	0	0	0	0	0
Rhodocaloribacter	0	0	0	0	0	0	0	0	0	0.00032436	0	0	0	0	0	0.00016313	0	0	0	0	0	7.8727e-05	0	0	4.2874e-05	0.0001137	0	0	0	0	0	0.0001028
Thiothrix	0	0.00010139	0	0	0	0.00028393	0.00016366	0	0	0	0	0	0	0	0	5.9319e-05	6.7491e-05	0	0	0	0	0.00010611	0	0	0	0	4.362e-05	0	0	0	0	0
Tepidiforma	0	0.00012904	0.00064502	0	0	0	0	0	0	0	0	0	0	0	0	0	0	0	4.5799e-05	0	0	0	0	0	0	0	0	0	0	0	0	0
Luteolibacter	0	0	0	0	4.3443e-05	0	0	0	0	0.00020601	0	0	0	0	0	0.00011864	0	0	0.00017781	0	0	4.7921e-05	0	0	0	0.0001137	0	0	0	0	0	0.00011103
Intestinibacter	0	0	0	0	0	0	0	0.00011125	9.7144e-05	0.00017095	4.9181e-05	0	0	0	7.2968e-05	5.4376e-05	3.6341e-05	0	0	0	0	4.7921e-05	0	4.6956e-05	0	0.00012853	0	0	0	0	0	0
Suicoccus	0	0	0	0	0	0.00036637	0	0	3.8857e-05	0	0	6.8527e-05	0	0	6.5671e-05	0	0	0.00013284	0	0	5.0331e-05	0	0	0	0	0	0	0	0	5.0436e-05	0	4.1121e-05
Roseitalea	0	0	0	0	0	0	7.7524e-05	0	3.6082e-05	0	0	0	0	0	4.0132e-05	0	3.8937e-05	5.497e-05	0.00031521	0	7.9691e-05	0	0	0	0	0	3.7388e-05	7.9737e-05	0	0	5.4042e-05	0
Christiangramia	0	0	0	0	0	0	0	0.00026176	7.7715e-05	0	0	0	0	0	5.1077e-05	0	0	0	0	0	0	0	0	8.1106e-05	0.00026894	0	0	0	0	7.1203e-05	0	0
Vulcanimicrobium	0	0	0	0	0.00012598	0	0	0	0	0.00021039	0	0	0	0	0	0.00010381	0	0	7.5434e-05	0	0	4.7921e-05	0	0	0	0.00012359	0	0	0	0	0	0.00012336
Quatrionicoccus	0	0	0.00027391	0	0	0	6.4603e-05	0	0	7.4515e-05	0	0.00017893	0	0	0	0	4.932e-05	0	4.0411e-05	0	0	0	5.3119e-05	0	0	7.4152e-05	0	0	0	0	0	0
Labrenzia	0	0	0	0	0	0	0	0	5.8286e-05	0.00021039	0	0	0	0	7.2968e-05	9.8865e-05	0	0	5.3882e-05	0	0	4.1075e-05	0	0	0	0.00016314	0	0	0	0	0	0.00010692
Sulfurihydrogenibium	0	0	0	0	7.8197e-05	0	0	0	0	5.2599e-05	0	8.3756e-05	0	0	0	6.9206e-05	7.2683e-05	0.00039395	0	0	0	0	0	0	5.4568e-05	0	0	0	0	0	0	0
Gemmatirosa	0	0	0	0	0	0	0	0	0	0.00026738	0	0	0	0	0	0.00019773	0	0	4.3105e-05	0	0	8.5573e-05	0	0	0	0.00010876	0	0	0	0	0	8.6355e-05
Salinarchaeum	0	0	0	0	0	0	0.00078816	0	0	0	0	0	0	0	0	0	0	0	0	0	0	0	0	0	0	0	0	0	0	0	0	0
Meiothermus	0	0	0.0006892	0	0	0	0	0	4.4409e-05	0	0	0	0	0	4.7429e-05	0	0	0	0	0	0	0	0	0	0	0	0	0	0	0	0	0
Parazoarcus	0	0	0	0	0	8.2432e-05	0.00012921	0	0	0	0	0	0	0	0	0	0	5.497e-05	0.00051188	0	0	0	0	0	0	0	0	0	0	0	0	0
Rugamonas	0	0	0	0	0	0	9.0445e-05	0	0	0.00010081	0	0	0	0	0	0	3.8937e-05	0	0.00049841	0	0	0	0	0	0	0	0	0	0	0	0	4.9346e-05
Zobellia	0	0.00035026	0	0.00019764	0	0	0	0	0	0	0	0	0	0	0	7.9092e-05	0	0	0	0	0	0	0	0	0	5.9322e-05	0	0	0	0	0	9.0467e-05
Natribaculum	0	0	0	0	0	0	0.00077524	0	0	0	0	0	0	0	0	0	0	0	0	0	0	0	0	0	0	0	0	0	0	0	0	0
Acuticoccus	0	0	0.00043296	0	0	0	0	0	6.6613e-05	0	0	0	0	0	0	0	0	0	7.8128e-05	0	0	0	0	0	0.00015201	0	0	0	0	0	4.4505e-05	0
Saccharophagus	0	0	0	0	0	9.4645e-05	0.00015074	0	0	0	0	0	0	0	0	0	0	0	0.00052804	0	0	0	0	0	0	0	0	0	0	0	0	0
Ruoffia	0	0	0	0	0	0	0	0	8.049e-05	8.7664e-05	0	0	0	0	0.00012404	6.4262e-05	2.8554e-05	4.5808e-05	0	0	5.0331e-05	0	0	0	6.2363e-05	6.4265e-05	5.2967e-05	0	0	3.5602e-05	3.4968e-05	4.1121e-05
Maribacter	0	0.00011061	0	0	0	0	4.3069e-05	0.0002683	0.00011935	0	0	4.9492e-05	0	0	0	0	0	0.00010078	0	0	0	0	0	0	0	0	0	0	0	8.0104e-05	0	0
Aquibium	0	0	0	0	0	0	0	0	0	0.00028053	0	0	0	0	0	0.0001483	3.8937e-05	0	0	0	0	6.8459e-05	0	0	0	0.00011864	0	0	0	0	0	0.00011514
Limnohabitans	0	0	0	0	0	0.00075716	0	0	0	0	0	0	0	0	0	0	0	0	0	0	0	0	0	0	0	0	0	0	0	0	0	0
Geosporobacter	3.0353e-05	0	0	0	0.00014336	0	4.7376e-05	0	0	7.4515e-05	8.8525e-05	0	0	0	0	0.00012358	8.8258e-05	5.0389e-05	0	0	0	0	0	0	0	6.9209e-05	0	0	0	0	0	4.1121e-05
Tunturibacter	0	0	0	0	0	0	0	0	0	0.00031559	0	0	0	0	0	0.00017301	0	0	0	0	0	4.4498e-05	0	0	0	0.00010381	0	0	0	0	0	0.00011514
Sanyastnella	0	0	0.00075105	0	0	0	0	0	0	0	0	0	0	0	0	0	0	0	0	0	0	0	0	0	0	0	0	0	0	0	0	0
Blochmannia	0	0	0	0	0	0	0	0	9.9919e-05	0	0	0	0	0	0.00010215	0	0	0	0	0	0.00010066	0	0	0	0.00031181	0	0	0	0	0.00013647	0	0
Symbiopectobacterium	0	0	0	0	0	0	0	0	0	0	0.00021967	0	0	0	0	0	0.00015315	8.7035e-05	0.00012123	0	0	0	0	0	0	0	9.6586e-05	0	0	0	6.9937e-05	0
Polyangium	0	0	0	0	0	0	0	0	0	0.00027614	0	0	0	0	0	0.00013841	0	0	0	0	0	9.5842e-05	0	0	0	0.00013842	0	0	0	0	0	9.8691e-05
Allobranchiibius	0	0	0	0	0	0	0	0	0	0.00022354	0	0	0	0	0	0.00023728	0	0	0	0	0	6.5036e-05	0	0	0	0.00013347	0	0	0	0	0	8.6355e-05
Euzebya	0	0	0	0	0	0	0	0	0	0.00026738	0	0	0	0	0	0.00013347	3.115e-05	0	0	0	0	0.00016772	0	0	0	5.9322e-05	0	0	0	0	0	8.6355e-05
Halovenus	0	0.00038713	0	0	0	0	0.00035747	0	0	0	0	0	0	0	0	0	0	0	0	0	0	0	0	0	0	0	0	0	0	0	0	0
Teredinibacter	0	0	0	0	0	0.0004549	0	0	5.8286e-05	0	0	0	0	0	5.4726e-05	0	0	7.3293e-05	0.00010238	0	0	0	0	0	0	0	0	0	0	0	0	0
Varicellovirus	0	0	0	0	0	0	0	0	0	0.00036819	0	0	0	0	0	0.00016313	0	0	0	0	0	0	0	0	0	0.0001137	0	0	0	0	0	8.6355e-05
Niabella	0	0	0	0	0	0	0.0001852	0	0	0	0	0	0	0	0	0	0	0	0.00054421	0	0	0	0	0	0	0	0	0	0	0	0	0
Metallosphaera	0	0	0	0	0	0	0	0.00020286	0	0	0	8.3756e-05	0	0	0	0	0	0.00036188	0	3.8719e-05	0	0	0	0	0	0	0	0	4.0029e-05	0	0	0
Termitidicoccus	0	0	0	0	0	0	0.00012059	0	3.8857e-05	0	0	0	0	0	0	0	0	0	0.00049302	0	0	0	0	0	7.4056e-05	0	0	0	0	0	0	0
Rickettsia	0	0.00020278	0	0	0	0	0	0.00035992	6.3837e-05	0	0	0	0	0	6.2022e-05	0	0	0	0	0	0	0	0	0	0	0	0	0	0	3.5602e-05	0	0
Poseidonibacter	0	0	0	0	0	0	0	0	5.2735e-05	0	0	0.00015609	0	0	0.00014958	0	0	0.00013742	0	0	0	0	0	0	0.00015591	0	0	0	0	7.1203e-05	0	0
Aestuariibius	0	0.00010139	0	0	0	0	0	0.00018978	4.1633e-05	0	0	0	0	0	0	0	4.1533e-05	5.497e-05	0	5.4852e-05	0	0	6.7098e-05	0	0	0	4.0504e-05	3.5744e-05	5.8504e-05	3.5602e-05	0	0
Oerskovia	0	0	0	0	0	8.8538e-05	0	0	0.00012212	0	8.1968e-05	0	0	0	0.00016783	0	0	0	0	0	0	0	0	0	0.00026114	0	0	0	0	0	0	0
Caproiciproducens	0	0	0	0	0	0	0.0001852	0	0	0	0	0	0	0	0	0	0	0	0.00053612	0	0	0	0	0	0	0	0	0	0	0	0	0
Lautropia	0	0	0	0	0	0	0	0	0	0	0	0	0	0	0	0	0	0	0	0	0	8.215e-05	0	0	0	0	0.00014955	0.00018972	5.8504e-05	6.8236e-05	8.2653e-05	8.6355e-05
Rubrivivax	0	0	0	0	0	0	8.1831e-05	0	0	7.8898e-05	0	0	0	0	0	0.00015324	9.6045e-05	0	5.6576e-05	0	0	0.00011296	0	0	0	8.4039e-05	0	0	0	0	0	5.3458e-05
Alysiella	0	0	0	0	0	0	0	0	7.7715e-05	0	0	0	0	0	4.7429e-05	0	0	0	0	0	5.8719e-05	0	0	0	0.00045603	0	0	0	0	7.7137e-05	0	0
Methanococcus	0	0	0	0	0	0	5.599e-05	6.544e-05	3.0531e-05	0	0	0	7.6845e-05	0	0	0	0	0.00014201	0	0	0	0	0.00018452	0	0	0	0	0.00015947	0	0	0	0
Sphingomicrobium	0	0.00019357	0	0	0	0	0	0.00012434	0.00011102	0	0	0	0	0	0.00010215	0	0	0	0	0	0	0	0	0	0.00018319	0	0	0	0	0	0	0
Maricaulis	0	0	0	0	0	0	0.0001852	0	0	0	0	0	0	0	0	0.00012358	6.23e-05	0	4.0411e-05	0	0	0.00019168	3.0753e-05	0	0	0	4.0504e-05	0	0	3.8568e-05	0	0
Frateuria	0	0	0	0	4.3443e-05	0	0	0	0	4.3832e-05	0	5.7106e-05	0	0	0	6.9206e-05	3.8937e-05	0.00015575	8.8905e-05	0	0	0.00010269	0	0	0	5.9322e-05	0	0	0	0	0	5.3458e-05
Sphingosinithalassobacter	0	0	0	0	0	0	0.00016366	0	0	0	0	0	5.5887e-05	0	0	0.00013841	9.3449e-05	0	0	0	0	0.00026014	0	0	0	0	0	0	0	0	0	0
Hyphomicrobium	0	0	0	0	0	0.00054344	0	0	4.4409e-05	0	0	0	0	0	4.3781e-05	0	0	0	2.6941e-05	0	0	0	0	0	5.067e-05	0	0	0	0	0	0	0
Aceticella	0	0	0	0.00011068	0	0	5.1683e-05	0	0	0.00011396	3.6066e-05	0	0	0	0	9.8865e-05	5.1916e-05	0	0	0	0	6.1613e-05	0	0	0	7.4152e-05	0	0	0	0	3.1789e-05	7.8131e-05
Pelagibacterium	0	0	0	0	0	0	0.00011198	0	0	0	0	0	0	0	0	0	0	0	0.00059539	0	0	0	0	0	0	0	0	0	0	0	0	0
Nitrosopumilus	0	0.00011983	0	0	0	0	0	0.00035338	4.4409e-05	0	0	4.9492e-05	0	0	0	0	0	0.00013742	0	0	0	0	0	0	0	0	0	0	0	0	0	0
Chania	0	0	0	0	5.6476e-05	5.8008e-05	0	0	0	0	0.0001541	8.3756e-05	0	0	0	0	0.00011422	6.8712e-05	3.5023e-05	0	0	0	0	0	0	0	8.1008e-05	0	0	0	4.4505e-05	0
Ochrobactrum	0	0	0	0	0	0	0	0	0.00013323	0	0	0	0	0	0.00012769	0	0	0	0	0	0.00020971	0	0	0	6.2363e-05	0	0	0	0	0.00016021	0	0
Petrocella	0	0	0	0	0	0	0	0	0	0.00019724	0	4.5685e-05	0	0	0	9.3922e-05	0	0.00010536	0	0	0	4.4498e-05	0	0	7.0158e-05	6.4265e-05	0	0	0	0	0	6.9906e-05
Chryseolinea	0	0	0	0	0	0	0.00015936	0	0	0	0	0	0	0	0	0	0	0	0.00053073	0	0	0	0	0	0	0	0	0	0	0	0	0
Terriglobus	0	0	0	0	0	0	0.00012921	0	0	0	0	0	0	0	0	0	0	0	0.00056037	0	0	0	0	0	0	0	0	0	0	0	0	0
Marixanthomonas	0	0	0	0.00061663	0	0	0	0	0	0	0	0	0	0	0	0	6.7491e-05	0	0	0	0	0	0	0	0	0	0	0	0	0	0	0
Malaciobacter	0	0	0	0	0	0	0	0	8.8817e-05	0	8.5246e-05	0	0	0	0	0	0.00013498	7.3293e-05	0	0	0	0	3.914e-05	0	0.00026114	0	0	0	0	0	0	0
Audreyjarvisvirus	0	0	0	0	0	0	0	0	0.00016098	0	5.5738e-05	0	0	0	0.00018607	0	0	0	0	0	0.00012583	0	0	0	0	0	0	0	0	0.00014537	0	0
Methylobacillus	0	0	0	0.00051386	0	0	0	0	0	0	0	0	0	0	0	0	0	0	3.5023e-05	0	0	0	0	0	0	4.9435e-05	3.4273e-05	0	0	0	0	4.1121e-05
Natrarchaeobaculum	0	0	0	0	0	0	0.00067188	0	0	0	0	0	0	0	0	0	0	0	0	0	0	0	0	0	0	0	0	0	0	0	0	0
Nitrosospira	0	0	0	0	0	0.00016486	7.3217e-05	0	0	0	0	0	0	0	0	0	0	0	0.00043375	0	0	0	0	0	0	0	0	0	0	0	0	0
Planktothricoides	7.0823e-05	0	0	0.00033203	0	0	0	0	0	4.8215e-05	0	0	5.2394e-05	0	0	5.4376e-05	0	0	0	0	0	0	6.9893e-05	0	0	0	0	4.3993e-05	0	0	0	0
Allomeiothermus	0	0	0	0	0	0	9.0445e-05	0	0	5.6982e-05	0	0	0	0	0	7.4149e-05	3.3746e-05	0	0.00028557	0	0	0.00013007	0	0	0	0	0	0	0	0	0	0
Paraglaciecola	0	0	9.7195e-05	0	0	7.3273e-05	0.00010337	0	0	0	0	0	0	0	0	0	0	0	3.2329e-05	0	0.00012583	0	9.7851e-05	0	0	0	0	8.7986e-05	0	5.0436e-05	0	0
Dictyoglomus	0	0	0.00028275	0	0	0	0	0	3.6082e-05	0	0	0	0	3.1083e-05	5.1077e-05	4.9433e-05	0	0	0	0	5.0331e-05	0	0	5.9762e-05	0	0	0	0	4.0029e-05	6.527e-05	0	0
Flammeovirga	0	0	0	0	0	0	0	0.00018978	0	9.2048e-05	0	0	0	0	0	0.00010875	0	4.5808e-05	0	0	0	4.1075e-05	0	0	0	7.9096e-05	0	0	0	2.9668e-05	0	7.4019e-05
Leptothrix	0	0	0	0	0	0.00024424	0	0	0	0.00021478	0	0	0	0	0	8.8979e-05	0	0	0	0	0	0	0	0	0	0	0	0	0	0	0	0.00011103
Pirellula	0	0.00020278	0.00013254	0	0	0	0	0.00020286	0	0	0	0	0	4.5212e-05	0	0	0	0	0	6.7759e-05	0	0	0	0	0	0	0	0	0	0	0	0
Melioribacter	0	0	0	0	0	0	0	0	0	0.00025423	0	0	0	0	0	0.0001829	0	0	0	0	0	4.1075e-05	0	0	0	9.887e-05	0	0	0	0	0	7.4019e-05
Limnochorda	0	0	0	0	0	0	0	0	7.2164e-05	0.00014465	5.2459e-05	0	0	0	4.3781e-05	5.4376e-05	2.8554e-05	0	0	0	0	0	0	0	0.00011303	5.4378e-05	0	0	0	0	4.1326e-05	4.1121e-05
Intestinimonas	0	0	0	0	0.00032582	0	0	0	0	0	7.8689e-05	0	0	0	0	0	7.7874e-05	0	0	0	0	0	0	0	5.067e-05	0	4.362e-05	0	0	0	6.6758e-05	0
Aquirufa	0	0	0	0	0	0	0	0.00019632	0	0	6.5574e-05	0	0	4.5212e-05	0	0	7.5279e-05	0	0	5.8079e-05	0	0	0	8.1106e-05	0	0	4.0504e-05	0	0	0	7.9474e-05	0
Melaminivora	0	0	0	0	0	0	8.6138e-05	0	0	0	0	0	0	0	0	0	0	0	0.00020744	0	7.1302e-05	0	0	0	0.0001637	0	0	0	0	0.00011274	0	0
Beutenbergia	0	0	0	0	0	0	0	0	0	0.00024546	0	0	0	0	0	0.00010381	3.6341e-05	0	0	0	0	5.1344e-05	0	0	0	9.887e-05	0	0	0	0	0	9.8691e-05
Halalkaliarchaeum	0	0	0	0	0	0	0.00063311	0	0	0	0	0	0	0	0	0	0	0	0	0	0	0	0	0	0	0	0	0	0	0	0	0
Geobacter	0	0.00055305	0	0	0	0	0	0	0	0	0	0	0	0	0	0	0	0	7.8128e-05	0	0	0	0	0	0	0	0	0	0	0	0	0
Pontibrevibacter	0	0	0	0	0	0	0	0	0	0	0.00013443	0	0	0	5.8374e-05	0	9.0853e-05	0	0	0	0.00010066	0	5.5915e-05	0	0	0	7.7892e-05	0	0	5.0436e-05	6.04e-05	0
Pusillimonas	0	0	0	0	0	0	0.00011629	0	0	0	0	0	0	0	0	0.00010381	0.00011162	4.5808e-05	4.0411e-05	0	0	0.0002088	0	0	0	0	0	0	0	0	0	0
Methylocystis	0	0	0	0	0	0.00013128	5.1683e-05	0	5.2735e-05	0	0	0	0	0	3.6484e-05	0	0	0	0.00023708	0	0	0	0	0	0.00011693	0	0	0	0	0	0	0
Desulfolutivibrio	0	0	0	0	0	0	9.0445e-05	0	0	0.00013588	0	0	0	0	0	8.4035e-05	0	0	0.00023169	0	0	3.4229e-05	0	0	0	0	0	0	0	0	0	4.9346e-05
Bartonella	0	0	0	0	0	0	0	0.00015706	0	0	0	0	0	6.4992e-05	0	0	0	0	0	0	0	0	0	0	0.00014811	0.00016808	0	0	3.3871e-05	5.0436e-05	0	0
Arenimonas	0	0	0	0	0	0	7.7524e-05	0	0	6.5748e-05	0	0	0	0	0	7.4149e-05	0	0	0.00034215	0	0	6.1613e-05	0	0	0	0	0	0	0	0	0	0
Salinilacihabitans	0	0	0	0	0	0	0.00062019	0	0	0	0	0	0	0	0	0	0	0	0	0	0	0	0	0	0	0	0	0	0	0	0	0
Agathobacter	0	0.00014748	0	0.00015021	0	0	0	0.00011779	0	0	0	0	0	0	0	0	0	0	0	0	0	0	0	0	0.00013642	0	0	0	6.4662e-05	0	0	0
Xylophilus	0	0	0	0	0	0.00014655	6.0297e-05	0	0	5.2599e-05	0	0	0	0	0	0.00011864	6.23e-05	0	9.1599e-05	0	0	8.215e-05	0	0	0	0	0	0	0	0	0	0
Hypericibacter	0	0	0	0	0	0	9.9059e-05	0	0	0	0	0	6.6366e-05	0	0	9.8865e-05	9.0853e-05	0	0.00012123	0	0	0.00010269	0	0	0	0	3.4273e-05	0	0	0	0	0
Natronobeatus	0	0	0	0	0	0	0.0003144	0	0	7.0131e-05	0	0	0	0	4.3781e-05	7.4149e-05	0	0	0	0	0	0	0	0	4.2874e-05	0	0	0	0	0	0	6.5794e-05
Gelria	0	0	0	0.00039528	0	0	0	0	0	0	4.5902e-05	0	0	0	0	4.9433e-05	4.932e-05	0	0	0	0	0	0	0	0	6.4265e-05	0	0	0	0	0	0
Desulfococcus	0	0	0	0	0	0	0	0	0	0.00028929	0	0	0	0	0	0.00013347	0	0	0	0	0	5.1344e-05	0	0	0	6.9209e-05	0	0	0	0	0	5.757e-05
Oceanidesulfovibrio	0	0	0	0	0	0	0	0	0	0.00019724	0	0	0	0	0	6.9206e-05	0	0	9.4293e-05	0	0	4.7921e-05	0	0	0	0.00010876	0	0	0	0	0	8.2243e-05
Salegentibacter	0	0	0	0	0	0	0	0	0.00016376	0.00024984	0	0	0	0	7.6616e-05	0	0	0	0	0	0	0	0	0	0.00010914	0	0	0	0	0	0	0
Granulicella	0	9.2174e-05	0	0	0	0	5.1683e-05	0	0	0	0	0	0	0	0	0	0	0	0.00045261	0	0	0	0	0	0	0	0	0	0	0	0	0
Salinispirillum	0	0	0	0	0	0	0.00017658	0	0	0	0	0	8.3831e-05	0	0	0	7.7874e-05	0	9.4293e-05	0	0	6.5036e-05	6.4302e-05	0	0	0	0	3.2995e-05	0	0	0	0
Filifactor	0	9.2174e-05	0	0	0	0	0	0	0.00018596	0.00017533	0	0	0	0	0.00010215	0	0	0	0	3.8719e-05	0	0	0	0	0	0	0	0	0	0	0	0
Koleobacter	0	0	0	0	0	0.00017708	0	0.0001047	5.8286e-05	0	3.6066e-05	0	0	0	4.3781e-05	0	7.0087e-05	0	0	0	0	0	0	0	0	0	3.1157e-05	0	3.3871e-05	0	3.8147e-05	0
Phocaeicola	0	0	0.00043296	0	0	0	0	0	7.2164e-05	0	0	0	0	0	8.7561e-05	0	0	0	0	0	0	0	0	0	0	0	0	0	0	0	0	0
Aquihabitans	0	0	0	0	0	0	0	0	5.2735e-05	0.00014903	0	0	0	0	0	0.00012852	0	0	0	0	0	0	0	0	0.00012862	7.9096e-05	0	0	0	0	0	5.3458e-05
Alicycliphilus	0	0	0	0	0	0	0	0	0	0.00022793	0	0	0	0	0	0	0	0	0.00012932	0	0	0.00013007	0	0	0	0	0	0	0	0	0	0.0001028
Halosolutus	0	0	0	0	0	0	0.00059004	0	0	0	0	0	0	0	0	0	0	0	0	0	0	0	0	0	0	0	0	0	0	0	0	0
Spizizenvirus	0	0	0	0	0.0002259	0	0	0	0	0	0.00016066	0	0	0	0	0	0.00015834	0	0	0	0	0	0	0	0	0	0	0	0	0	4.4505e-05	0
Mitsuaria	0	0	0	0	0	0	8.6138e-05	0	0	0	0	0	0	0	0	0	0	0	0.00046338	0	0	3.7652e-05	0	0	0	0	0	0	0	0	0	0
Mycetohabitans	0	0	0	0	0	0.0002992	0	0	3.3306e-05	0	0	0	0	0	6.2022e-05	0	2.8554e-05	0	4.3105e-05	0	0	0	0	0	0.00012083	0	0	0	0	0	0	0
Phascolarctobacterium	0	0	0	0.00030832	0	5.8008e-05	0	0	0	4.3832e-05	0	0	0	0	0	0	4.4129e-05	0	0	0	0	3.4229e-05	0	0	0	0	0	0	0	0	3.8147e-05	5.757e-05
Qingshengfaniella	0	0	0	0	0	0	0	0	0	0	3.6066e-05	0	0	0	4.0132e-05	0	0	7.3293e-05	5.3882e-05	0	0.0001468	0	3.0753e-05	0	0	0	4.6735e-05	3.0245e-05	0	7.1203e-05	5.0863e-05	0
Denitratisoma	0	0	0	0	0	0	0.00011198	0	0	0	0	0	4.8901e-05	0	0	0.00010875	4.6725e-05	0	0.00011585	0	0	0.00014719	0	0	0	0	0	0	0	0	0	0
endosymbiont	0	0	0	0	0	0	6.4603e-05	0.00015051	3.3306e-05	0	7.8689e-05	0	0	0	4.3781e-05	4.9433e-05	8.047e-05	0	0	0	0	4.1075e-05	0	0	0	0	0	0	3.0792e-05	0	0	0
Sulfuricella	0	0	0	0	0	0	0.00013782	0	0	0	0	0	0	0	0	0	0	0	0.00043105	0	0	0	0	0	0	0	0	0	0	0	0	0
Helcococcus	0	0	0	0	0	0	0	0	0.00016098	0.00010958	0	0	0	0	0.00012404	0	4.4129e-05	0	0	0	0	0	0	0	6.2363e-05	0	0	0	0	6.2303e-05	0	0
cyanobacterium	0	0	0.00028275	0	0	0	0	0	7.2164e-05	4.8215e-05	0	0	0	0	9.4858e-05	5.9319e-05	0	0	0	0	0	0	0	0	0	0	0	0	0	0	0	0
Pseudogulbenkiania	0	0	0	0	0	0	0	0	0	0.00023669	0	0	0	0	0	0.00014335	0	0	4.5799e-05	0	0	6.5036e-05	0	0	0	6.4265e-05	0	0	0	0	0	0
Geoalkalibacter	0	0	0	0	0	0	0	0.00045154	3.3306e-05	0	0	0	0	0	0	0	0	0	0	0	0	0	0	0	6.6261e-05	0	0	0	0	0	0	0
Isosphaera	0	0	0	0	0	0	0	0	0	0.00018848	0	0	0	0	0	0.00013841	0	0	3.7717e-05	0	0	0	0	0	0	7.4152e-05	0	0	0	0	0	0.00011103
Hydrogenovibrio	0	0	0	0	0	0.00030836	0	0	8.3266e-05	7.8898e-05	0	0	0	0	0	0	0	0	0	0	0	0	0	0	7.7954e-05	0	0	0	0	0	0	0
Mesoplasma	0	0	0.00017672	0	0	0	6.4603e-05	0.00011125	4.4409e-05	0	3.9344e-05	0	0	0	3.6484e-05	0	3.115e-05	0	0	0	0	0	0	0	4.2874e-05	0	0	0	0	0	0	0
Neptuniibacter	0	0	0	0	0	0.00043964	0	0	0	0	0	0	0	0	0	0	3.8937e-05	0	2.6941e-05	0	0	4.1075e-05	0	0	0	0	0	0	0	0	0	0
Eggerthella	0	0	0	0	0	0	0	0	0	0.00024108	0	0	0	0	0	0.00010381	0	0	0	0	0	4.1075e-05	0	0	0	7.4152e-05	0	0	0	0	0	8.2243e-05
Marisediminicola	0	0	0	0	0	9.1591e-05	0	0	0	0.0001578	0	0	0	0	0	0.00010875	0	0	0	0	0	0	0	0	0	8.8983e-05	0	0	0	0	0	9.4579e-05
Mediterraneibacter	0	0	0	0	0	0	0	0	0.00010269	0	0	0	0	0	0.00011675	0	0	0	0	0	0.00010905	0	0	0	0.00012473	0	0	0	0	8.6037e-05	0	0
Cognatishimia	0	0	0	0	0	0	0	0	0	0	8.5246e-05	0	0	0	0	0	3.6341e-05	5.0389e-05	0	0	0.00010066	0	4.4732e-05	0	0	0	5.6082e-05	3.8494e-05	0	4.7469e-05	7.9474e-05	0
Adhaeribacter	0	0	0	0	0	0	0	0	0.00013878	9.6431e-05	0	0	0	0	0.00014594	0	0	0	0	0	0	0	0	0	0.00011303	0	0	0	0	4.4502e-05	0	0
Halobiforma	0	0	0	0	0	0	0.00053836	0	0	0	0	0	0	0	0	0	0	0	0	0	0	0	0	0	0	0	0	0	0	0	0	0
Roseiflexus	0	0	0	0.00022926	0	0	0	8.5072e-05	0	0	0	0	0	3.1083e-05	0	7.4149e-05	0	0	3.2329e-05	4.8399e-05	0	0	0	0	0	0	0	0	3.695e-05	0	0	0
Amphritea	0	0	0	0	0	0.00018624	0	0	8.049e-05	0	0	5.3299e-05	0	0	8.3913e-05	0	0	5.497e-05	0	0	4.1942e-05	0	0	0	0	0	0	0	0	3.5602e-05	0	0
Tellurirhabdus	0	0	0	0	0	0	0	0.00011779	0	0.00014026	0	0	0	0	0	0	0	0	8.0823e-05	4.8399e-05	0	0	0	4.2687e-05	0	4.9435e-05	0	0	5.5425e-05	0	0	0
Klumppvirus	0	0	0	0	0	7.022e-05	0	0	9.1593e-05	0	0	0.00017132	0	0	7.2968e-05	0	0	0.00012826	0	0	0	0	0	0	0	0	0	0	0	0	0	0
Thiopseudomonas	0	0	0	0	0	0.00053428	0	0	0	0	0	0	0	0	0	0	0	0	0	0	0	0	0	0	0	0	0	0	0	0	0	0
Succinivibrio	0	0	0	0	0	0.00040606	0	0	4.1633e-05	0	0	0	0	0	4.0132e-05	0	0	4.5808e-05	0	0	0	0	0	0	0	0	0	0	0	0	0	0
Salaquimonas	0	0	0	0	0	8.8538e-05	0.00010767	0	0	0	0	0	0	0	0	0	0	0	0.00033676	0	0	0	0	0	0	0	0	0	0	0	0	0
Sphaerospermopsis	0	0.00016591	0	0	0	0	0	0	0	0	0	0.00011041	0	0	0	0	0	0.00025194	0	0	0	0	0	0	0	0	0	0	0	0	0	0
Limnobaculum	0	0.00012904	0	0	0	0	0	8.5072e-05	0	0	0.00012787	0	0	0	0	0	6.23e-05	7.3293e-05	0	0	0	0	0	0	0	0	4.6735e-05	0	0	0	0	0
Mucispirillum	0	0	0	0	6.082e-05	0	0	0	4.7184e-05	0.00011396	0	0	3.8423e-05	0	0	0.00013841	3.6341e-05	4.5808e-05	0	0	0	0	4.1936e-05	0	0	0	0	0	0	0	0	0
Capillimicrobium	0	0	0	0	0	0	0	0	4.4409e-05	0.00014903	0	0	0	0	0	7.4149e-05	0	0	0	0	0	3.4229e-05	0	0	6.6261e-05	8.4039e-05	0	0	0	0	0	6.9906e-05
Rhodoligotrophos	0	0	0	0	0	0	0.00010767	0	0	0	0	0	0	0	0	9.3922e-05	8.3066e-05	0	3.5023e-05	0	0	0.00016772	0	0	0	0	0	3.2995e-05	0	0	0	0
Flavonifractor	0	0	0	0	0	0	0	0	0	0.00022354	0	0	0	0	0	0.00013841	0	0	0	0	0	0	0	0	0	9.3926e-05	0	0	0	0	0	6.1682e-05
Paralcaligenes	0	0	0	0.00010277	0	0.00041216	0	0	0	0	0	0	0	0	0	0	0	0	0	0	0	0	0	0	0	0	0	0	0	0	0	0
Gudongella	0	0	0	0	0	0	0	0.00019632	0	6.1365e-05	0	0	0	0	0	9.3922e-05	0	0	0	0	0	0	0	0	0	5.9322e-05	0	0	4.9267e-05	0	0	5.3458e-05
Solibaculum	0	0	0	0	0	0	0	0.00013742	0	7.4515e-05	0	0	0	0	0	7.4149e-05	3.6341e-05	0	0	6.4532e-05	0	0	0	0	0.00012473	0	0	0	0	0	0	0
Georhizobium	0	0.00047009	0	0	0	0	0	0	0	0	0	0	0	0	0	0	0	0	0	0	0	0	0	0	0	0	0	0	0	4.1535e-05	0	0
Azonexus	0	0	0.00024741	0	0	0	6.891e-05	0	0	0	0	0.00011802	0	0	0	0	0	7.3293e-05	0	0	0	0	0	0	0	0	0	0	0	0	0	0
Tepiditoga	0	0	0	0	6.5164e-05	0	0	0	0	6.5748e-05	6.5574e-05	0	0	0	5.1077e-05	5.4376e-05	4.4129e-05	0	0	0	0	3.7652e-05	0	0	0	6.4265e-05	0	0	0	0	0	5.757e-05
Hwangdonia	0	0	0	0	0	0	0	0	0.00011935	0.00013588	0	0	0	0	0.00014594	0	0	0	0	0	0	0	0	0	4.6772e-05	0	0	0	0	5.6369e-05	0	0
Methylomagnum	0	0	0	0	0	0	0.00016797	0	0	0	0	0	3.8423e-05	0	0	6.9206e-05	4.4129e-05	0	5.927e-05	0	0	0.00012323	0	0	0	0	0	0	0	0	0	0
Filimonas	0	0	0	0	0	0.00032057	0	0	0	0	0	0.00012183	0	0	0	0	0	5.9551e-05	0	0	0	0	0	0	0	0	0	0	0	0	0	0
Methylacidimicrobium	0	0	0	0	0	0	0.00011629	0	0	0	0	0	0	0	0	0	0	0	0.00038256	0	0	0	0	0	0	0	0	0	0	0	0	0
Barnesiella	0	0.00046087	0	0	0	0	0	0	0	0	0	0	0	0	0	0	0	0	3.7717e-05	0	0	0	0	0	0	0	0	0	0	0	0	0
Gluconacetobacter	0	0	0	0	0	0.0004549	0	0	0	0	0	0	0	0	0	0	0	0	0	0	0	0	0	0	4.2874e-05	0	0	0	0	0	0	0
Kytococcus	0	0	0	0	0	0	0	0	7.4939e-05	0	0	0	0	0	0.00012404	0	0	0	6.1964e-05	0	4.1942e-05	0	0	0	0.00019488	0	0	0	0	0	0	0
Hydrogenophilus	0	0	0	0	0	0	9.4752e-05	0	0	0	0	0	0	0	0	0	0	0	0.0003637	0	0	3.7652e-05	0	0	0	0	0	0	0	0	0	0
Lachnoanaerobaculum	0	0	0	0	0	0	0	0	0.00014988	4.3832e-05	0	0	0	0	6.2022e-05	6.9206e-05	0	0	0	0	0	0	7.8281e-05	0	0	0	0	9.0736e-05	0	0	0	0
Desulfofarcimen	0	0.00010139	0	0	0	0	0	0.00030757	0	0	0	0	0	0	0	0	0	0	0	0	0	0	0	4.2687e-05	0	0	0	0	3.3871e-05	0	0	0
Caminibacter	0	0	0	0	0	0	0	0	8.6042e-05	0.00018848	0	0	0	0	5.8374e-05	0	0	5.497e-05	0	0	0	0	0	0	9.7442e-05	0	0	0	0	0	0	0
Psychromonas	0	0	0	0	0	0.00036331	0	0	0	0	0	0	0	0	6.2022e-05	0	0	0	0	0	0	0	0	0	5.8465e-05	0	0	0	0	0	0	0
Pseudactinotalea	0	0	0	0	0	0	0	0	0	0.00020163	0	0	0	0	0	8.8979e-05	0	0	4.0411e-05	0	0	0	0	0	0	9.3926e-05	0	0	0	0	0	5.757e-05
Sulfurospirillum	0	0	0.00035344	0	4.3443e-05	0	0	0	3.3306e-05	0	0	0	0	0	0	0	0	0	5.1188e-05	0	0	0	0	0	0	0	0	0	0	0	0	0
Methylogaea	0	0	0	0	0	0.00041521	6.4603e-05	0	0	0	0	0	0	0	0	0	0	0	0	0	0	0	0	0	0	0	0	0	0	0	0	0
Citrifermentans	0	0	0	0	0	0.00047933	0	0	0	0	0	0	0	0	0	0	0	0	0	0	0	0	0	0	0	0	0	0	0	0	0	0
Selenobaculum	0	0	0	0	0	0	0	7.8528e-05	8.8817e-05	8.7664e-05	0	0	0	0	6.9319e-05	4.9433e-05	0	0	0	0	0	0	0	0	6.6261e-05	0	0	0	0	3.8568e-05	0	0
Citromicrobium	0	0	0	0	0	0	0.00010337	0	0	0	0	0	0	0	0	0.00014335	7.5279e-05	0	3.5023e-05	0	0	0.0001198	0	0	0	0	0	0	0	0	0	0
Aureispira	0	0	0.00019439	0	0	0	0	0	8.3266e-05	0	0	0	0	0	5.8374e-05	0	0	7.7874e-05	0	0	0	0	0	0	5.8465e-05	0	0	0	0	0	0	0
Dermatobacter	0	0	0	0	0	0	0	0	7.7715e-05	0	0	0	0	0	0.00014229	0	0	0	0	0	0	0	0	0	0.00024945	0	0	0	0	0	0	0
Tequatrovirus	0.00024282	0	0	0	0	0	0.00014643	0	0	7.8898e-05	0	0	0	0	0	0	0	0	0	0	0	0	0	0	0	0	0	0	0	0	0	0
Gluconobacter	0	0	0	0	0	0	0	0	0	0.00025423	0	0	0	0	0	0.00015818	0	0	0	0	0	0	0	0	0	5.4378e-05	0	0	0	0	0	0
Saccharibacillus	0	0	0	0	0.00012164	0	0	0	0	5.6982e-05	0.00014426	0	0	0	0	0	3.3746e-05	0	0	0	0	0	0	0	0	0	5.6082e-05	0	0	0	0	5.3458e-05
Thiocystis	0	0	0	0	0	0.00028088	0	0	0	0	0	0	0	0	0	0	0	0	0.0001832	0	0	0	0	0	0	0	0	0	0	0	0	0
Skermanella	0	0	0	0	0	0	7.7524e-05	0	0	0	0	0	0	0	0	0	0	0	0.00038256	0	0	0	0	0	0	0	0	0	0	0	0	0
Chelativorans	0	0	0	0	0	0	0.00013782	0	0	0	0	0	0	0	0	9.8865e-05	7.2683e-05	0	0	0	0	0.00015061	0	0	0	0	0	0	0	0	0	0
Desulfobacula	0	0.00033183	0	0	0	0	0	0	0	0	0	0	0	0	0	0	0	8.7035e-05	0	0	0	4.1075e-05	0	0	0	0	0	0	0	0	0	0
Limnoglobus	0	0	0	0	0	0	0	0	0	0.00023669	0	0	0	0	0	0.00010381	0	0	0	0	0	0	0	0	0	7.4152e-05	0	0	0	0	0	4.1121e-05
Musicola	0	0	0	0	0	0	0	0	0	0	9.1804e-05	3.8071e-05	0	0	0	0	0.00011941	0.00011452	0	0	0	0	0	0	0	0	5.9198e-05	0	0	0	3.1789e-05	0
Sphaerotilus	0	0	0	0	0	0.00016792	0	0	0	8.3281e-05	0	0	0	0	0	0.00010875	3.3746e-05	0	0	0	0	5.819e-05	0	0	0	0	0	0	0	0	0	0
Curvibacter	0	0	0	0	0	0	0	0	0	0	0	0	0	0	0	0	0	0	0.00044991	0	0	0	0	0	0	0	0	0	0	0	0	0
Planktothrix	0	0	0	0	0.00012164	0	0	0	0	0	0	8.3756e-05	0	0	0	0	0	0	0	0	0	0	0	0	0.00017929	0	0	0	0	0	6.3579e-05	0
Jiella	0	0	0	0	0	0	0	0	0	0	0.00014426	0	0	0	0	0	0.00013239	0	0	0	0	0	0	0	0	0	0.00010905	0	0	0	6.04e-05	0
Advenella	0	0	0	0	0	0	0	0	0	7.4515e-05	0	0	0	0	0	7.4149e-05	0	0	0.00015087	0	0	0	0	0	0	8.4039e-05	0	0	0	0	0	6.1682e-05
Flexistipes	0	0	0	0.00039528	0	0	0	0	0	0	4.5902e-05	0	0	0	0	0	0	0	0	0	0	0	0	0	0	0	0	0	0	0	0	0
Fulvivirga	0	0	0	0	0	0	0	7.8528e-05	0	0	0	0	0	7.9121e-05	0	0	0	0	0	4.8399e-05	0	0	0	0	0	0.00019774	0	0	3.695e-05	0	0	0
Hoeflea	0	0	0	0	0	0	0	0	4.996e-05	0	0	0	0	0	0	0	0	0	0	0	5.4525e-05	0	0	0	0.00022217	0	0	0	0	5.9336e-05	0	5.3458e-05
Hylemonella	0	0	0	0	0	0	0	0	0	0.00015341	0	0	0	0	0	7.9092e-05	0	0	0	0	0	5.1344e-05	0	0	0	8.8983e-05	0	0	0	0	0	6.5794e-05
Ammonifex	0	0	0	0.00038737	0	0	0	0	0	0	0	0	0	0	0	4.9433e-05	0	0	0	0	0	0	0	0	0	0	0	0	0	0	0	0
Chelatococcus	0	0	0	0	0	0.00012823	0	0	0	0	0	0	0	0	0	0	0	0	0.00030713	0	0	0	0	0	0	0	0	0	0	0	0	0
Proteinivorax	0	0	0	0	0	0	0	0.00021595	0	0	4.9181e-05	0	0	0	0	0	0	0	0	6.7759e-05	0	0	0	6.4031e-05	0	0	0	0	3.695e-05	0	0	0
Glaciecola	0	0	0	0	0	0.00043353	0	0	0	0	0	0	0	0	0	0	0	0	0	0	0	0	0	0	0	0	0	0	0	0	0	0
Borreliella	0	0	0	0	0	0	0	0	8.6042e-05	0.00011396	0	0	0	0	5.8374e-05	0	0	5.0389e-05	0	0	0	0	0	0	0.00012473	0	0	0	0	0	0	0
Hydrogenimonas	0	0	0	0	0	0	0	0	0	0.00015341	0	0	0	0	0	0.00013347	0	0	0	0	0	0	0	0	5.8465e-05	8.4039e-05	0	0	0	0	0	0
Caeruleovirus	0	0	0	0	0	0	0	0	0	0	0.00012787	0	0	0	0	0	0.00013239	0	0	0	0	0	0	0	0	0	6.2314e-05	0	0	0	0.00010491	0
Thermodesulfatator	0	0	0	0.0004269	0	0	0	0	0	0	0	0	0	0	0	0	0	0	0	0	0	0	0	0	0	0	0	0	0	0	0	0
Sepunavirus	0	0	0	0	7.3853e-05	0	0	0	0	0	6.8853e-05	0	0	0	0	0	8.8258e-05	0	0	0	0	0	0	0	0	0	5.9198e-05	0	0	0	0.00013669	0
Kineothrix	0	9.2174e-05	0	0	4.7787e-05	0	0	9.1616e-05	0	0	0	0	0	0	0	0	5.4512e-05	0	0	0	0	0	0	0	5.8465e-05	0	4.0504e-05	0	0	0	4.1326e-05	0
Thermatribacter	0	0	0	0	0	0	0	0	0.00014433	0.00014903	0	0	0	0	5.1077e-05	0	0	0	0	0	0	0	0	0	8.1851e-05	0	0	0	0	0	0	0
Mangrovimonas	0	0.00012904	0	0	0	0	0	0.00020941	0	0	0	0	0	0	0	0	0	8.7035e-05	0	0	0	0	0	0	0	0	0	0	0	0	0	0
Rhizorhabdus	0	0	0.0003446	0	0	0	0	0	8.049e-05	0	0	0	0	0	0	0	0	0	0	0	0	0	0	0	0	0	0	0	0	0	0	0
Niveispirillum	0	0	0	0	0	0	8.1831e-05	0	8.6042e-05	0	0	0	0	0	5.1077e-05	0	0	0	4.8494e-05	0	0	0	0	0	0.00011303	0	4.362e-05	0	0	0	0	0
Thiomicrorhabdus	0	0	0	0	0	0	0	0	7.7715e-05	0.00012273	4.9181e-05	0	0	0	0	0	0	0	0.00010776	0	0	0	0	0	0	6.4265e-05	0	0	0	0	0	0
Gloeobacter	0	0	0	0	0	0	8.1831e-05	0	0	0	0	0	0	0	0	0	0	0	0.00033945	0	0	0	0	0	0	0	0	0	0	0	0	0
Neoehrlichia	0	0	0	0	0	0	0	0	0	0	5.2459e-05	0	0	0	0	4.9433e-05	3.8937e-05	0	0	0	0	0	0.00011463	0	0	4.9435e-05	0	0.00011548	0	0	0	0
Lignipirellula	0	0	0	0.00010277	0	0.00031752	0	0	0	0	0	0	0	0	0	0	0	0	0	0	0	0	0	0	0	0	0	0	0	0	0	0
Bernardetia	0	0	0	0	0	0	0	0.00017669	3.0531e-05	0	0	4.5685e-05	0	0	0	0	0	9.6197e-05	0	0	0	0	0	0	7.0158e-05	0	0	0	0	0	0	0
Tsuneonella	0	0	0	0	0	0	0	0	0	0.00012711	0	0	0	0	0	8.8979e-05	0	0	9.4293e-05	0	0	0	0	0	0	0.00010876	0	0	0	0	0	0
Halobacteriovorax	0	0	0.00031809	0	0	0	4.7376e-05	0	0	0	0	0	0	0	0	0	0	0	0	0	0	0	0	0	0	0	0	0	0	0	0	5.3458e-05
Granulosicoccus	0	0	0	0	0	0	0	0	0	0	0	0	0	0	0	0	0	0	0.00013201	0	4.6137e-05	0	0	0	0.00014421	0	0	0	0	9.4937e-05	0	0
Rhodothermus	0	0	0	0	0	0	0.00014213	0	0	0	0	0	0	0	0	0	0	0	0.0002748	0	0	0	0	0	0	0	0	0	0	0	0	0
Thermotoga	0	0	0	0	9.5574e-05	0	0	0	0	0	7.541e-05	0	0	0	0	0	5.1916e-05	5.0389e-05	0	0	0	0	0	0	0	0	4.362e-05	0	0	0	9.5368e-05	0
Borrelia	0	0	0	0	0	0	0	0	7.7715e-05	0	0	0	0	0	0.0001204	0	0	0	0	0	0	0	0	0	0.00021047	0	0	0	0	0	0	0
Syntrophomonas	0	0	0	0	7.8197e-05	0	0	0.00020941	0	0	0	0	0	0	0	0	4.6725e-05	0	0	3.2266e-05	0	0	0	0	0	0	0	0	4.0029e-05	0	0	0
Desulfurobacterium	0	0	0	0	0	0	0	0.00021595	5.5511e-05	0	0	0	0	0	0	0	0	0	0	3.2266e-05	5.8719e-05	0	0	0	0	0	0	0	4.3108e-05	0	0	0
Halohasta	0	0	0	0	0	0	0.00040485	0	0	0	0	0	0	0	0	0	0	0	0	0	0	0	0	0	0	0	0	0	0	0	0	0
Mangrovibacter	0	0	0	0	0	0	0	0	0	0	0.00018033	0	0	0	0	0	8.047e-05	0	0	0	0	0	0	0	0	0	7.7892e-05	0	0	0	6.3579e-05	0
Thiospirochaeta	0	0	0	0	0	0	4.3069e-05	0	3.8857e-05	0	0	0	0	0	0	0	0	0	0	0	4.6137e-05	0	3.914e-05	0	0.00019878	0	0	3.5744e-05	0	0	0	0
Pelistega	0	0	0	0	0	0	0	0	0.00011657	0.0001052	0	0	0	0	6.9319e-05	0	0	0	0	0	0	0	0	0	0.00010914	0	0	0	0	0	0	0
Agarivorans	0	0	0	0	0	0.00021066	0	0	0	0	0	0	0	0	0	0	0	5.497e-05	0	0	0	0.00013349	0	0	0	0	0	0	0	0	0	0
Thiohalobacter	0	0	0	0	0	0	0	0	0	0	0	0	0	0	0	0	0	0	0.00039872	0	0	0	0	0	0	0	0	0	0	0	0	0
Breoghania	0	0	0	0	0	0.0002473	0	0	0	0	0	0	0	0	0	0	3.3746e-05	0	7.5434e-05	0	0	0	3.6345e-05	0	0	0	0	0	0	0	0	0
Methyloligella	0	0	0	0	0	0	0	0	0	7.0131e-05	0	0	0	0	0	0	0	0	0.00011046	0	0	5.4767e-05	0	0	0	9.3926e-05	0	0	0	0	0	6.1682e-05
Acidiferrobacter	0	0	0	0	0	8.5485e-05	0.00015074	0	0	0	0	0	6.2873e-05	0	0	0	3.115e-05	0	0	0	0	5.1344e-05	0	0	0	0	0	0	0	0	0	0
Piscirickettsia	0	0	0	0	0.00013902	0	0	0	0	0	4.9181e-05	0	0	0	0	0	8.8258e-05	0	0	0	0	0	0	0	0	0	5.2967e-05	0	0	0	5.0863e-05	0
Mahella	0	0	0	0	0	0	0	0	0	0	0.0002623	0	0	0	0	0	0.00011681	0	0	0	0	0	0	0	0	0	0	0	0	0	0	0
Halothermothrix	0	0	0	0	0	0	0	0	9.4368e-05	0.00011396	0	0	0	0	3.6484e-05	5.4376e-05	0	0	0	0	0	0	0	0	7.7954e-05	0	0	0	0	0	0	0
Acidihalobacter	0	0	0	0	0	0	0.00011629	0	0	0	0	0	0	0	0	6.4262e-05	0	0	9.6987e-05	0	0	9.9265e-05	0	0	0	0	0	0	0	0	0	0
Methylotuvimicrobium	0	0	0	0	0	0.00037552	0	0	0	0	0	0	0	0	0	0	0	0	0	0	0	0	0	0	0	0	0	0	0	0	0	0
Ignavigranum	0	0	0	0	0	0	0	0	0.00015543	4.8215e-05	0	0	0	0	9.1209e-05	0	0	0	0	0	0	0	0	0	3.8977e-05	0	0	0	0	4.1535e-05	0	0
Halogeometricum	0	0	0	0	0	0	0.0003747	0	0	0	0	0	0	0	0	0	0	0	0	0	0	0	0	0	0	0	0	0	0	0	0	0
Halococcoides	0	0	0	0	0	0	0.0003747	0	0	0	0	0	0	0	0	0	0	0	0	0	0	0	0	0	0	0	0	0	0	0	0	0
Purivirus	0	0	0	0	0	0	0	0.00037301	0	0	0	0	0	0	0	0	0	0	0	0	0	0	0	0	0	0	0	0	0	0	0	0
Desulfurispirillum	0	0	0	0	0	0	0	0	0	8.3281e-05	0	0	0	0	0	8.8979e-05	0	0	3.2329e-05	0	0	4.4498e-05	0	0	0	7.4152e-05	0	0	0	0	0	4.9346e-05
Parvibaculum	0	0	0	0	0	0	0.00012921	0	0	0	0	0	6.6366e-05	0	0	0	0.00011162	0	0	0	0	6.5036e-05	0	0	0	0	0	0	0	0	0	0
Parolsenella	0	0	0	0	0	0	0	0	0	8.3281e-05	0	0	0	0	0	0	0	0	0.00028827	0	0	0	0	0	0	0	0	0	0	0	0	0
Planktomarina	0	0	0.00010603	0	0	0.00018929	0	0	0	0	0	0	0	0	0	0	4.1533e-05	0	0	0	0	0	0	0	0	0	0	0	0	0	3.1789e-05	0
Brasilonema	0	0	0	0	0	0.0002473	0	0	0	0	0	0	0	0	0	0	0	0	0	0	0	0	0	0	0.00012083	0	0	0	0	0	0	0
Methylomarinovum	0	0	0	0	0	0	0	0	0	4.3832e-05	0	0	0	0	0	0	0	0	0.00028288	0	0	0	0	0	0	0	0	0	0	0	0	4.1121e-05
Nitrospira	0	0	0	0.00016602	0	3.969e-05	0	0	0	0	0	0	0	0	0	0	0	0	0.00016165	0	0	0	0	0	0	0	0	0	0	0	0	0
Sinanaerobacter	0	0	0	0	0	0	0	0	0	0	9.5082e-05	0	0	0	0	6.9206e-05	0.00010124	0	0	0	0	0	0	0	0	0	3.1157e-05	0	0	0	6.9937e-05	0
Gardnerella	0	0	0	0	0	0	0	0	0	0	0.0002623	0	0	0	0	0	0.00010383	0	0	0	0	0	0	0	0	0	0	0	0	0	0	0
Nitrosococcus	0	0	0	0.00026088	0	0	5.599e-05	0	0	0	0	0	0	0	0	0	0	0	4.5799e-05	0	0	0	0	0	0	0	0	0	0	0	0	0
Lutimonas	0	0	0	0	0	0	0	0	0.00022759	0	0	0	0	0	0.00013499	0	0	0	0	0	0	0	0	0	0	0	0	0	0	0	0	0
Ferrovibrio	0	0	0	0	0	0.00032668	0	0	0	0	0	0	0	0	0	0	0	0	3.5023e-05	0	0	0	0	0	0	0	0	0	0	0	0	0
Oryzomicrobium	0	0	0	0	0	0	5.599e-05	0	0	0	0	0	0	0	0	0.00012358	3.3746e-05	0	3.5023e-05	0	0	0.00011296	0	0	0	0	0	0	0	0	0	0
Actinobacillus	0	0	0	0	0	0.00014655	0	0	6.6613e-05	7.0131e-05	0	0	0	0	0	0	0	0	0	0	0	0	0	0	7.7954e-05	0	0	0	0	0	0	0
Thiomonas	0	0	0	0	0	0.00022898	0	0.00012434	0	0	0	0	0	0	0	0	0	0	0	0	0	0	0	0	0	0	0	0	0	0	0	0
Nibribacter	0	0.00026731	0	0	0	8.2432e-05	0	0	0	0	0	0	0	0	0	0	0	0	0	0	0	0	0	0	0	0	0	0	0	0	0	0
Kordia	0	0	0	0	0	0	0	0	0	7.4515e-05	0	0	0	0	0	0.00011864	0	0	0	0	0	0	0	0	0	8.4039e-05	0	0	0	0	0	6.9906e-05
Olleya	0	0.00019357	0	0	0	0	0	0.0001047	0	0	0	0	0	0	0	0	0	0	0	4.5172e-05	0	0	0	0	0	0	0	0	0	0	0	0
Friedmanniella	0	0	0	0	0	0	0	0	0	0.00023669	0	0	0	0	0	0.00010381	0	0	0	0	0	0	0	0	0	0	0	0	0	0	0	0
Tamlana	0	0	0	0	0	0	0	0.0001047	0	0	0	0	0	3.1083e-05	0	0	0	0	0	5.4852e-05	0	0	0	0.00010245	0	0	0	0	4.6187e-05	0	0	0
Demequina	0	0	0	0	0	0	0	0	7.7715e-05	0	0	0	0	0	5.4726e-05	0	0	0	3.5023e-05	0	0	6.1613e-05	0	0	0.00010914	0	0	0	0	0	0	0
Marinitoga	0	0	0	0	0	0	0	0	0	7.0131e-05	0	0	0	0	0	0.00012358	0	0	0	3.5493e-05	0	0	0	0	0	0.00010876	0	0	0	0	0	0
Sneathiella	0	0	0	0	0	0	0	0	8.3266e-05	6.1365e-05	0	0	0	0	8.0264e-05	0	0	0	0	0	0	0	0	0	0.00011303	0	0	0	0	0	0	0
Gallibacterium	0	0	0	0	0	0	0	0	6.9388e-05	7.0131e-05	0	0	0	0	6.5671e-05	0	0	0	0	0	0	0	0	0	0.00013252	0	0	0	0	0	0	0
Methanobrevibacter	0	0.00019357	0	0	0	0	0	0	0	0	0	0	0	0	0	4.9433e-05	0	0	0	0	0	0	0	0	0	0	0	0	3.695e-05	0	0	5.757e-05
Peptoclostridium	0	0	0	0	0	0	0	0.00011779	3.3306e-05	0	4.5902e-05	0	0	0	0	5.4376e-05	4.6725e-05	0	0	0	0	0	0	0	3.8977e-05	0	0	0	0	0	0	0
Peptoniphilus	0	0	0.00019439	0	0	0	0	0	0	0	0	0	0	0	0	0	0	0	0	0	0	0	0	0	5.4568e-05	0	0	0	0	8.307e-05	0	0
Magnetospira	0	0	0	0	0	0	0	0	0	0	0	0	0	0	0	0	0	0	0.00029096	0	0	3.7652e-05	0	0	0	0	0	0	0	0	0	0
Flagellimonas	0	0	0	0	7.3853e-05	0	0	0	0	0	7.541e-05	0	0	0	0	0	0.00010643	0	0	0	0	0	0	0	0	0	3.4273e-05	0	0	0	3.8147e-05	0
Natranaeroarchaeum	0	0	0	0	0	0	0.00032732	0	0	0	0	0	0	0	0	0	0	0	0	0	0	0	0	0	0	0	0	0	0	0	0	0
Erysipelatoclostridium	0	0.00011061	0	0	0	0	0	0.00013088	0	0	0	0	0	0	0	0	0	0	0	3.8719e-05	0	0	0	4.6956e-05	0	0	0	0	0	0	0	0
Nicoliella	0	0	0.00014137	0	0	0	0	0	3.0531e-05	0	0	0	0	0	4.0132e-05	0	0	0	0	0	7.5496e-05	0	0	0	0	0	0	0	0	3.8568e-05	0	0
Luteitalea	0	0	0	0	0	3.053e-05	0	0	2.7755e-05	0.00012273	0	0	0	0	0	7.4149e-05	0	0	2.9635e-05	0	0	0	0	0	3.8977e-05	0	0	0	0	0	0	0
Dactylococcopsis	0	0	0	0	0	0	0	9.816e-05	0	0	0	0	0	5.3689e-05	0	0	0	0	0	7.7438e-05	0	0	0	5.1225e-05	0	0	0	0	4.3108e-05	0	0	0
Natrialbaceae	0	0	0	0	0	0	0.00032302	0	0	0	0	0	0	0	0	0	0	0	0	0	0	0	0	0	0	0	0	0	0	0	0	0
Rockefellervirus	0	0	0	0	0	0	0	0	0	7.0131e-05	0	0	0	0	0	0.00010875	0	0	0	0	0	0	0	0	0	7.4152e-05	0	0	0	0	0	6.9906e-05
Sedimentisphaera	0	0	0	0	5.6476e-05	0	0	8.5072e-05	0	0	4.5902e-05	0	0	0	0	0	6.23e-05	0	0	0	0	0	0	0	0	0	3.1157e-05	0	0	0	4.1326e-05	0
Venatoribacter	0	0	0	0	0	0.00027172	4.7376e-05	0	0	0	0	0	0	0	0	0	0	0	0	0	0	0	0	0	0	0	0	0	0	0	0	0
Natrononativus	0	0	0	0	0	0	0.00031871	0	0	0	0	0	0	0	0	0	0	0	0	0	0	0	0	0	0	0	0	0	0	0	0	0
Persephonella	0	0	0	0	0	0	0	0	5.5511e-05	0	0	0	0	0	5.4726e-05	0	0	0.00012826	0	0	0	0	0	0	4.6772e-05	0	0	0	0	3.2635e-05	0	0
Nitrospirillum	0	0	0	0	0.00013902	0.00014655	0	0	0	0	0	0	0	0	0	0	0	0	3.2329e-05	0	0	0	0	0	0	0	0	0	0	0	0	0
Arcticibacterium	0	0.000212	0	0	0	0	0	0	0	0	0	4.5685e-05	0	0	0	0	0	5.9551e-05	0	0	0	0	0	0	0	0	0	0	0	0	0	0
Pseudorhodobacter	0	0	0	0	0	0	0	0	0	0	4.2623e-05	0	0	0	0	0	0	5.0389e-05	0	0	6.2914e-05	0	5.5915e-05	0	0	0	0	0	0	6.2303e-05	4.1326e-05	0
Conchiformibius	0	0	0	0	0	0	0.00012059	0	0	0	0	0	0	0	0	0	4.4129e-05	0	4.8494e-05	0	0	9.9265e-05	0	0	0	0	0	0	0	0	0	0
Glaciimonas	0	0	0	0	0	0.00010991	0	0	0	0	0	0	0	0	0	8.4035e-05	0	0	4.5799e-05	0	0	7.1882e-05	0	0	0	0	0	0	0	0	0	0
Simplicispira	0	0	0	0	0	0	5.599e-05	0	4.7184e-05	0	0	7.6142e-05	0	0	0	0	0	8.2455e-05	0	0	0	4.7921e-05	0	0	0	0	0	0	0	0	0	0
Gimibacter	0	0	0	0	0	3.969e-05	7.7524e-05	0	0	0	0	0	0	0	0	6.4262e-05	3.6341e-05	0	0	0	0	8.8996e-05	0	0	0	0	0	0	0	0	0	0
Acanthamoeba	0	0.00030417	0	0	0	0	0	0	0	0	0	0	0	0	0	0	0	0	0	0	0	0	0	0	0	0	0	0	0	0	0	0
Kovacikia	0	0	0	0	0	0	0	0.00015706	4.1633e-05	0	0	0	0	0	0	0	0	5.497e-05	0	0	0	0	0	0	0	0	0	0	0	5.0436e-05	0	0
Saprospira	0	0	0	0	0	0	0	0	3.3306e-05	0	0	0.00020178	0	0	0	0	0	6.8712e-05	0	0	0	0	0	0	0	0	0	0	0	0	0	0
Effusibacillus	0	0	0	0.00011068	0	0	0	7.1984e-05	0	0	0	0	0	0	0	8.4035e-05	3.6341e-05	0	0	0	0	0	0	0	0	0	0	0	0	0	0	0
Thermoleophilum	0	0	0	0	0	0	4.7376e-05	0	0	5.6982e-05	0	0	0	0	0	0	0	0	0.00019667	0	0	0	0	0	0	0	0	0	0	0	0	0
Pyxidicoccus	0	0	0	0	0	0	0	0	0	0.00013588	0	0	0	0	0	6.9206e-05	0	0	0	0	0	3.4229e-05	0	0	0	0	0	0	0	0	0	6.1682e-05
Methyloceanibacter	0	0	0	0	0	0	6.4603e-05	0	0	0	0	0	0	0	0	0	3.8937e-05	0	0.00019667	0	0	0	0	0	0	0	0	0	0	0	0	0
Lichenihabitans	0	0.00019357	0	0	0	0	0	0	0	5.6982e-05	0	0	0	0	0	0	0	0	0	0	0	0	0	0	0	0	0	0	0	0	0	4.9346e-05
Rickettsiales	0	0	0	0	0	0	0	0	3.3306e-05	4.8215e-05	0	0	0	0	0	0	0	0	0	0	0	0	0	0	0.00018709	0	0	0	0	2.9668e-05	0	0
Cyanobium	0	0	0	0	0	0	0	0	0	0	0	0	0	0	0	0.00016807	0	0	0	0	0	0.00013007	0	0	0	0	0	0	0	0	0	0
Lachnoclostridium	0	0	0	0	0	0	0	7.1984e-05	3.3306e-05	0	0	0	0	0	0	0	0	0	0	4.8399e-05	0	0	0	4.2687e-05	5.8465e-05	0	0	0	4.3108e-05	0	0	0
Anaplasma	3.7941e-05	0	0	0	5.6476e-05	0	5.599e-05	0	0	0	0	6.8527e-05	0	0	0	0	4.932e-05	0	0	0	0	0	2.7957e-05	0	0	0	0	0	0	0	0	0
Methylacidiphilum	0	0.00010139	0	0	0	0	0	6.544e-05	6.6613e-05	0	0	0	0	0	0	0	0	0	0	0	0	0	0	0	6.2363e-05	0	0	0	0	0	0	0
Parasphingorhabdus	0	0	0	0	0	0.00022898	0	0	0	0	0	0	0	0	0	0	0	6.4131e-05	0	0	0	0	0	0	0	0	0	0	0	0	0	0
Antarcticibacterium	0	0	0.00010603	0	0	0	0	0	9.4368e-05	0	0	0	0	0	5.4726e-05	0	3.6341e-05	0	0	0	0	0	0	0	0	0	0	0	0	0	0	0
Metamycoplasma	0	0	0	0	0	0	0	0	0	0	9.8361e-05	0	0	0	0	0	6.7491e-05	8.2455e-05	0	0	0	0	0	0	4.2874e-05	0	0	0	0	0	0	0
Trichlorobacter	0	0	0	0	0	0	0	0	0	0	0	0	0	0	0	0	0	0	0.00024786	0	0	0	0	0	4.2874e-05	0	0	0	0	0	0	0
Paraconexibacter	0	0	0	0	0	0	5.599e-05	0	0	0	0	0	0	0	0	7.9092e-05	4.932e-05	0	0	0	0	0.00010611	0	0	0	0	0	0	0	0	0	0
Tannockella	0	0	0	0	0	0	0	0	4.1633e-05	7.4515e-05	0	0	0	0	0	6.4262e-05	0	0	0	0	0	0	0	0	0	5.9322e-05	0	0	0	0	0	4.9346e-05
Chitinivorax	0	0	0	0	0	0	0	0	0	0	0	0	0	0	0	0.0001137	0	0	0	0	0	0.00011638	0	0	5.8465e-05	0	0	0	0	0	0	0
Aminobacter	0	0	0	0	0	0	0	0	6.6613e-05	0.00021916	0	0	0	0	0	0	0	0	0	0	0	0	0	0	0	0	0	0	0	0	0	0
Gulosibacter	0	0	0	0	0	0	0	0	0	0.00016218	0	0	0	0	0	0.00012358	0	0	0	0	0	0	0	0	0	0	0	0	0	0	0	0
Permianibacter	0	0	0	0	0	5.1902e-05	6.891e-05	0	0	0	0	0	0	0	0	0	0	0	0.00016434	0	0	0	0	0	0	0	0	0	0	0	0	0
Nitrosomonas	0	0	0	0	0	0.00024119	0	0	0	0	0	0	0	0	0	0	0	0	4.3105e-05	0	0	0	0	0	0	0	0	0	0	0	0	0
Ferrigenium	0	0.00010139	0	0	0	0	9.4752e-05	0	0	0	0	0	4.1915e-05	0	0	0	0	0	4.3105e-05	0	0	0	0	0	0	0	0	0	0	0	0	0
Abiotrophia	0	0	0	0	0	0	0	0	3.0531e-05	0	5.2459e-05	0	0	0	4.3781e-05	0	4.6725e-05	0	0	0	0	0	0	0	0	0	4.6735e-05	0	0	0	6.04e-05	0
Trichocoleus	0	0	0	0	0	0	0	0	5.2735e-05	0	0	7.9949e-05	0	0	0	0	0	9.1616e-05	0	0	0	0	0	0	5.4568e-05	0	0	0	0	0	0	0
Sediminibacterium	0	0	0	0	0	0	0	0.00017669	0	0	0	3.8071e-05	0	0	0	0	0	0	0	0	0	0	0	6.4031e-05	0	0	0	0	0	0	0	0
Anaerolinea	0	0	0	0.0002767	0	0	0	0	0	0	0	0	0	0	0	0	0	0	0	0	0	0	0	0	0	0	0	0	0	0	0	0
Jarrellvirus	0	0	0	0	0	0	0	0	0	6.5748e-05	0	0	0	0	0	6.9206e-05	0	0	0	0	0	0	0	0	0	8.4039e-05	0	0	0	0	0	5.757e-05
Parasphaerochaeta	0	0.00027652	0	0	0	0	0	0	0	0	0	0	0	0	0	0	0	0	0	0	0	0	0	0	0	0	0	0	0	0	0	0
Sulfuriferula	0	0	0	0	0	0	0	0	0	0	0	0	0	0	0	0	3.6341e-05	0	0.0001805	0	0	5.819e-05	0	0	0	0	0	0	0	0	0	0
Aquirhabdus	0	0	0	0	0	0.00027477	0	0	0	0	0	0	0	0	0	0	0	0	0	0	0	0	0	0	0	0	0	0	0	0	0	0
Alkalimarinus	0	0	0	0	0	3.3584e-05	5.1683e-05	0	0	0	0	0	0	0	0	0	0	0	0.0001347	0	0	5.4767e-05	0	0	0	0	0	0	0	0	0	0
Dyadobacter	0	0	0	0.00019764	0	0	0	0	0	0	0	0	0	0	0	0	0	0	0	0	0	0	0	0	7.4056e-05	0	0	0	0	0	0	0
Natronobacterium	0	0	0	0	0	0	0.00027133	0	0	0	0	0	0	0	0	0	0	0	0	0	0	0	0	0	0	0	0	0	0	0	0	0
Abyssibius	0	0	0	0	0	0	0	0	3.8857e-05	0	0	0	0	0	0	0	4.6725e-05	0	3.5023e-05	0	0	0	3.6345e-05	0	0	0	4.362e-05	0	0	0	6.9937e-05	0
Thermochromatium	0	0	0	0	0	0.00026867	0	0	0	0	0	0	0	0	0	0	0	0	0	0	0	0	0	0	0	0	0	0	0	0	0	0
Cuniculiplasma	0	0	0	0	0	0	0	0	0.00010825	6.1365e-05	0	0	0	0	6.5671e-05	0	0	0	0	0	0	0	0	0	0	0	0	0	0	3.2635e-05	0	0
Flagellatimonas	0	0	0	0	0	0	6.0297e-05	0	0	0	0	0	0	0	0	0	7.0087e-05	0	0.0001374	0	0	0	0	0	0	0	0	0	0	0	0	0
Alkalitalea	0	0	0	0	0	0	0	0	0	0	0	0	0	0	0	0	0	8.2455e-05	0	0	0	0	0	0	0.00011693	0	0	0	0	6.8236e-05	0	0
Alteriqipengyuania	0	0	0	0	0.0002259	0	0	0	0	0	0	0	0	0	0	0	0	0	3.7717e-05	0	0	0	0	0	0	0	0	0	0	0	0	0
Kingella	0	0	0	0	0	0	0	0	3.6082e-05	0	0	0	0	0	6.9319e-05	0	0	0	0.00011854	0	0	0	0	0	0	0	0	0	0	3.8568e-05	0	0
Microcystis	0	0	0	0	0	0	0	0	4.4409e-05	0	0.00011148	0	0	0	0	0	0.00010643	0	0	0	0	0	0	0	0	0	0	0	0	0	0	0
Pragia	0	0	0	0	0	0	0	0	0	0	5.2459e-05	0	0	0	0	0	6.23e-05	5.9551e-05	0	0	0	0	0	0	0	0	4.9851e-05	0	0	0	3.8147e-05	0
Monoglobus	0	0	0	0	0	0	0	0	0	8.7664e-05	0	0	0	0	0	0.00010875	0	0	0	0	0	0	0	0	0	6.4265e-05	0	0	0	0	0	0
Lacimicrobium	0	0	0	0	0	0	0	0	0	0	0	0	0	0	0	6.4262e-05	0	0	0.00011854	0	0	7.5305e-05	0	0	0	0	0	0	0	0	0	0
Geotalea	0	0	0	0	0	0	5.599e-05	0	0	0	0	0	0	0	0	0	0	0	0.00020206	0	0	0	0	0	0	0	0	0	0	0	0	0
Sediminicoccus	0	0	0	0	0	0	0	0	0	0.0001315	0	0	0	0	0	6.4262e-05	0	0	0	0	0	0	0	0	0	0	0	0	0	0	0	6.1682e-05
Larkinella	0	0	0	0	0	0	0	0	6.9388e-05	0	0	0	0	0	4.7429e-05	0	0	0	0	0	0	0	0	0	0.00014032	0	0	0	0	0	0	0
Pyruvatibacter	0	0	0	0	0	0	6.0297e-05	0	0	0	0	0	0	0	0	0	0	0	0.00019667	0	0	0	0	0	0	0	0	0	0	0	0	0
Desulfurivibrio	0	0	0	0	0	0	6.4603e-05	0	0	0	0	0	0	0	0	0	4.6725e-05	0	0.00014548	0	0	0	0	0	0	0	0	0	0	0	0	0
Sulfurimicrobium	0	0	0	0	0	3.969e-05	7.3217e-05	0	0	0	0	0	0	0	0	0	4.1533e-05	0	6.4658e-05	0	0	3.7652e-05	0	0	0	0	0	0	0	0	0	0
Labilithrix	0	0	0	0	0	0	5.599e-05	0	0	0	0	0	0	0	0	0	0	5.0389e-05	8.8905e-05	0	0	5.819e-05	0	0	0	0	0	0	0	0	0	0
Denitrovibrio	0	0	0	0	0	0	0	8.5072e-05	9.1593e-05	0	0	0	0	0	7.6616e-05	0	0	0	0	0	0	0	0	0	0	0	0	0	0	0	0	0
Haliovirga	0	0	0	0	0	0	0	0	4.7184e-05	5.2599e-05	0	0	0	0	0	5.4376e-05	0	9.6197e-05	0	0	0	0	0	0	0	0	0	0	0	0	0	0
Zhihengliuella	0	0	0	0	0	0	0	0	0	0	0	0	0	0	0	0	0	0	0	0	0	0	0	0	0.00024945	0	0	0	0	0	0	0
Imtechella	0	0.00024887	0	0	0	0	0	0	0	0	0	0	0	0	0	0	0	0	0	0	0	0	0	0	0	0	0	0	0	0	0	0
Chlamydia	0	0	0	0	0	0	0	0.00024867	0	0	0	0	0	0	0	0	0	0	0	0	0	0	0	0	0	0	0	0	0	0	0	0
Neorickettsia	0	0	0	0	0	0	0	0	0	0.00012273	0	0	0	0	0	7.9092e-05	0	0	0	0	0	0	0	0	0	0	0	0	0	0	0	4.5234e-05
Moorena	0	0	0	0	0	0	0	0.00011125	0	0	0	7.2335e-05	0	0	0	0	0	5.9551e-05	0	0	0	0	0	0	0	0	0	0	0	0	0	0
Phycisphaera	0	0	0	0	0	0	0	0	0	0.00012273	0	0	0	0	0	0	0	0	0	0	0	0	0	0	0	5.4378e-05	0	0	0	0	0	6.5794e-05
Aerosticca	0	0	0	0	0	0.00016792	0	0	0	7.4515e-05	0	0	0	0	0	0	0	0	0	0	0	0	0	0	0	0	0	0	0	0	0	0
Simonsiella	0	0	0	0	0	0	0	0	0	0	7.541e-05	0	0	0	0	0	9.3449e-05	0	0	0	0	0	0	0	0	0	3.1157e-05	0	0	0	4.1326e-05	0
Halostagnicola	0	0	0	0	0	0	0.00024119	0	0	0	0	0	0	0	0	0	0	0	0	0	0	0	0	0	0	0	0	0	0	0	0	0
Pseudobutyrivibrio	0	0.00010139	0	0	0	0	0	0.00013742	0	0	0	0	0	0	0	0	0	0	0	0	0	0	0	0	0	0	0	0	0	0	0	0
Sideroxydans	0	0	0	0	0	0	0	0	0	0	0	0	0	0	0	0	0	0	0.00023708	0	0	0	0	0	0	0	0	0	0	0	0	0
Fastidiosipila	0	0	0	0	0	0	0	6.544e-05	7.2164e-05	4.3832e-05	0	0	0	0	5.4726e-05	0	0	0	0	0	0	0	0	0	0	0	0	0	0	0	0	0
Aquiluna	0	0	0	0	0	0.00017402	0	0	0	6.1365e-05	0	0	0	0	0	0	0	0	0	0	0	0	0	0	0	0	0	0	0	0	0	0
Algoriphagus	0	0	0	0	0	0	0	0	8.6042e-05	5.6982e-05	0	0	0	0	0	0	0	0	0	0	0	0	0	0	8.9647e-05	0	0	0	0	0	0	0
Haloquadratum	0	0	0	0	0	0	0.00023257	0	0	0	0	0	0	0	0	0	0	0	0	0	0	0	0	0	0	0	0	0	0	0	0	0
Luteithermobacter	0	0	0	0	0	0	7.3217e-05	0	0	0	0	0	0	0	0	0	5.9704e-05	0	0	0	0	9.9265e-05	0	0	0	0	0	0	0	0	0	0
Defluviicoccus	0	0	0	0	0	0	0	0	0	9.2048e-05	0	0	0	0	0	7.4149e-05	0	0	0	0	0	0	0	0	0	0	0	0	0	0	0	6.5794e-05
Sterolibacterium	0	0	0	0	0	0	0	0	0	0.00011396	0	0	0	0	0	6.4262e-05	0	0	0	0	0	0	0	0	0	0	0	0	0	0	0	5.3458e-05
Litorivicinus	0	0	0	0	0	0.00018318	0	0	0	0	0	0	0	0	0	0	0	0	4.8494e-05	0	0	0	0	0	0	0	0	0	0	0	0	0
Sulfuriroseicoccus	0	0	0	0	0	0	0	0	0	0.00012273	0	0	0	0	0	7.9092e-05	0	0	2.9635e-05	0	0	0	0	0	0	0	0	0	0	0	0	0
Fluviispira	0	0	0.00010603	0	0	0	0	0	7.7715e-05	0	0	0	0	0	4.7429e-05	0	0	0	0	0	0	0	0	0	0	0	0	0	0	0	0	0
Kordiimonas	0	0.00023044	0	0	0	0	0	0	0	0	0	0	0	0	0	0	0	0	0	0	0	0	0	0	0	0	0	0	0	0	0	0
Neomicrococcus	0	0	0	0	0	0	0	0	5.8286e-05	0	0	0	0	0	5.1077e-05	0	0	0	0	0	0	0	0	0	0.00012083	0	0	0	0	0	0	0
Riemerella	0	0	0	0	0	0	0	0	4.4409e-05	0	0	0	0	0	0.00010215	0	0	0	0	0	0	0	0	0	8.1851e-05	0	0	0	0	0	0	0
Parvularcula	0	0	0	0	0	4.5796e-05	0	0	5.5511e-05	0	0	0	0	0	5.4726e-05	0	0	0	0	0	0	0	0	0	3.8977e-05	0	0	0	0	3.2635e-05	0	0
Hydrocarboniclastica	0	0	0	0	0	0	0.00012059	0	0	0	0	0	5.2394e-05	0	0	0	0	0	5.3882e-05	0	0	0	0	0	0	0	0	0	0	0	0	0
Actinarchaeum	0	0	0	0	0	0	0.00019381	0	0	0	0	0	0	0	0	0	0	0	3.2329e-05	0	0	0	0	0	0	0	0	0	0	0	0	0
Aquicella	0	0	0	0	0	0	0	0	0	0	0	0	0	0	0	0	0.00012979	0	0	0	0	5.819e-05	0	0	0	0	0	0	0	0	3.8147e-05	0
Staphylothermus	0	0.00011983	0	0	0	0	0	0.0001047	0	0	0	0	0	0	0	0	0	0	0	0	0	0	0	0	0	0	0	0	0	0	0	0
Moritella	0	0	0	0	0	0.00016792	0	0	5.5511e-05	0	0	0	0	0	0	0	0	0	0	0	0	0	0	0	0	0	0	0	0	0	0	0
Paremcibacter	0	0	0	0.00018973	0	3.3584e-05	0	0	0	0	0	0	0	0	0	0	0	0	0	0	0	0	0	0	0	0	0	0	0	0	0	0
[Haemophilus]	0	0	0	0	0	0	0	0	0	0	0	0	0	0	0	0	5.9704e-05	6.8712e-05	0	0	0	0	0	0	0	0	3.7388e-05	0	0	0	5.7221e-05	0
Pseudolabrys	0	0	0	0	0	0	0	0	0	6.5748e-05	0	6.472e-05	0	0	0	0	3.3746e-05	0	0	0	0	0	0	0	5.8465e-05	0	0	0	0	0	0	0
Woodruffvirus	0	0	0	0	0	0	0	0	6.1062e-05	0	0	0	0	0	7.6616e-05	0	0	0	0	0	0	0	0	0	8.1851e-05	0	0	0	0	0	0	0
secondary	0	0	0	0	0	0	0	0	0	0	0.00013771	0	0	0	0	0	8.047e-05	0	0	0	0	0	0	0	0	0	0	0	0	0	0	0
Porifericola	0	0	0	0	4.3443e-05	0	0	0	0	0	5.2459e-05	0	0	0	0	0	0.000122	0	0	0	0	0	0	0	0	0	0	0	0	0	0	0
Pollutimonas	0	0	0	0	0	0	0	0	0	0	0	0	0	0	0	0	0	5.0389e-05	0.00016703	0	0	0	0	0	0	0	0	0	0	0	0	0
Marispirochaeta	0	0.00013826	0	0	0	0	0	0	0	0	0	0	0	0	0	0	0	0	0	0	0	0	0	0	7.7954e-05	0	0	0	0	0	0	0
Anamdongvirus	0	0	0	0	0	0	0	0	3.6082e-05	0	0	0	0	0	0	0	0	0	0	0	0	0	0	0	0.00017929	0	0	0	0	0	0	0
Odoribacter	0	0	0	0	0	0	0	0	0	0	5.2459e-05	0	0	0	0	0	8.5662e-05	0	0	0	0	0	0	0	0	0	4.0504e-05	0	0	0	3.4968e-05	0
Allofrancisella	0	0	0	0	0.00021287	0	0	0	0	0	0	0	0	0	0	0	0	0	0	0	0	0	0	0	0	0	0	0	0	0	0	0
Frigoribacterium	0	0	0	0	0	0	0	0	5.2735e-05	0	0	0	0	0	0	0	0	0	0	0	0	6.5036e-05	0	0	9.3544e-05	0	0	0	0	0	0	0
Altererythrobacter	0	0	0	0	0	8.8538e-05	7.3217e-05	0	0	0	0	0	0	0	0	0	4.932e-05	0	0	0	0	0	0	0	0	0	0	0	0	0	0	0
Verminephrobacter	0	0	0	0	0	0.00015265	0	0	0	0	0	0	0	0	0	0	5.7108e-05	0	0	0	0	0	0	0	0	0	0	0	0	0	0	0
Methylobacter	0	0	0	0	0	0	0	0	3.8857e-05	0	0	0	0	0	0	0	3.3746e-05	0	5.6576e-05	0	0	3.7652e-05	0	0	4.2874e-05	0	0	0	0	0	0	0
Iocasia	0	0	0	0	0	0	0	6.544e-05	0	0	0	0	0	0	0	0	0	0	0	0	0	0	0	0	0.00014421	0	0	0	0	0	0	0
Pleionea	0	0	0	0	0	0	0	0	0	0	3.9344e-05	0	0	0	0	0	4.4129e-05	0	0	0	0	0	0	0	0	0	4.9851e-05	0	0	0	7.6295e-05	0
Salinispora	0	0	0	0	0	0	0	0	0	0.00014026	0	0	0	0	0	6.9206e-05	0	0	0	0	0	0	0	0	0	0	0	0	0	0	0	0
Glaesserella	0	0	0	0	0	0	0	0.00015706	0	0	0	0	0	0	0	0	0	0	0	5.1626e-05	0	0	0	0	0	0	0	0	0	0	0	0
Nonlabens	0	0	0	0	0	0	0	0	4.4409e-05	0	0	0	0	0	4.3781e-05	0	0	0	0	0	0	0	0	0	8.5749e-05	0	0	0	0	3.2635e-05	0	0
Vulgatibacter	0	0.00020278	0	0	0	0	0	0	0	0	0	0	0	0	0	0	0	0	0	0	0	0	0	0	0	0	0	0	0	0	0	0
Hungatella	0	0	0	0	0	0	0	0	3.8857e-05	0	0	0	0	0	3.6484e-05	0	0	0	0	0	0	0	0	0	8.5749e-05	0	0	0	0	4.1535e-05	0	0
Coprococcus	0	0	0	0	0	0	0	0	4.996e-05	0	0	0	0	0	6.2022e-05	0	0	0	0	0	0	0	0	0	8.9647e-05	0	0	0	0	0	0	0
Afipia	0	0	0	0	0	0	0	0	0	0	0	0	0	0	0	9.3922e-05	0	0	3.5023e-05	0	0	7.1882e-05	0	0	0	0	0	0	0	0	0	0
Thalassoglobus	0	0	0	0	0.00019984	0	0	0	0	0	0	0	0	0	0	0	0	0	0	0	0	0	0	0	0	0	0	0	0	0	0	0
Sulfurifustis	0	0	0	0	0	0	6.4603e-05	0	0	0	0	0	0	0	0	0	0	0	8.3517e-05	0	0	5.1344e-05	0	0	0	0	0	0	0	0	0	0
Sulfolobus	0	0	0	0	0	0	0	8.5072e-05	0	0	0	0	0	0	0	0	0	0	0	0	0	0	0	0	0.00011303	0	0	0	0	0	0	0
Neptunomonas	0	0	0	0	0	3.3584e-05	0	0.0001636	0	0	0	0	0	0	0	0	0	0	0	0	0	0	0	0	0	0	0	0	0	0	0	0
Cyclobacterium	0	0	0	0	0	0	0	0.00019632	0	0	0	0	0	0	0	0	0	0	0	0	0	0	0	0	0	0	0	0	0	0	0	0
Algicella	0	0	0	0	0	0	0	0	0	0	0	0	0	0	3.6484e-05	0	0	0	0	0	7.1302e-05	3.7652e-05	0	0	0	0	0	0	0	5.0436e-05	0	0
Saccharobesus	0	0	0	0.00010277	0	0	0	0	0	0	0	0	0	0	0	0	3.3746e-05	0	0	0	0	0	0	0	0	5.9322e-05	0	0	0	0	0	0
Gloeocapsa	0	0	0	0	0	0	0	0	0	6.1365e-05	0	0	0	0	0	5.4376e-05	0	0	0	0	0	0	0	0	0	0	0	0	0	0	0	7.8131e-05
Thermodesulfomicrobium	0	0	0	0	0	0	0	0	0	0.00013588	0	0	0	0	0	0	0	0	0	0	0	0	0	0	0	0	0	0	0	0	0	5.757e-05
Kangiella	0	0	0	0	0	0	0	0	0	0	0	0	0	0	0	0	2.5958e-05	0	0	0	0	0	0	0	0.00010134	0	0	0	0	6.527e-05	0	0
Methanocaldococcus	0	0	0	0	0	0	0	0.00012434	0	0	0	0	0	0	0	0	0	0	0	0	0	0	0	0	6.6261e-05	0	0	0	0	0	0	0
Oceanotoga	0	0	0	0	0	0	0	0	0	0	0	0	0	0	0	7.4149e-05	0	0	0	0	0	0	0	0	6.2363e-05	0	0	0	0	0	0	5.3458e-05
Halodesulfurarchaeum	0	0	0	0	0	0	0.0001895	0	0	0	0	0	0	0	0	0	0	0	0	0	0	0	0	0	0	0	0	0	0	0	0	0
Spartinivicinus	0	0	0	0	0	0.00018929	0	0	0	0	0	0	0	0	0	0	0	0	0	0	0	0	0	0	0	0	0	0	0	0	0	0
Pontimonas	0	0	0	0	0	0	0	0	0	0	0	3.8071e-05	0	0	4.0132e-05	0	0	0.00010994	0	0	0	0	0	0	0	0	0	0	0	0	0	0
Labilibaculum	0	0	0	0	0	0	0	0	0.00011102	0	0	0	0	0	7.6616e-05	0	0	0	0	0	0	0	0	0	0	0	0	0	0	0	0	0
Anseongella	0	0	0	0	0	0	0	0	4.7184e-05	0	0	0	0	0	6.2022e-05	0	0	0	0	0	0	0	0	0	7.7954e-05	0	0	0	0	0	0	0
[Mycoplasma]	0	0	0	0	0	0	0	0	8.6042e-05	0	0	0	0	0	0	0	0	0	0	0	0	0	0	0	5.8465e-05	0	0	0	0	4.1535e-05	0	0
Zhongshania	0	0	0	0	0	0	4.3069e-05	0	0	4.8215e-05	0	0	0	0	0	0	2.5958e-05	0	0	0	0	6.8459e-05	0	0	0	0	0	0	0	0	0	0
Thermodesulfovibrio	0	0.0001567	0	0	0	0	0	0	0	0	0	0	0	2.8257e-05	0	0	0	0	0	0	0	0	0	0	0	0	0	0	0	0	0	0
Herminiimonas	0	0	0	0	0	0	0	0	0	0	0	0	0	0	0	0	4.1533e-05	5.497e-05	4.0411e-05	0	0	4.7921e-05	0	0	0	0	0	0	0	0	0	0
Reinekea	0	0	0	0	0	0	4.7376e-05	0	0	0	0	0	0	0	0	0	0	0	0.0001374	0	0	0	0	0	0	0	0	0	0	0	0	0
Ornithobacterium	0	0	0	0	0	0	0	0.00018323	0	0	0	0	0	0	0	0	0	0	0	0	0	0	0	0	0	0	0	0	0	0	0	0
Methylomicrobium	0	0	0	0	0	0.00018318	0	0	0	0	0	0	0	0	0	0	0	0	0	0	0	0	0	0	0	0	0	0	0	0	0	0
Silvimonas	0	0	0	0	0	0.00013128	5.1683e-05	0	0	0	0	0	0	0	0	0	0	0	0	0	0	0	0	0	0	0	0	0	0	0	0	0
Zunongwangia	0	0	0	0	0	0	0	0	0.00010547	0	0	0	0	0	7.6616e-05	0	0	0	0	0	0	0	0	0	0	0	0	0	0	0	0	0
Winkia	0	0	0	0.00018183	0	0	0	0	0	0	0	0	0	0	0	0	0	0	0	0	0	0	0	0	0	0	0	0	0	0	0	0
Halocatena	0	0	0	0	0	0	0.00018089	0	0	0	0	0	0	0	0	0	0	0	0	0	0	0	0	0	0	0	0	0	0	0	0	0
Defluviitoga	0	0	0	0	0	0	0	0	8.8817e-05	5.2599e-05	0	0	0	0	0	0	0	0	0	0	0	0	0	0	3.8977e-05	0	0	0	0	0	0	0
Rhizobacter	0	0	0	0	0	0	7.7524e-05	0	0	0	0	0	0	0	0	0	0	0	0.00010238	0	0	0	0	0	0	0	0	0	0	0	0	0
Leadbetterella	3.2882e-05	0	0	0	0	0	0	0	3.3306e-05	0	0	0	0	0	0	0.0001137	0	0	0	0	0	0	0	0	0	0	0	0	0	0	0	0
Polymorphum	0	0	0	0	0	0	0	0	0	0	0	0	0	0	0	0	7.2683e-05	0	0	0	0	0.00010611	0	0	0	0	0	0	0	0	0	0
Planctomyces	0	0	0	0	0	0	0	0	4.1633e-05	0	0	0	0	0	5.1077e-05	0	0	0	0	0	0	0	0	0	8.5749e-05	0	0	0	0	0	0	0
Nibricoccus	0	0	0	0	0	9.1591e-05	0	0	0	0	0	0	0	0	0	5.9319e-05	0	0	2.6941e-05	0	0	0	0	0	0	0	0	0	0	0	0	0
Pseudazoarcus	0	0	0	0	0	0	0	0	0	0	0	0	0	0	0	0	0	0	0.00017781	0	0	0	0	0	0	0	0	0	0	0	0	0
Sandaracinobacteroides	0	0	0	0	0	0	0	0	0	9.2048e-05	0	0	0	0	0	0	0	0	0	0	0	0	0	0	0	0	0	0	0	0	0	8.2243e-05
Duodenibacillus	0	0	0	0.00017392	0	0	0	0	0	0	0	0	0	0	0	0	0	0	0	0	0	0	0	0	0	0	0	0	0	0	0	0
Paractinoplanes	0	0	0	0	0	0	0	0	3.6082e-05	0	0	0	0	0	5.4726e-05	0	0	0	0	0	0	0	0	0	8.1851e-05	0	0	0	0	0	0	0
Mesoterricola	0	0	0	0	0	0	0	0	0	0	0	0	0	0	0	0	0	0	3.2329e-05	0	0	8.8996e-05	0	0	5.067e-05	0	0	0	0	0	0	0
Pararhodospirillum	0	0	0	0	0	0.00017097	0	0	0	0	0	0	0	0	0	0	0	0	0	0	0	0	0	0	0	0	0	0	0	0	0	0
Grimontia	0	0	0	0	0	8.5485e-05	0	0	0	0	0	0	0	0	0	0	2.5958e-05	0	0	0	0	5.819e-05	0	0	0	0	0	0	0	0	0	0
Arcanobacterium	0	0	0	0	0	0.00016792	0	0	0	0	0	0	0	0	0	0	0	0	0	0	0	0	0	0	0	0	0	0	0	0	0	0
Nanobdella	0	0	0	0	0	0	0	9.1616e-05	0	0	0	0	0	3.6735e-05	0	0	0	0	0	0	0	0	0	0	3.8977e-05	0	0	0	0	0	0	0
Methanohalobium	0	0	0	0	0	0	0	7.1984e-05	0	0	0	0	0	0	0	0	0	0	0	4.8399e-05	0	0	0	0	4.6772e-05	0	0	0	0	0	0	0
Pseudochrobactrum	0	0	0	0.00016602	0	0	0	0	0	0	0	0	0	0	0	0	0	0	0	0	0	0	0	0	0	0	0	0	0	0	0	0
Desulfofustis	0	0	0	0	4.3443e-05	0	0	0	0	0	4.9181e-05	0	0	0	0	0	4.1533e-05	0	0	0	0	0	0	0	0	0	0	0	0	0	3.1789e-05	0
Changpingibacter	0	0	0	0	0	0	0	0	0	8.7664e-05	0	0	0	0	0	0	0	0	0	0	0	0	0	0	0	0	0	0	0	0	0	7.8131e-05
Rickettsiella	0	0	0	0	0	0	0	0	0	6.5748e-05	5.2459e-05	0	0	0	0	0	4.6725e-05	0	0	0	0	0	0	0	0	0	0	0	0	0	0	0
Paralysiella	0	0	0	0	0	0.00016486	0	0	0	0	0	0	0	0	0	0	0	0	0	0	0	0	0	0	0	0	0	0	0	0	0	0
Paraneptunicella	0	0	0	0	0	7.9379e-05	0	8.5072e-05	0	0	0	0	0	0	0	0	0	0	0	0	0	0	0	0	0	0	0	0	0	0	0	0
Anatilimnocola	0	0	0	0	0	0	0	0	0	0	0	0	0	0	0	0	0	0	0.00016434	0	0	0	0	0	0	0	0	0	0	0	0	0
Abelson	0	0	0	0	0	0	0	0	0	0	0	0	0	0	0	0	0	0	0	0	0	0	0	0	5.4568e-05	0.00010876	0	0	0	0	0	0
Nitratidesulfovibrio	0	0	0	0	0	0	0	0	0	0	0	0	0	0	0	0	0	0	0.00016165	0	0	0	0	0	0	0	0	0	0	0	0	0
Flavihumibacter	0	0	0	0	0	0	0	0	0	0	0	6.472e-05	0	0	0	0	0	9.6197e-05	0	0	0	0	0	0	0	0	0	0	0	0	0	0
Oecophyllibacter	0	0	0	0	0	0	6.891e-05	0	0	0	0	0	0	0	0	0	0	0	9.1599e-05	0	0	0	0	0	0	0	0	0	0	0	0	0
Thermacetogenium	0	0	0	0.00015811	0	0	0	0	0	0	0	0	0	0	0	0	0	0	0	0	0	0	0	0	0	0	0	0	0	0	0	0
Pandoravirus	0	0	0	0	0	0	0	0	0	0.0001578	0	0	0	0	0	0	0	0	0	0	0	0	0	0	0	0	0	0	0	0	0	0
Prodigiosinella	0	0	0	0	0	0	0	0	0	0	0	0	0	0	0	0	0	0.00015575	0	0	0	0	0	0	0	0	0	0	0	0	0	0
Natranaerobius	0	0	0	0	0	0	0	0	0	6.5748e-05	0	0	0	0	0	0	0	0	0	0	0	3.4229e-05	0	0	0	5.4378e-05	0	0	0	0	0	0
Gemykrogvirus	0	0	0	0	0	0	0	0	0.00010269	0	0	0	0	0	0	0	0	0	0	0	0	0	0	0	0	0	0	0	0	5.0436e-05	0	0
Tolumonas	0	0	0	0	0	5.4955e-05	0	0	0	0	5.5738e-05	0	0	0	0	0	4.1533e-05	0	0	0	0	0	0	0	0	0	0	0	0	0	0	0
Aureibaculum	0	0	0	0	0	0	0	0	9.4368e-05	0	0	0	0	0	5.4726e-05	0	0	0	0	0	0	0	0	0	0	0	0	0	0	0	0	0
Hujiaoplasma	0	0	0	0	0	0	0	0	0	0	3.6066e-05	0	0	0	0	8.4035e-05	2.8554e-05	0	0	0	0	0	0	0	0	0	0	0	0	0	0	0
Aedoeadaptatus	0	0	0	0	0	0	0	0	0	0	7.541e-05	0	0	0	0	0	7.2683e-05	0	0	0	0	0	0	0	0	0	0	0	0	0	0	0
Marnyiella	0	0	0	0	0	0.00014655	0	0	0	0	0	0	0	0	0	0	0	0	0	0	0	0	0	0	0	0	0	0	0	0	0	0
Bremerella	0	0	0	0	0	0	6.4603e-05	0	0	0	0	0	0	0	0	0	8.047e-05	0	0	0	0	0	0	0	0	0	0	0	0	0	0	0
Butyricimonas	0	0	0	0	0	0	0	0	0	0	0	0	0	0	0	0	0	0	0	0	0	0	0	0	8.9647e-05	0	0	0	0	0	5.4042e-05	0
Vitreoscilla	0	0	0	0	0	9.7698e-05	0	0	0	0	4.5902e-05	0	0	0	0	0	0	0	0	0	0	0	0	0	0	0	0	0	0	0	0	0
Ilzatvirus	0	0	0	0	0	0	0	0	5.2735e-05	0	0	0	0	0	0	0	0	0	0	0	0	0	0	0	8.9647e-05	0	0	0	0	0	0	0
Agreia	0	0	0	0	0	0	0	0	0	0	0	0	0	0	0	0	0	0	0	0	0	0	0	0	0	8.4039e-05	0	0	0	0	0	5.757e-05
Maridesulfovibrio	0	0	0	0	0	0	0	0	4.996e-05	4.8215e-05	0	0	0	0	0	0	0	0	0	0	0	0	0	0	4.2874e-05	0	0	0	0	0	0	0
Sphaerochaeta	0	0	0	0	0	0	0	6.544e-05	0	0	0	0	0	0	0	0	0	0	7.5434e-05	0	0	0	0	0	0	0	0	0	0	0	0	0
Caproicibacterium	0	0	0	0	0	0.00014044	0	0	0	0	0	0	0	0	0	0	0	0	0	0	0	0	0	0	0	0	0	0	0	0	0	0
Lawsonella	0	9.2174e-05	0	0	0	0	0	0	0	4.8215e-05	0	0	0	0	0	0	0	0	0	0	0	0	0	0	0	0	0	0	0	0	0	0
Nitrosarchaeum	0	0	0	0	0	0	0	0	0	0	0	0	0	0	0	0	0	0	0	0	0	0	0	0	8.5749e-05	0	0	0	0	5.3402e-05	0	0
Actinobaculum	0	0	0	0	0	0	0	0	0	7.8898e-05	0	0	0	0	0	0	0	0	0	0	0	0	0	0	0	5.9322e-05	0	0	0	0	0	0
Wohlfahrtiimonas	0	0	0	0	0	0	0	0.00013742	0	0	0	0	0	0	0	0	0	0	0	0	0	0	0	0	0	0	0	0	0	0	0	0
Lawsonia	0	0	0	0	0	0	0	0	0	0	0	0	0	0	0	0	0	0	0	0	0	0	0	0	9.7442e-05	0	0	0	0	3.8568e-05	0	0
Hippea	0	0	0	0	0	0	0	0	0	0	0.00010164	0	0	0	0	0	3.3746e-05	0	0	0	0	0	0	0	0	0	0	0	0	0	0	0
Thiolapillus	0	0	0	0	0	0	0	0	0	0	0	0	0	0	0	0	0	0	0.0001347	0	0	0	0	0	0	0	0	0	0	0	0	0
Pseudothauera	0	0	0	0	0	0	0	0	0	0	0	0	0	0	0	0	0	0	0.0001347	0	0	0	0	0	0	0	0	0	0	0	0	0
Ketobacter	0	0	0	0	0	0	5.599e-05	0	0	0	0	0	0	0	0	0	0	7.7874e-05	0	0	0	0	0	0	0	0	0	0	0	0	0	0
Sulfuritalea	0	0	0	0	0	6.1061e-05	0	0	0	0	0	0	0	0	0	0	0	0	7.274e-05	0	0	0	0	0	0	0	0	0	0	0	0	0
Chenggangzhangella	0	0	0	0	0	0	0.00013351	0	0	0	0	0	0	0	0	0	0	0	0	0	0	0	0	0	0	0	0	0	0	0	0	0
Olsenella	0	0	0	0	0	0	0	0	0	0	0	0	0	0	0	0	0	0	0	0	0	6.5036e-05	0	0	6.6261e-05	0	0	0	0	0	0	0
Silviavirus	0	0	0	0	0	0	0	0	6.9388e-05	6.1365e-05	0	0	0	0	0	0	0	0	0	0	0	0	0	0	0	0	0	0	0	0	0	0
Pikeienuella	0	0	0	0	0	0	0	0	0	0	0	0	0	0	0	0	0	0	0	0	0	0	0	0	0	0	4.362e-05	3.2995e-05	0	0	5.4042e-05	0
Moumouvirus	0	0	0	0	0	0	0	0	0	0	0	8.3756e-05	0	0	0	0	0	0	0	0	0	0	0	0	4.6772e-05	0	0	0	0	0	0	0
Desulfocapsa	0	0	0	0	0	0	0	9.1616e-05	0	0	0	0	0	0	0	0	0	0	0	3.8719e-05	0	0	0	0	0	0	0	0	0	0	0	0
Mariprofundus	0	0	0	0	0	8.2432e-05	0	0	0	0	0	0	0	0	0	0	0	0	4.5799e-05	0	0	0	0	0	0	0	0	0	0	0	0	0
Horticoccus	0	0	0	0	0	0.00012823	0	0	0	0	0	0	0	0	0	0	0	0	0	0	0	0	0	0	0	0	0	0	0	0	0	0
Fibrella	0	0	0	0	0	0.00012823	0	0	0	0	0	0	0	0	0	0	0	0	0	0	0	0	0	0	0	0	0	0	0	0	0	0
Uruburuella	0	0	0	0	0	0	0	0	0	0	0	0	0	0	0	5.4376e-05	0	0	0	0	0	7.1882e-05	0	0	0	0	0	0	0	0	0	0
Desulfobacter	0	0	0	0	0	0	0	0	3.8857e-05	0	0	0	0	0	0	0	0	0	0	0	5.4525e-05	0	0	0	0	0	0	0	0	3.2635e-05	0	0
Planctobacterium	0	0	0	0	0	0.00012517	0	0	0	0	0	0	0	0	0	0	0	0	0	0	0	0	0	0	0	0	0	0	0	0	0	0
Ectothiorhodosinus	0	0	0	0	0	0.00012517	0	0	0	0	0	0	0	0	0	0	0	0	0	0	0	0	0	0	0	0	0	0	0	0	0	0
Tautonia	0	0	0	0	0	0	0	0	3.8857e-05	0	0	0	0	0	0	0	0	0	0	0	0	0	0	0	8.5749e-05	0	0	0	0	0	0	0
Haloferula	0	0	0	0	0	0	0	0	0	7.8898e-05	0	0	0	0	0	0	0	0	0	0	0	0	0	0	0	0	0	0	0	0	0	4.5234e-05
Gillisia	0	0	0.0001237	0	0	0	0	0	0	0	0	0	0	0	0	0	0	0	0	0	0	0	0	0	0	0	0	0	0	0	0	0
Pectinatus	0	0	0.0001237	0	0	0	0	0	0	0	0	0	0	0	0	0	0	0	0	0	0	0	0	0	0	0	0	0	0	0	0	0
Facklamia	0	0	0	0	0	0	0	0	0	8.3281e-05	0	0	0	0	4.0132e-05	0	0	0	0	0	0	0	0	0	0	0	0	0	0	0	0	0
Tunicatimonas	0	0	0	0	0	6.1061e-05	0	0	0	0	6.2295e-05	0	0	0	0	0	0	0	0	0	0	0	0	0	0	0	0	0	0	0	0	0
Tardiphaga	0	0	0	0	0	0	0	0	0	0	0	0	0	0	0	0	0	0	7.8128e-05	0	0	4.4498e-05	0	0	0	0	0	0	0	0	0	0
Arenibacter	0	0	0	0	0	0	0	0	4.996e-05	0	0	0	0	0	0	0	0	0	0	0	0	0	0	0	3.8977e-05	0	0	0	0	3.2635e-05	0	0
Flaviflexus	0	0	0	0	0	0	0	0	0	8.3281e-05	0	0	0	0	0	0	0	0	3.7717e-05	0	0	0	0	0	0	0	0	0	0	0	0	0
Caldichromatium	0	0	0	0	0	0	6.891e-05	0	0	0	0	0	0	0	0	0	5.1916e-05	0	0	0	0	0	0	0	0	0	0	0	0	0	0	0
Thiosulfatimonas	0	0	0	0	0	0	8.6138e-05	0	0	0	0	0	0	0	0	0	3.3746e-05	0	0	0	0	0	0	0	0	0	0	0	0	0	0	0
Subdoligranulum	0	0	0	0	0	0.00011907	0	0	0	0	0	0	0	0	0	0	0	0	0	0	0	0	0	0	0	0	0	0	0	0	0	0
Tupanvirus	0	0	8.8359e-05	0	0	0	0	0	3.0531e-05	0	0	0	0	0	0	0	0	0	0	0	0	0	0	0	0	0	0	0	0	0	0	0
Aurantimonas	0	0	0	0	0	0	0	0	3.6082e-05	0	0	0	0	0	4.3781e-05	0	3.8937e-05	0	0	0	0	0	0	0	0	0	0	0	0	0	0	0
Amylibacter	0	0	0	0	0	0	0	0	0	0	0	0	0	0	0	0	0	0	0	0	5.0331e-05	0	2.7957e-05	0	0	0	0	0	0	0	3.8147e-05	0
Phormidium	0	0	0	0	0	0	0	0	0	0	3.6066e-05	0	0	0	0	0	3.8937e-05	0	0	0	0	0	0	0	0	0	0	0	0	0	4.1326e-05	0
Thermosynechococcus	0	0	0	0	0	0.00011602	0	0	0	0	0	0	0	0	0	0	0	0	0	0	0	0	0	0	0	0	0	0	0	0	0	0
Sulfuricaulis	0	0	0	0	0	0	0	0	0	0	0	0	0	0	0	0	0	0	0.00011585	0	0	0	0	0	0	0	0	0	0	0	0	0
Terricaulis	0	0	0	0	0	0	4.7376e-05	0	0	0	0	0	0	0	0	0	0	0	0	0	0	6.8459e-05	0	0	0	0	0	0	0	0	0	0
Flaviramulus	0	0	0.00011487	0	0	0	0	0	0	0	0	0	0	0	0	0	0	0	0	0	0	0	0	0	0	0	0	0	0	0	0	0
Cardiobacterium	0	0	0	0	0	0	4.3069e-05	0	0	0	0	0	0	0	0	0	0	0	7.0046e-05	0	0	0	0	0	0	0	0	0	0	0	0	0
Marinicauda	0	0	0	0	0	0	0	0	0	0	0	0	0	0	0	0	0	0	0	0	6.7108e-05	0	0	0	0	0	0	0	0	4.4502e-05	0	0
Tolypothrix	0	0	0	0	0	0	0	0	0	0	0	0	0	0	0	0	0.00010902	0	0	0	0	0	0	0	0	0	0	0	0	0	0	0
Catenovulum	0	0	0	0	5.2131e-05	0	0	0	0	0	0	0	0	0	0	0	0	0	5.6576e-05	0	0	0	0	0	0	0	0	0	0	0	0	0
Ichthyobacterium	0	0	0	0	0	0	0	0	0	4.3832e-05	0	0	0	0	0	6.4262e-05	0	0	0	0	0	0	0	0	0	0	0	0	0	0	0	0
Deefgea	0	0	0	0	0	0.00010686	0	0	0	0	0	0	0	0	0	0	0	0	0	0	0	0	0	0	0	0	0	0	0	0	0	0
Oleiphilus	0	0	0	0	0	0.00010686	0	0	0	0	0	0	0	0	0	0	0	0	0	0	0	0	0	0	0	0	0	0	0	0	0	0
Iodobacter	0	0	0	0	0	0.00010686	0	0	0	0	0	0	0	0	0	0	0	0	0	0	0	0	0	0	0	0	0	0	0	0	0	0
Changchengzhania	0	0	0.00010603	0	0	0	0	0	0	0	0	0	0	0	0	0	0	0	0	0	0	0	0	0	0	0	0	0	0	0	0	0
Kaustia	0	0	0	0	0	0	0	0	3.0531e-05	0	0	0	0	0	0	7.4149e-05	0	0	0	0	0	0	0	0	0	0	0	0	0	0	0	0
Falsihalocynthiibacter	0	0	0	0	0	0	4.3069e-05	0	2.7755e-05	0	0	0	0	0	0	0	3.3746e-05	0	0	0	0	0	0	0	0	0	0	0	0	0	0	0
Ferroplasma	0	0	0	0	0	0	0	0	5.2735e-05	0	0	0	0	0	0	0	0	0	0	0	0	0	0	0	5.067e-05	0	0	0	0	0	0	0
Bulleidia	0	0	0	0	0	0	0	0	0	0	4.5902e-05	0	0	0	0	0	5.7108e-05	0	0	0	0	0	0	0	0	0	0	0	0	0	0	0
Aurantiacibacter	0	0	0	0	0	4.5796e-05	0	0	0	0	0	0	0	0	0	0	5.7108e-05	0	0	0	0	0	0	0	0	0	0	0	0	0	0	0
Rhizosphaericola	0	0	0	0.00010277	0	0	0	0	0	0	0	0	0	0	0	0	0	0	0	0	0	0	0	0	0	0	0	0	0	0	0	0
Chloroherpeton	0	0	0	0.00010277	0	0	0	0	0	0	0	0	0	0	0	0	0	0	0	0	0	0	0	0	0	0	0	0	0	0	0	0
Paramicrobacterium	0	0.00010139	0	0	0	0	0	0	0	0	0	0	0	0	0	0	0	0	0	0	0	0	0	0	0	0	0	0	0	0	0	0
Aureliella	0	0	0	0	0	0	0	0	0	0	0	0	0	0	0	0	0	0	0	0	0	0	0	0	0	9.887e-05	0	0	0	0	0	0
Maritalea	0	0	0	0	0	0	0	9.816e-05	0	0	0	0	0	0	0	0	0	0	0	0	0	0	0	0	0	0	0	0	0	0	0	0
Acidisoma	0	0	0	0	0	0	6.0297e-05	0	0	0	0	0	0	0	0	0	0	0	3.7717e-05	0	0	0	0	0	0	0	0	0	0	0	0	0
Marinifilum	0	0	0	0	0	0	0	0	0	0	0	0	0	0	0	0	0	0	0	0	0	0	0	0	6.2363e-05	0	0	0	0	3.5602e-05	0	0
Haliangium	0	0	0	0	0	0	0	0	0	0	0	0	0	0	0	0	0	0	5.3882e-05	0	0	0	0	0	4.2874e-05	0	0	0	0	0	0	0
Kagamiyamavirus	0	0	0	0	0	0	0	0	0	0	3.2787e-05	0	0	0	0	0	0	0	0	0	0	0	3.3549e-05	0	0	0	0	3.0245e-05	0	0	0	0
Carjivirus	0	0	0	0	0	0	0	0	6.6613e-05	0	0	0	0	0	0	0	0	0	0	0	0	0	0	0	0	0	0	0	0	2.9668e-05	0	0
Atribacter	0	0	0	0	0	0	4.3069e-05	0	0	0	0	0	0	0	0	0	0	5.0389e-05	0	0	0	0	0	0	0	0	0	0	0	0	0	0
Anoxybacter	0	0	0	0	0	0	0	0	0	4.3832e-05	0	0	0	0	0	0	0	0	0	0	0	0	0	0	0	0	0	0	0	0	0	4.9346e-05
Caldisericum	0	0	0	0	0	0	0	0	0	0	0	3.8071e-05	0	0	0	0	0	5.497e-05	0	0	0	0	0	0	0	0	0	0	0	0	0	0
Acholeplasma	0	0	0	0	0	4.8849e-05	0	0	0	4.3832e-05	0	0	0	0	0	0	0	0	0	0	0	0	0	0	0	0	0	0	0	0	0	0
Desulfogranum	0	9.2174e-05	0	0	0	0	0	0	0	0	0	0	0	0	0	0	0	0	0	0	0	0	0	0	0	0	0	0	0	0	0	0
Alphabaculovirus	0	9.2174e-05	0	0	0	0	0	0	0	0	0	0	0	0	0	0	0	0	0	0	0	0	0	0	0	0	0	0	0	0	0	0
Picosynechococcus	0	9.2174e-05	0	0	0	0	0	0	0	0	0	0	0	0	0	0	0	0	0	0	0	0	0	0	0	0	0	0	0	0	0	0
Acetohalobium	0	0	0	0	0	0	0	0	0	0	4.2623e-05	0	0	0	0	0	4.932e-05	0	0	0	0	0	0	0	0	0	0	0	0	0	0	0
Frischella	0	0	0	0	0	0	0	0	3.6082e-05	0	0	0	0	0	0	0	0	0	0	0	0	0	0	0	5.4568e-05	0	0	0	0	0	0	0
Noviherbaspirillum	0	0	0	0	0	0	9.0445e-05	0	0	0	0	0	0	0	0	0	0	0	0	0	0	0	0	0	0	0	0	0	0	0	0	0
Amygdalobacter	0	0	0	0	0	0	0	0	3.8857e-05	0	0	0	0	0	5.1077e-05	0	0	0	0	0	0	0	0	0	0	0	0	0	0	0	0	0
Polymorphobacter	0	0	0	0	0	0	0	0	0	8.7664e-05	0	0	0	0	0	0	0	0	0	0	0	0	0	0	0	0	0	0	0	0	0	0
Labrys	0	0	0	0	0	0	0	0	0	5.2599e-05	0	0	0	0	0	0	0	0	3.5023e-05	0	0	0	0	0	0	0	0	0	0	0	0	0
Malacoplasma	0	0	0	0	0	0	0	0	0	0	0	0	0	0	0	0	0	8.7035e-05	0	0	0	0	0	0	0	0	0	0	0	0	0	0
Methanocella	0	0	0	0	0	0	0	0	4.996e-05	0	0	0	0	0	3.6484e-05	0	0	0	0	0	0	0	0	0	0	0	0	0	0	0	0	0
Lutibacter	0	0	0	0	0	0	0	0	2.7755e-05	0	0	0	0	0	0	0	0	0	0	0	0	0	0	0	5.8465e-05	0	0	0	0	0	0	0
Eikenella	0	0	0	0	0	0	0	0	0	0	0	0	0	0	0	0	0	0	8.6211e-05	0	0	0	0	0	0	0	0	0	0	0	0	0
[Bacillus]	0	0	0	0	0	0	0	0	0	0	0	0	0	0	0	0	8.5662e-05	0	0	0	0	0	0	0	0	0	0	0	0	0	0	0
Thermoflavifilum	0	0	0	0	0	0	0	0	4.1633e-05	4.3832e-05	0	0	0	0	0	0	0	0	0	0	0	0	0	0	0	0	0	0	0	0	0	0
Rhodoplanes	0	0	0	0	0	0	0	0	0	4.8215e-05	0	0	0	0	0	0	0	0	3.5023e-05	0	0	0	0	0	0	0	0	0	0	0	0	0
Pyramidobacter	0	0	0	0	0	0	0	0	0	0	0	0	0	0	0	0	0	8.2455e-05	0	0	0	0	0	0	0	0	0	0	0	0	0	0
Acidibrevibacterium	0	0	0	0	0	8.2432e-05	0	0	0	0	0	0	0	0	0	0	0	0	0	0	0	0	0	0	0	0	0	0	0	0	0	0
Buchananella	0	0	0	0	0	0	8.1831e-05	0	0	0	0	0	0	0	0	0	0	0	0	0	0	0	0	0	0	0	0	0	0	0	0	0
Cyanobacterium	0	0	0	0	0	0	0	0	0	0	0	0	0	0	0	0	3.115e-05	5.0389e-05	0	0	0	0	0	0	0	0	0	0	0	0	0	0
Wielerella	0	0	0	0	0	0	0	0	0	0	0	0	0	0	0	0	0	0	8.0823e-05	0	0	0	0	0	0	0	0	0	0	0	0	0
Amniculibacterium	0	0	0	0	0	0	0	0	0	0	0	0	0	0	8.0264e-05	0	0	0	0	0	0	0	0	0	0	0	0	0	0	0	0	0
Sulfuriflexus	0	0	0	0	0	0	0	0	0	0	0	0	0	0	0	0	0	0	3.5023e-05	0	0	4.4498e-05	0	0	0	0	0	0	0	0	0	0
Qiania	0	0	0	0	0	7.9379e-05	0	0	0	0	0	0	0	0	0	0	0	0	0	0	0	0	0	0	0	0	0	0	0	0	0	0
Fervidobacterium	0	0	0	0	0	0	0	0	0	0	0	5.3299e-05	0	0	0	0	2.5958e-05	0	0	0	0	0	0	0	0	0	0	0	0	0	0	0
Nodosilinea	0	0	0	7.9056e-05	0	0	0	0	0	0	0	0	0	0	0	0	0	0	0	0	0	0	0	0	0	0	0	0	0	0	0	0
Ilyobacter	0	0	0	0	0	0	0	0	0	7.8898e-05	0	0	0	0	0	0	0	0	0	0	0	0	0	0	0	0	0	0	0	0	0	0
Denitrobacterium	0	0	0	0	0	0	0	0	0	0	0	0	0	0	0	0	0	0	3.5023e-05	0	0	0	0	0	4.2874e-05	0	0	0	0	0	0	0
Nanchangia	0	0	0	0	0	0	0	0	3.0531e-05	0	0	0	0	0	0	0	0	0	0	0	0	0	0	0	4.6772e-05	0	0	0	0	0	0	0
Thermostichus	0	0	0	0	0	0	0	0	0	0	0	0	0	0	0	0	0	0	7.5434e-05	0	0	0	0	0	0	0	0	0	0	0	0	0
Saliniradius	0	0	0	0	0	0	0	0	0	0	0	0	0	0	0	0	0	0	7.5434e-05	0	0	0	0	0	0	0	0	0	0	0	0	0
Acididesulfobacillus	0	0	0	0	0	0	0	0	2.7755e-05	0	0	0	0	0	4.7429e-05	0	0	0	0	0	0	0	0	0	0	0	0	0	0	0	0	0
Zophobihabitans	0	0	0	0	0	0	0	0	0	0	0	0	0	0	0	0	0	0	0	0	0	0	0	0	3.8977e-05	0	0	0	0	3.5602e-05	0	0
Psychroflexus	0	0	0	0	0	0	0	0	2.7755e-05	0	0	0	0	0	0	0	0	0	0	0	0	0	0	0	4.6772e-05	0	0	0	0	0	0	0
Renibacterium	0	0	0	0	0	0	0	0	0	7.4515e-05	0	0	0	0	0	0	0	0	0	0	0	0	0	0	0	0	0	0	0	0	0	0
Methylovulum	0	0	0	0	0	0	0	0	0	7.4515e-05	0	0	0	0	0	0	0	0	0	0	0	0	0	0	0	0	0	0	0	0	0	0
Fulvitalea	0	0	0	0	0	0	0	0	0	0	0	0	0	0	0	0	2.8554e-05	4.5808e-05	0	0	0	0	0	0	0	0	0	0	0	0	0	0
Sulfuritortus	0	0	0	0	0	0	0	0	0	0	0	0	0	0	0	0	0	0	7.274e-05	0	0	0	0	0	0	0	0	0	0	0	0	0
Aristophania	0	0	0	0	0	0	0	0	0	0	0	0	0	0	0	0	0	0	0	0	0	0	0	0	4.2874e-05	0	0	0	0	2.9668e-05	0	0
Archaeoglobus	0	0	0	0	0	0	0	0	0	0	0	0	0	0	0	0	0	0	0	0	0	7.1882e-05	0	0	0	0	0	0	0	0	0	0
Pseudidiomarina	0	0	0	0	0	0	0	0	0	0	0	0	0	0	0	0	0	0	0	0	0	7.1882e-05	0	0	0	0	0	0	0	0	0	0
Natronoglycomyces	0	0	0	0	0	0	0	0	0	0	0	0	0	0	0	0	0	0	0	0	0	7.1882e-05	0	0	0	0	0	0	0	0	0	0
Eneladusvirus	0	0	0	0	0	0	0	0	0	0	0	0	0	0	0	0	0	0	0	0	0	0	0	0	7.0158e-05	0	0	0	0	0	0	0
Vedamuthuvirus	0	0	0	0	0	0	0	0	0	0	0	0	0	0	0	0	0	0	0	0	0	0	0	0	7.0158e-05	0	0	0	0	0	0	0
Ruicaihuangia	0	0	0	0	0	0	0	0	0	0	0	0	0	0	0	0	0	0	7.0046e-05	0	0	0	0	0	0	0	0	0	0	0	0	0
Pararoseomonas	0	0	0	0	0	0	0	0	0	0	0	0	0	0	0	0	0	0	7.0046e-05	0	0	0	0	0	0	0	0	0	0	0	0	0
Peptostreptococcus	0	0	0	0	0	0	0	0	0	0	0	0	0	0	0	6.9206e-05	0	0	0	0	0	0	0	0	0	0	0	0	0	0	0	0
Lentisphaera	0	0	0	0	0	0	0	0	0	0	6.8853e-05	0	0	0	0	0	0	0	0	0	0	0	0	0	0	0	0	0	0	0	0	0
Parabacteroides	0	0	0	0	0	0	0	0	0	0	0	0	0	0	0	0	0	6.8712e-05	0	0	0	0	0	0	0	0	0	0	0	0	0	0
Colwellia	0	0	0	0	0	0	0	0	0	0	0	0	0	0	0	0	0	6.8712e-05	0	0	0	0	0	0	0	0	0	0	0	0	0	0
Lancefieldella	0	0	0	0	0	0	0	0	0	0	0	0	0	0	0	0	0	0	0	0	0	0	0	0	0	0	0	3.2995e-05	0	3.5602e-05	0	0
Syntrophotalea	0	0	0	0	0	0	0	0	0	0	0	0	0	0	0	0	0	0	0	0	0	6.8459e-05	0	0	0	0	0	0	0	0	0	0
Symmachiella	0	0	0	0	0	0	0	0	0	0	0	0	0	0	0	0	0	0	6.7352e-05	0	0	0	0	0	0	0	0	0	0	0	0	0
Acetilactobacillus	0	0	0	0	0	0	0	0	3.0531e-05	0	0	0	0	0	3.6484e-05	0	0	0	0	0	0	0	0	0	0	0	0	0	0	0	0	0
Celerinatantimonas	0	0	0	0	0	0	0	0	0	0	0	0	0	0	0	0	3.3746e-05	0	0	0	0	0	0	0	0	0	0	0	0	3.2635e-05	0	0
Thermocrinis	0	0	0	0	0	0	0	0	0	0	0	0	0	0	0	0	0	0	0	3.5493e-05	0	0	0	0	0	0	0	0	3.0792e-05	0	0	0
Methanolobus	0	0	0	0	0	0	0	0	0	0	0	0	0	0	0	0	0	0	0	0	0	0	0	0	6.6261e-05	0	0	0	0	0	0	0
Verrucomicrobium	0	0	0	0	0	0	0	0	0	6.5748e-05	0	0	0	0	0	0	0	0	0	0	0	0	0	0	0	0	0	0	0	0	0	0
Woeseia	0	0	0	0	0	0	0	0	0	0	0	0	0	0	0	0	6.4895e-05	0	0	0	0	0	0	0	0	0	0	0	0	0	0	0
Casimicrobium	0	0	0	0	0	0	0	0	0	0	0	0	0	0	0	0	0	0	6.4658e-05	0	0	0	0	0	0	0	0	0	0	0	0	0
Desulfoferula	0	0	0	0	0	0	0	0	0	0	0	0	0	0	0	0	0	0	6.4658e-05	0	0	0	0	0	0	0	0	0	0	0	0	0
Mogibacterium	0	0	0	0	0	0	0	0	0	0	0	0	0	0	0	0	0	6.4131e-05	0	0	0	0	0	0	0	0	0	0	0	0	0	0
Basilea	0	0	0	0	0	0	0	0	0	0	0	0	0	0	0	0	0	6.4131e-05	0	0	0	0	0	0	0	0	0	0	0	0	0	0
Aeoliella	0	0	0	0	0	6.4114e-05	0	0	0	0	0	0	0	0	0	0	0	0	0	0	0	0	0	0	0	0	0	0	0	0	0	0
Kerstersia	0	0	0	0	0	0	0	0	0	0	0	0	0	0	0	0	0	0	0	0	0	0	0	0	0	0	0	0	0	6.2303e-05	0	0
Methylotenera	0	0	0	0	0	0	0	0	0	0	0	0	0	0	0	0	3.115e-05	0	0	0	0	0	0	0	0	0	0	0	3.0792e-05	0	0	0
Proteiniclasticum	0	0	0	0	0	0	0	0	0	6.1365e-05	0	0	0	0	0	0	0	0	0	0	0	0	0	0	0	0	0	0	0	0	0	0
Pirellulimonas	0	0	0	0	0	0	0	0	0	6.1365e-05	0	0	0	0	0	0	0	0	0	0	0	0	0	0	0	0	0	0	0	0	0	0
Intestinibacillus	0	0	0	0	0	6.1061e-05	0	0	0	0	0	0	0	0	0	0	0	0	0	0	0	0	0	0	0	0	0	0	0	0	0	0
Aquabacter	0	0	0	0	0	0	0	0	0	0	0	0	0	0	0	0	0	0	0	0	0	0	0	0	0	5.9322e-05	0	0	0	0	0	0
Pelodictyon	0	0	0	0	0	0	0	0	0	0	0	0	0	0	0	5.9319e-05	0	0	0	0	0	0	0	0	0	0	0	0	0	0	0	0
Spirochaeta	0	0	0	0	0	0	0	0	0	0	0	0	0	0	0	0	0	0	5.927e-05	0	0	0	0	0	0	0	0	0	0	0	0	0
Truepera	0	0	0	0	0	0	0	0	0	0	0	0	0	0	0	0	0	0	0	0	0	0	0	0	5.8465e-05	0	0	0	0	0	0	0
Opitutus	0	0	0	0	0	0	0	0	0	0	0	0	0	0	0	0	0	0	0	0	0	0	0	0	5.8465e-05	0	0	0	0	0	0	0
Methanopyrus	0	0	0	0	0	0	0	0	0	0	0	0	0	0	0	0	0	0	0	0	0	0	0	0	5.8465e-05	0	0	0	0	0	0	0
Alkalibacter	0	0	0	0	0	0	0	0	0	5.6982e-05	0	0	0	0	0	0	0	0	0	0	0	0	0	0	0	0	0	0	0	0	0	0
Inhella	0	0	0	0	0	0	0	0	0	5.6982e-05	0	0	0	0	0	0	0	0	0	0	0	0	0	0	0	0	0	0	0	0	0	0
Salinarimonas	0	0	0	0	0	0	0	0	0	5.6982e-05	0	0	0	0	0	0	0	0	0	0	0	0	0	0	0	0	0	0	0	0	0	0
Roseimaritima	0	0	0	0	5.6476e-05	0	0	0	0	0	0	0	0	0	0	0	0	0	0	0	0	0	0	0	0	0	0	0	0	0	0	0
Xiamenia	0	0	0	0	5.6476e-05	0	0	0	0	0	0	0	0	0	0	0	0	0	0	0	0	0	0	0	0	0	0	0	0	0	0	0
Aureibacter	0	0	0	0	0	0	0	0	0	0	5.5738e-05	0	0	0	0	0	0	0	0	0	0	0	0	0	0	0	0	0	0	0	0	0
Novisyntrophococcus	0	0	0	0	0	0	0	0	0	0	5.5738e-05	0	0	0	0	0	0	0	0	0	0	0	0	0	0	0	0	0	0	0	0	0
Schlegelella	0	0	0	0	0	0	0	0	0	0	0	0	0	0	0	0	0	0	0	0	0	0	0	0	5.4568e-05	0	0	0	0	0	0	0
Megavirus	0	0	0	0	0	0	0	0	0	0	0	0	0	0	0	0	0	0	0	0	0	0	0	0	5.4568e-05	0	0	0	0	0	0	0
Amedibacterium	0	0	0	0	0	0	0	0	0	5.2599e-05	0	0	0	0	0	0	0	0	0	0	0	0	0	0	0	0	0	0	0	0	0	0
Terasakiella	0	0	0	0	0	5.1902e-05	0	0	0	0	0	0	0	0	0	0	0	0	0	0	0	0	0	0	0	0	0	0	0	0	0	0
Sulfodiicoccus	0	0	0	0	0	5.1902e-05	0	0	0	0	0	0	0	0	0	0	0	0	0	0	0	0	0	0	0	0	0	0	0	0	0	0
Adhaeretor	0	0	0	0	0	0	5.1683e-05	0	0	0	0	0	0	0	0	0	0	0	0	0	0	0	0	0	0	0	0	0	0	0	0	0
Serpentinimonas	0	0	0	0	0	0	5.1683e-05	0	0	0	0	0	0	0	0	0	0	0	0	0	0	0	0	0	0	0	0	0	0	0	0	0
Roseimicrobium	0	0	0	0	0	0	5.1683e-05	0	0	0	0	0	0	0	0	0	0	0	0	0	0	0	0	0	0	0	0	0	0	0	0	0
Morococcus	0	0	0	0	0	0	0	0	0	0	0	0	0	0	0	0	0	0	0	0	0	5.1344e-05	0	0	0	0	0	0	0	0	0	0
Methylocaldum	0	0	0	0	0	0	0	0	0	0	0	0	0	0	0	0	0	0	5.1188e-05	0	0	0	0	0	0	0	0	0	0	0	0	0
Methanosphaera	0	0	0	0	0	0	0	0	0	0	0	0	0	0	0	0	0	0	0	0	0	0	0	0	5.067e-05	0	0	0	0	0	0	0
Intestinibaculum	0	0	0	0	0	0	0	0	0	0	0	0	0	0	0	0	0	5.0389e-05	0	0	0	0	0	0	0	0	0	0	0	0	0	0
Crocosphaera	0	0	0	0	0	0	0	0	0	0	0	0	0	0	0	0	0	5.0389e-05	0	0	0	0	0	0	0	0	0	0	0	0	0	0
[Phormidium]	0	0	0	0	0	0	0	0	4.996e-05	0	0	0	0	0	0	0	0	0	0	0	0	0	0	0	0	0	0	0	0	0	0	0
Athalassotoga	0	0	0	0	0	0	0	0	0	0	0	0	0	0	0	4.9433e-05	0	0	0	0	0	0	0	0	0	0	0	0	0	0	0	0
Niastella	0	0	0	0	0	0	0	0	0	0	0	0	0	0	0	0	0	0	0	0	0	0	0	0	0	0	0	0	0	0	0	4.9346e-05
Ferriphaselus	0	0	0	0	0	4.8849e-05	0	0	0	0	0	0	0	0	0	0	0	0	0	0	0	0	0	0	0	0	0	0	0	0	0	0
Coraliomargarita	0	0	0	0	0	4.8849e-05	0	0	0	0	0	0	0	0	0	0	0	0	0	0	0	0	0	0	0	0	0	0	0	0	0	0
Telmatobacter	0	0	0	0	0	0	0	0	0	0	0	0	0	0	0	0	0	0	4.8494e-05	0	0	0	0	0	0	0	0	0	0	0	0	0
Arachidicoccus	0	0	0	0	0	0	0	0	0	4.8215e-05	0	0	0	0	0	0	0	0	0	0	0	0	0	0	0	0	0	0	0	0	0	0
Sheenvirus	0	0	0	0	0	0	0	0	0	4.8215e-05	0	0	0	0	0	0	0	0	0	0	0	0	0	0	0	0	0	0	0	0	0	0
Rhodomicrobium	0	0	0	0	0	0	0	0	0	4.8215e-05	0	0	0	0	0	0	0	0	0	0	0	0	0	0	0	0	0	0	0	0	0	0
Pseudopedobacter	0	0	0	0	0	0	0	0	0	0	0	0	0	0	4.7429e-05	0	0	0	0	0	0	0	0	0	0	0	0	0	0	0	0	0
Youhaiella	0	0	0	0	0	0	4.7376e-05	0	0	0	0	0	0	0	0	0	0	0	0	0	0	0	0	0	0	0	0	0	0	0	0	0
Sellimonas	0	0	0	0	0	0	0	0	4.7184e-05	0	0	0	0	0	0	0	0	0	0	0	0	0	0	0	0	0	0	0	0	0	0	0
Desulforapulum	0	0	0	0	0	0	0	0	0	0	0	0	0	0	0	0	0	0	0	0	0	0	0	0	4.6772e-05	0	0	0	0	0	0	0
Sebaldella	0	0	0	0	0	0	0	0	0	0	0	0	0	0	0	0	0	0	0	0	0	0	0	0	4.6772e-05	0	0	0	0	0	0	0
Desulfobulbus	0	0	0	0	0	0	0	0	0	0	0	0	0	0	0	0	0	0	4.5799e-05	0	0	0	0	0	0	0	0	0	0	0	0	0
Paradevosia	0	0	0	0	0	0	0	0	0	0	0	0	0	0	0	0	0	0	4.5799e-05	0	0	0	0	0	0	0	0	0	0	0	0	0
Fuerstiella	0	0	0	0	0	0	0	0	0	0	0	0	0	0	0	0	0	0	4.5799e-05	0	0	0	0	0	0	0	0	0	0	0	0	0
Fenollaria	0	0	0	0	0	4.5796e-05	0	0	0	0	0	0	0	0	0	0	0	0	0	0	0	0	0	0	0	0	0	0	0	0	0	0
Catenibacterium	0	0	0	0	0	0	0	0	0	0	0	0	0	0	0	0	0	0	0	0	0	0	0	0	0	0	0	0	0	0	0	4.5234e-05
Solobacterium	0	0	0	0	0	0	0	0	0	0	0	0	0	0	0	0	0	0	0	0	0	4.4498e-05	0	0	0	0	0	0	0	0	0	0
Arsenophonus	0	0	0	0	0	0	0	0	4.4409e-05	0	0	0	0	0	0	0	0	0	0	0	0	0	0	0	0	0	0	0	0	0	0	0
Urechidicola	0	0	0	0	0	0	0	0	4.4409e-05	0	0	0	0	0	0	0	0	0	0	0	0	0	0	0	0	0	0	0	0	0	0	0
Thermincola	0	0	0	0	0	0	0	0	0	0	0	0	0	0	0	0	4.4129e-05	0	0	0	0	0	0	0	0	0	0	0	0	0	0	0
Symbiobacterium	0	0	0	0	0	0	0	0	0	4.3832e-05	0	0	0	0	0	0	0	0	0	0	0	0	0	0	0	0	0	0	0	0	0	0
Myxoctovirus	0	0	0	0	0	0	0	0	0	0	0	0	0	0	0	0	0	0	0	0	0	0	0	0	4.2874e-05	0	0	0	0	0	0	0
Antiquaquibacter	0	0	0	0	0	0	0	0	0	0	0	0	0	0	0	0	0	0	0	0	0	0	0	0	4.2874e-05	0	0	0	0	0	0	0
Gloeothece	0	0	0	0	0	4.2743e-05	0	0	0	0	0	0	0	0	0	0	0	0	0	0	0	0	0	0	0	0	0	0	0	0	0	0
Picrophilus	0	0	0	0	0	0	0	0	4.1633e-05	0	0	0	0	0	0	0	0	0	0	0	0	0	0	0	0	0	0	0	0	0	0	0
Stomatobaculum	0	0	0	0	0	0	0	0	0	0	0	0	0	0	0	0	0	0	0	0	0	0	0	0	0	0	0	4.1243e-05	0	0	0	0
Acetomicrobium	0	0	0	0	0	0	0	0	0	0	0	0	0	0	0	0	0	0	0	0	0	4.1075e-05	0	0	0	0	0	0	0	0	0	0
Devriesea	0	0	0	0	0	0	0	0	0	0	0	0	0	0	0	0	0	0	4.0411e-05	0	0	0	0	0	0	0	0	0	0	0	0	0
Alienimonas	0	0	0	0	0	0	0	0	0	0	0	0	0	0	0	0	0	0	4.0411e-05	0	0	0	0	0	0	0	0	0	0	0	0	0
Sulfuricurvum	0	0	0	0	0	3.969e-05	0	0	0	0	0	0	0	0	0	0	0	0	0	0	0	0	0	0	0	0	0	0	0	0	0	0
Sasquatchvirus	0	0	0	0	0	3.969e-05	0	0	0	0	0	0	0	0	0	0	0	0	0	0	0	0	0	0	0	0	0	0	0	0	0	0
Allobaculum	0	0	0	0	0	0	0	0	0	0	3.9344e-05	0	0	0	0	0	0	0	0	0	0	0	0	0	0	0	0	0	0	0	0	0
Mergibacter	0	0	0	0	0	0	0	0	0	0	3.9344e-05	0	0	0	0	0	0	0	0	0	0	0	0	0	0	0	0	0	0	0	0	0
Cotonvirus	0	0	0	0	0	0	0	0	0	0	0	0	0	0	0	0	0	0	0	0	0	0	0	0	3.8977e-05	0	0	0	0	0	0	0
Pigmentibacter	0	0	0	0	0	0	0	0	0	0	0	0	0	0	0	0	0	0	0	0	0	0	0	0	3.8977e-05	0	0	0	0	0	0	0
Marvinbryantia	0	0	0	0	0	0	0	0	0	0	0	0	0	0	0	0	0	0	0	0	0	0	0	0	0	0	0	0	0	3.8568e-05	0	0
Dongshaea	0	0	0	0	0	3.6637e-05	0	0	0	0	0	0	0	0	0	0	0	0	0	0	0	0	0	0	0	0	0	0	0	0	0	0
Haliscomenobacter	0	0	0	0	0	0	0	0	0	0	0	0	0	0	3.6484e-05	0	0	0	0	0	0	0	0	0	0	0	0	0	0	0	0	0
Methanogenium	0	0	0	0	0	0	0	0	0	0	0	0	0	0	0	0	3.6341e-05	0	0	0	0	0	0	0	0	0	0	0	0	0	0	0
Mariluticola	0	0	0	0	0	0	0	0	0	0	0	0	0	0	0	0	3.6341e-05	0	0	0	0	0	0	0	0	0	0	0	0	0	0	0
Nautilia	0	0	0	0	0	0	0	0	3.6082e-05	0	0	0	0	0	0	0	0	0	0	0	0	0	0	0	0	0	0	0	0	0	0	0
Methylovorus	0	0	0	0	0	0	0	0	3.6082e-05	0	0	0	0	0	0	0	0	0	0	0	0	0	0	0	0	0	0	0	0	0	0	0
Stakelama	0	0	0	0	0	0	0	0	0	0	0	0	0	0	0	0	0	0	3.5023e-05	0	0	0	0	0	0	0	0	0	0	0	0	0
Pyrobaculum	0	0	0	0	0	0	0	0	0	0	0	0	0	0	0	0	0	0	3.5023e-05	0	0	0	0	0	0	0	0	0	0	0	0	0
Adlercreutzia	0	0	0	0	0	0	0	0	0	0	0	0	0	0	0	0	0	0	3.5023e-05	0	0	0	0	0	0	0	0	0	0	0	0	0
Ilumatobacter	0	0	0	0	0	3.3584e-05	0	0	0	0	0	0	0	0	0	0	0	0	0	0	0	0	0	0	0	0	0	0	0	0	0	0
Mobiluncus	0	0	0	0	0	3.3584e-05	0	0	0	0	0	0	0	0	0	0	0	0	0	0	0	0	0	0	0	0	0	0	0	0	0	0
Thermanaeromonas	0	0	0	0	0	0	0	0	3.3306e-05	0	0	0	0	0	0	0	0	0	0	0	0	0	0	0	0	0	0	0	0	0	0	0
Telmatocola	0	0	0	0	0	0	0	0	3.3306e-05	0	0	0	0	0	0	0	0	0	0	0	0	0	0	0	0	0	0	0	0	0	0	0
Williamsoniiplasma	0	0	0	0	0	0	0	0	0	0	3.2787e-05	0	0	0	0	0	0	0	0	0	0	0	0	0	0	0	0	0	0	0	0	0
Persicimonas	0	0	0	0	0	0	0	0	0	0	0	0	0	0	0	0	0	0	3.2329e-05	0	0	0	0	0	0	0	0	0	0	0	0	0
Chitinolyticbacter	0	0	0	0	0	0	0	0	0	0	0	0	0	0	0	0	0	0	3.2329e-05	0	0	0	0	0	0	0	0	0	0	0	0	0
Flamingopox	0	0	0	0	0	0	0	0	0	0	0	0	0	0	0	0	3.115e-05	0	0	0	0	0	0	0	0	0	0	0	0	0	0	0
Aurantibacillus	0	0	0	0	0	0	0	0	0	0	0	0	0	0	0	0	0	0	0	0	0	0	3.0753e-05	0	0	0	0	0	0	0	0	0
Faecalibacillus	0	0	0	0	0	0	0	0	3.0531e-05	0	0	0	0	0	0	0	0	0	0	0	0	0	0	0	0	0	0	0	0	0	0	0
Cylindrospermum	0	0	0	0	0	0	0	0	3.0531e-05	0	0	0	0	0	0	0	0	0	0	0	0	0	0	0	0	0	0	0	0	0	0	0
Parachlamydia	0	0	0	0	0	0	0	0	3.0531e-05	0	0	0	0	0	0	0	0	0	0	0	0	0	0	0	0	0	0	0	0	0	0	0
Edaphobacter	0	0	0	0	0	3.053e-05	0	0	0	0	0	0	0	0	0	0	0	0	0	0	0	0	0	0	0	0	0	0	0	0	0	0
Enterocloster	0	0	0	0	0	3.053e-05	0	0	0	0	0	0	0	0	0	0	0	0	0	0	0	0	0	0	0	0	0	0	0	0	0	0
Bradymonas	0	0	0	0	0	0	0	0	0	0	0	0	0	0	0	0	0	0	0	0	0	0	0	0	0	0	0	3.0245e-05	0	0	0	0
Capsulimonas	0	0	0	0	0	0	0	0	0	0	0	0	0	0	0	0	0	0	2.9635e-05	0	0	0	0	0	0	0	0	0	0	0	0	0
Ereboglobus	0	0	0	0	0	0	0	0	0	0	0	0	0	0	0	0	0	0	2.9635e-05	0	0	0	0	0	0	0	0	0	0	0	0	0
Peteryoungia	0	0	0	0	0	0	0	0	0	0	0	0	0	0	0	0	0	0	2.9635e-05	0	0	0	0	0	0	0	0	0	0	0	0	0
Oxalobacter	0	0	0	0	0	0	0	0	0	0	0	0	0	0	0	0	2.8554e-05	0	0	0	0	0	0	0	0	0	0	0	0	0	0	0
Thermodesulfobium	0	0	0	0	0	0	0	0	0	0	0	0	0	0	0	0	2.8554e-05	0	0	0	0	0	0	0	0	0	0	0	0	0	0	0
Natranaerofaba	0	0	0	0	0	0	0	0	2.7755e-05	0	0	0	0	0	0	0	0	0	0	0	0	0	0	0	0	0	0	0	0	0	0	0
Skunavirus	0	0	0	0	0	0	0	0	2.7755e-05	0	0	0	0	0	0	0	0	0	0	0	0	0	0	0	0	0	0	0	0	0	0	0
Biavirus	0	0	0	0	0	0	0	0	2.7755e-05	0	0	0	0	0	0	0	0	0	0	0	0	0	0	0	0	0	0	0	0	0	0	0
Zhouia	0	0	0	0	0	0	0	0	0	0	0	0	0	0	0	0	0	0	0	0	0	0	0	0	0	0	0	2.7496e-05	0	0	0	0
