name	Me_1_p	Me_2_p	Me_3_p	Me_4_p	Me_5_p	Me_6_p	0M_1_p	0M_2_p	0M_3_p	0M_4_p	0M_5_p	0M_6_p	1M_1_p	1M_2_p	1M_3_p	1M_4_p	1M_5_p	1M_6_p	3M_1_p	3M_2_p	3M_3_p	3M_4_p	6M_1	6M_2	6M_3	6M_4	6M_5	12M_1_p	12M_2_p	12M_3_p	12M_5_p	12M_6_p
Enterococcus	0.3214	26.54	5.349	1.127	1.579	7.309	21.05	48.37	10.4	22.75	24.59	1.46	41.97	65.23	9.213	40.36	29.3	2.359	27.22	66.19	15.36	21.17	65.71	61.53	6.019	40.41	35.43	66.1	65.12	14.62	37.73	42.01
Bacillus	88.01	0.2322	0.154	20.87	32.43	38.68	34.25	0.2889	0.1735	20.94	26.57	36.93	42.3	0.1176	0.1788	12.78	23.05	32.74	12.72	0.1072	0.06222	5.42	17.86	0.1527	0.0574	11.09	12.33	19.23	0.05584	0.1067	12.03	8.904
Pediococcus	0.0137	0.01778	16.69	0.1258	0.01049	1.508	0.08463	0.01708	38.38	0.288	0.519	0.9085	0.1156	0.07017	41.67	0.3827	0.6108	2.49	0.05368	0.004136	54.81	0.341	0.2995	0.06537	51.32	0.6422	0.8393	0.329	0.03191	52.4	0.9211	0.3454
Tetragenococcus	6.916e-05	0.0002192	0.0001953	0.0001608	6.954e-05	0.0004565	0.0001897	0.00723	0.01502	0.01964	0.02412	0.02426	0.01841	18.22	0.01577	0.1316	0.7023	0.02779	0.9381	9.254	0.06799	47.19	0.1702	16.73	0.08107	9.841	13.12	0.109	15.84	0.05058	2.586	10.89
Heyndrickxia	0.1181	0.01873	0.01236	0.02919	19.2	0.08693	2.83	0.01995	0.01802	0.05961	12.85	7.283	1.107	0.01398	0.0173	0.03901	12.56	7.05	0.9576	0.01742	0.003541	0.01778	2.142	0.009501	0.004885	0.02511	11.96	1.901	0.02462	0.04425	19.89	0.05235
Weissella	0.004917	0.0143	3.257	0.1216	0.002196	0.01882	0.2572	0.01556	9.457	13.02	0.0654	0.05122	0.1976	0.03791	9.088	5.175	0.02263	0.003521	0.09637	0.01768	3.578	3.1	0.2286	0.0259	2.24	4.493	0.02521	0.3308	0.02425	9.725	0.049	4.203
Pseudomonas	0.03575	0.1202	0.03075	0.04011	0.02795	33.4	0.09213	0.1685	0.005933	0.03032	0.02711	8.125	0.01607	0.03995	0.006057	0.0246	0.1763	9.672	0.191	0.07081	0.003118	0.1295	0.008579	0.09151	0.00256	0.009401	0.06042	0.007921	0.06753	0.05061	0.0562	0.05628
Chromohalobacter	0.006162	0.00836	0.004245	0.004903	0.003943	0.03029	8.86	0.006938	0.00429	0.02597	0.002181	0.1563	1.836	0.002611	0.001757	0.8772	1.001	0.2753	34.43	0.04906	0.3382	1.939	0.8883	0.01766	0.01008	0.06368	0.7525	0.7587	0.004129	0.1161	0.07564	0.0415
Caldifermentibacillus	5.101	0.01545	0.009736	0.2181	5.066	0.1003	4.048	0.01436	0.02531	0.322	1.936	3.595	3.175	0.006151	0.026	0.2511	2.921	3.093	1.489	0.007508	0.01201	0.1047	2.76	0.009401	0.01936	0.1533	1.219	2.363	0.004208	0.02043	1.751	0.1937
Leuconostoc	0.01538	4.767	0.07853	0.3465	0.02446	0.349	0.1023	2.419	0.2291	2.835	1.279	1.569	0.1214	2.93	0.2489	0.8736	0.727	0.4763	0.04916	2.375	0.2081	0.319	0.071	1.744	0.07038	0.3318	0.5346	0.09402	2.318	0.3849	0.06689	0.7294
Kroppenstedtia	0.00698	0.007722	0.00513	8.819	0.01858	0.03464	0.02392	0.01121	0.01051	1.582	0.9536	0.009628	0.01266	0.002791	0.009096	2.262	0.9969	0.01056	0.01694	0.0009388	0.0104	0.9433	0.02904	0.002297	0.003511	2.02	0.7672	0.04184	0.002328	0.02156	0.8568	1.809
Staphylococcus	0.00595	1.012	0.01101	0.006589	0.004975	0.03262	5.267	0.7707	4.09	0.05186	0.06863	0.05665	0.6307	0.865	2.725	0.06293	0.2024	0.04081	1.011	1.322	3.475	0.05814	0.5728	1.594	2.383	0.06478	0.06436	0.541	1.047	1.147	0.03167	0.02909
Brochothrix	0.000725	0.001636	0.0006536	0.0005031	0.000559	0.7388	0.001006	0.001676	0.008144	0.00989	0.0104	14.55	0.0087	0.009283	0.008806	0.008969	0.01642	4.511	0.003928	0.003935	0.0001983	0.0004582	5.134e-05	0.003872	0.0002446	0.0006582	9.792e-05	0.001689	0.001645	0.0001758	7.529e-05	0.0006724
Lactiplantibacillus	0.001467	0.003678	1.639	0.006005	0.002151	0.008911	0.002916	0.07422	3.282	0.03408	0.01789	0.01565	0.006404	0.03844	3.512	0.01906	0.0118	0.02688	0.001565	0.08934	2.636	0.01244	0.01023	0.08599	3.027	0.01706	0.02094	0.009138	0.1099	2.063	0.02212	0.01162
Nocardiopsis	0	0.0001143	0.001781	0	0	3.043e-05	0.004011	0.009446	2.821	0.01595	0.007687	0.00665	0.003616	0.005223	2.774	0.008174	0.0007485	0	0.0001513	0.002502	0.1759	0.009112	0.007619	0.006607	5.85	0.01553	0.0001667	0.0005587	0.0005596	0.0142	0.0002232	0.003741
Lacticaseibacillus	0.0005485	0.001124	0.7821	0.001473	0.0004841	0.003822	0.00103	0.003351	2.016	0.01689	0.01946	0.006271	0.002823	0.003766	1.861	0.01034	0.01104	0.0007584	9.427e-05	0.002388	1.767	0.007931	0.005573	0.005696	2.486	0.01118	0.002427	0.004283	0.00317	1.16	0.008023	0.005217
Lactococcus	0.0007369	0.01061	0.1068	0.002323	0.5851	0.01002	0.02754	0.02075	0.9449	0.0663	3.748	0.0269	0.04671	0.02881	0.9945	0.08788	1.673	0.0107	0.03302	0.02916	0.6587	0.04614	0.0707	0.02384	0.09271	0.0915	0.3232	0.07978	0.03222	0.9808	0.2529	0.1095
Mammaliicoccus	0.00114	0.9616	0.0009062	0.005132	0.001289	0.08578	0.04931	0.348	0.01217	0.01748	0.1019	0.0518	0.004195	0.2935	0.01181	0.01161	0.2524	0.2993	0.006044	1.752	0.00674	0.01096	0.004159	0.3906	0.01148	0.02787	1.143	0.01145	0.3202	0.00655	1.398	0.009889
Weizmannia	0.008459	0.001077	0.000815	0.001185	1.119	0.00532	0.2051	0.001233	0.001238	0.002455	0.7913	0.354	0.07807	0.0007583	0.001074	0.001862	0.8143	0.3423	0.06743	0.001119	0.0002718	0.0007422	0.1475	0.0007823	0	0.0005596	0.7737	0.132	0.001753	0.002904	1.215	0.002425
Acinetobacter	0.00113	0.0008004	0.00157	0.005946	0.2357	0.02661	0.00311	0.0008712	0.02572	0.00269	1.551	0.004499	0.001352	0.001267	0.01109	0.003301	1.107	0.01514	0.002609	0.001558	0.004885	0.005873	0.001746	0.0003876	0.001551	0.002735	1.4	0.008431	0.002331	0.01218	1.353	0.007751
Shouchella	0.0006725	0.0003716	0.0007083	0.1083	0.01012	0.149	0.001741	0.001669	0.3843	0.2725	0.3915	0.01368	0.006995	0.001796	0.5207	0.3259	0.5151	0.04409	0.002361	0.002057	0.5292	0.1517	0.004672	0.001693	0.1338	0.2283	0.3757	0.009174	0.001682	0.3433	0.4328	0.2433
Loigolactobacillus	0	0.0001334	0.0223	0.002712	9.362e-05	0.0002612	0	0.0001756	0.7367	0.003403	0.004085	0.001975	0.0009865	0.001152	0.6353	0.002358	0.001826	0	0	0.0001164	1.434	0.00422	0.004438	0.002432	2.052	0.006561	0.001104	0.001791	0.0004831	0.5097	0.003264	0.001436
Levilactobacillus	0.0001645	0.0004256	0.06987	0.0009672	0.01021	0.0009459	0.0006978	0.1982	0.5355	0.001951	0.009541	0.003739	0.001132	0.1239	0.5055	0.001256	0.0083	0.002363	0.0003376	0.1791	0.6453	0.002775	0.003789	0.1459	1.532	0.003812	0.007958	0.003592	0.212	0.6962	0.01514	0.001039
Enterobacter	0.0005485	0.002125	0.00212	0.0004408	0.008642	0.005642	0.001297	0.0001686	0.01898	0.0009101	0.5704	0.003739	0.000718	0.0002519	0.01721	0.0006849	0.5348	0.00973	0.005062	0.0005236	0.03684	0.005833	0.001091	0.0003129	0.005836	0	1.545	0.01001	0.002582	0.01817	2.034	0.005264
Caldibacillus	0.5045	0.001547	0.0008671	0.01803	0.4313	0.006601	0.3867	0.001511	0.002601	0.02892	0.1578	0.2979	0.3046	0.0004789	0.002505	0.02129	0.2381	0.2434	0.143	0.0008145	0.001054	0.008108	0.2692	0.0007787	0.00291	0.01157	0.09291	0.2257	0.0004065	0.001908	0.1364	0.0166
Leclercia	0	0.0001747	7.551e-05	0.0001193	0.0553	0.000852	0.0003083	9.836e-05	0.002616	0.001362	1.531	0.002265	0.0009088	0.0009853	0.003179	0.001347	0.7215	0.002203	0.00173	0.0007986	0.007361	0.0002614	0	0.0005227	0.000517	0.0003062	0.746	0.002867	0.001154	0.004283	0.4359	0.001309
Saccharopolyspora	0	0.0001715	0	0.01595	0	0.0001598	0	0.003632	0.001656	0.7495	0.02211	0.0009009	0.000359	0.0006585	0.001423	0.412	0.0299	9.33e-05	0	0.0004443	0.0002718	0.1726	0.0005981	0.000448	0.002514	0.3514	0.0191	0.0007296	0.0003089	0.0003541	0.008324	0.334
Latilactobacillus	0.0003362	0.003348	0.01039	0.02086	0.0001926	0.0144	0.002595	0.03854	0.04699	0.539	0.004192	0.1977	0.003968	0.04423	0.04918	0.1293	0.003832	0.1702	0.002357	0.07318	0.05814	0.03354	0.006092	0.1508	0.06939	0.03066	0.004618	0.00638	0.1099	0.05553	0.004625	0.09001
Limosilactobacillus	0.0002933	0.0008068	0.06615	0.04027	0.0003691	0.002282	0.09397	0.002782	0.1257	0.1013	0.06358	0.002723	0.1599	0.002656	0.1385	0.08395	0.052	0.003473	0.09419	0.003287	0.1779	0.03253	0.1641	0.003214	0.183	0.03532	0.02342	0.1261	0.003477	0.1739	0.01629	0.03657
Escherichia	0	0.001274	0.0001042	0.002549	0.0007971	0.00103	0.002202	0.0004707	0.1535	0.001197	0.1296	0.001494	0.001239	0.0006161	0.1429	0.0008839	0.05756	0.003208	0.007467	0.0004443	0.5895	0.001133	0.0006546	0.0009387	0.6722	0.001675	0.08886	0.000648	0.0004276	0.2305	0.08093	0.001339
Proteus	0.008435	0.1684	0.2575	0.001698	0.06241	0.01049	0.1175	0.04214	0.04927	0.03081	0.04318	0.01958	0.05214	0.01617	0.06385	0.02885	0.02775	0.01927	0.0396	0.03993	0.01366	0.02119	0.04104	0.03844	0.01044	0.03197	0.01713	0.04678	0.02144	0.0192	0.02362	0.01994
Clostridium	0.0003362	0.1068	0.001391	0.04297	0.0007677	0.002084	0.001684	0.4016	0.009522	0.09328	0.004032	0.002353	0.00109	0.07731	0.009265	0.07353	0.004504	0.003476	0.002488	0.1453	0.004106	0.04667	0.002236	0.1728	0.007901	0.04876	0.001688	0.002288	0.1523	0.005943	0.001775	0.05313
Rahnella	0.0004507	0.0001175	0	0	0	0.001793	0.0003353	0.001619	0.0003132	0.0005333	0.001633	0.6072	0.0003752	0.001853	0.0002956	0.0004468	0.003283	0.9806	0.001287	0.003824	4.04e-05	0.0001153	0.0001104	0.01062	0.0001115	9.856e-05	0.0006166	0.0001913	0.007975	0	0.0002931	0
Macrococcoides	0.0003196	0.0005177	0.3653	0.0004901	0.0002621	0.00178	0.0007757	0.0004813	0.1804	0.000542	0.001148	0.0005634	0.0002717	0.0003791	0.1603	0.0005186	0.0007132	7.524e-05	2.631e-05	0.0001825	0.04256	0.0002896	0.0001232	0.0001742	0.005235	0.0002041	0.001482	0.000227	0.0001478	0.06485	0.002135	0.0003171
Lactobacillus	0.0009491	0.0004574	0.1147	0.001361	0.0002541	0.001063	0.0828	0.001124	0.09833	0.007276	0.004511	0.0007131	0.1472	0.0008032	0.11	0.004967	0.004516	0.000927	0.07547	0.0005818	0.132	0.003393	0.1238	0.0008214	0.1073	0.003256	0.003155	0.08061	0.0005174	0.1284	0.001845	0.003197
Siminovitchia	0.0001335	8.576e-05	5.468e-05	0.03897	0.08654	0.0005909	0.001128	0.0001475	0.01045	0.02648	0.3082	0.001593	0.0009605	0.0001621	0.03349	0.03064	0.3191	0.001746	0.0007673	0.0002301	0.01274	0.01158	0.0009369	0.0001209	0.04833	0.02135	0.1518	0.001679	0.0001742	0.0171	0.1602	0.02405
Paenibacillus	0.001273	0.001185	0.0007525	0.1298	0.2372	0.02383	0.002916	0.004595	0.006493	0.02578	0.1359	0.001902	0.007975	0.0009727	0.005781	0.03752	0.1538	0.00192	0.00162	0.001026	0.002042	0.01465	0.002392	0.001543	0.00521	0.02747	0.1051	0.003352	0.001032	0.003658	0.118	0.02913
Streptomyces	0.0001526	0.001674	0.0007161	0.02349	0.0005644	0.003865	0.004685	0.01418	0.02394	0.2488	0.006081	0.01558	0.0008797	0.0008356	0.02232	0.1413	0.008375	0.009934	0.01487	0.002124	0.001179	0.06012	0.001368	0.002016	0.05234	0.1144	0.005134	0.001179	0.005353	0.001098	0.003224	0.114
Pantoea	0.0005509	0.1345	9.374e-05	0.0003734	0.004408	0.003467	0.0008909	0.08727	0.0004301	0.0002145	0.04706	0.001922	0.0001779	0.01638	0.0003342	0.0003164	0.04108	0.002983	0.003757	0.09362	0.000415	0.0004863	0.0003286	0.1592	0.0002136	0.0002429	0.0358	0.000398	0.1083	0.000456	0.02734	0.0003142
Oceanobacillus	0.0002003	0.01582	0.0003724	0.01436	0.002677	0.05423	0.000918	0.03968	0.1208	0.02453	0.007416	0.001866	0.000815	0.004772	0.122	0.01611	0.009143	0.002627	0.0005239	0.01175	0.04271	0.006986	0.001289	0.01696	0.2616	0.01184	0.006095	0.0009873	0.006473	0.05441	0.006875	0.01186
Pseudescherichia	0	7.623e-05	0	0	0.0088	5.579e-05	7.452e-05	0	0.0005261	0.0003073	0.4869	0.0006485	0.0002458	0.0003218	0.0005883	0.0002153	0.1592	0.0004665	0.0001973	0.0001481	0.0003453	8.153e-05	0	3.911e-05	0	0	0.1919	0.0007781	0.0001821	0.0005146	0.1085	0.0002408
Virgibacillus	0.0002552	0.0001429	0	0.02136	0.003105	0.0005148	0.0005657	0.0004672	0.046	0.1468	0.009936	0.001209	0.0005886	0.000202	0.03107	0.1526	0.01262	0.0006651	0.0001776	0.0001692	0.01089	0.06193	0.0008163	0.0002596	0.0399	0.1078	0.007421	0.000875	0	0.01174	0.007975	0.1287
Halomonas	0	0.0001779	0	0.0003708	6.152e-05	0.002952	0.1489	0	0.0002547	0.00191	0	0.005514	0.03403	0	0.000221	0.03242	0.03882	0.01142	0.4868	0.000558	0.01015	0.0688	0.01692	0.0001529	0.0005077	0.002552	0.01587	0.01382	0	0.003732	0.002447	0.00153
Ligilactobacillus	0	5.4e-05	0.004403	0.001053	0.0001739	0.0002434	0.0003591	0.0003934	0.1114	0.06596	0.003484	0.0006896	0.001041	0.0005013	0.1668	0.04502	0.00262	0.0002528	0.0003946	0.0002089	0.172	0.01231	0.001053	0.0002951	0.06927	0.01131	0.003012	0.001056	0.0003405	0.1708	0.003565	0.01094
Carnobacterium	0	0.001442	0.001078	0.0001219	0.0002594	0.03706	0.0005725	0.0002178	0.003092	0.002041	0.008611	0.3587	0.00098	0.0002918	0.002878	0.002795	0.009591	0.2673	0.0009032	0.0004099	0.003173	0.001594	0.001558	0.0003805	0.001167	0.002478	0.01364	0.001681	0.0001848	0.002609	0.01533	0.003238
Streptococcus	0.0008418	0.003475	0.01564	0.004906	0.009131	0.003106	0.006839	0.007524	0.02383	0.007313	0.183	0.001875	0.005799	0.008767	0.02322	0.00789	0.1571	0.001767	0.004259	0.009795	0.02175	0.006233	0.008084	0.008786	0.008625	0.006906	0.08221	0.01051	0.01066	0.02613	0.09358	0.008887
Companilactobacillus	0.0001359	0.0001048	0.09734	5.705e-05	6.152e-05	0.0004818	0.0002066	0.000562	0.1442	0.0004464	0.00198	0.0005165	0.0003655	0.0007907	0.1599	0.0003849	0.001025	5.116e-05	4.384e-05	0.0004363	0.0539	0.0002333	0.0002721	0.0005085	0.06902	0.0002112	0.001011	0.0003061	0.000462	0.06499	0.0007905	0.0001204
Homo	0.005149	0.02949	0.03176	0.00752	0.01335	0.005716	0.01672	0.03824	0.03533	0.01047	0.01357	0.01574	0.009839	0.01842	0.03011	0.0076	0.01842	0.04443	0.00999	0.02564	0.01673	0.01398	0.01736	0.02895	0.02797	0.01213	0.01373	0.01583	0.0222	0.01737	0.01266	0.0104
Stenotrophomonas	0.004748	0.07665	0.09192	0.001024	0.04048	0.005074	0.01144	0.01296	0.008666	0.00582	0.003408	0.001121	0.007351	0.002811	0.01388	0.01336	0.01527	0.006582	0.01503	0.0133	0.01322	0.01221	0.004675	0.005544	0.001619	0.005846	0.003671	0.006441	0.002365	0.00467	0.004149	0.004416
Amycolatopsis	0	6.988e-05	0	0.008959	0	0.0007532	0.0003963	7.728e-05	0.00191	0.1565	0.004711	7.923e-05	0.0001132	0	0.00205	0.08541	0.006431	0.0001204	0.001646	0	0	0.03588	8.471e-05	0	0.00417	0.07142	0.003933	7.653e-05	0	0	0.001374	0.0699
Atlantibacter	0	4.447e-05	0.0003255	0	0.01036	0.0004311	0	0	0.0004572	0.0001971	0.264	0.0004783	0.0001326	0.0001621	0.0004806	0.0001761	0.118	0.0004544	0.0001052	8.991e-05	0.0001249	5.06e-05	4.364e-05	0	0	4.928e-05	0.05688	0.0002551	7.391e-05	0.0001554	0.0301	9.396e-05
Klebsiella	0.001064	0.001067	0	0.0001322	0.000995	0.003898	0.002361	0.0003653	0.01099	0.0004667	0.07777	0.00174	0.0001229	0	0.002411	0.0007404	0.06769	0.002892	0.0023	0.0004363	0.009704	0.002061	0.007858	0.001028	0.009715	0.001528	0.08656	0.001166	0.0003696	0.00843	0.08292	0.0003083
Salinicola	0	0	0	0	0	0.000388	0.06228	0	4.384e-05	0.0004725	5.53e-05	0.001843	0.01444	0	0	0.01003	0.01138	0.004307	0.2217	0.0003121	0.003526	0.02224	0.007031	0.000192	0.0001672	0.0009151	0.006145	0.005788	0	0.001338	0.0008416	0.0005579
Achromobacter	0.0008847	0.001118	0.001906	0.0005264	0.0005751	0.003715	0.01614	0.005835	0.02045	0.01917	0.02886	0.07082	0.006653	0.0007807	0.004422	0.01281	0.01147	0.03512	0.01319	0.002541	0.006391	0.006213	0.005493	0.002318	0.002579	0.00949	0.01257	0.009837	0.0008553	0.01243	0.009921	0.01129
Duffyella	0.0001145	0.09871	7.291e-05	6.742e-05	0.0002033	0.000781	0.000227	0.066	7.724e-05	0	0.00227	6.456e-05	0	0.001025	0	0	0.001632	3.913e-05	0.0003442	0.001743	0	0	0	0.004864	0	0	0.0005214	0	0.001222	0	0.0002689	0
Salmonella	0.008361	0.0006893	0.0001354	0.00236	0.01699	0.03707	0.02985	0.0005761	0.0008811	0.002157	0.03799	0.02153	0.03077	0.0001796	0.0007568	0.002436	0.02575	0.01752	0.02229	0.000156	0.003673	0.0008799	0.01119	0.0003378	0.005368	0.001095	0.01326	0.01067	0.0002534	0.001531	0.01615	0.0005461
Aeribacillus	0.01608	0	0	0.00201	0.04438	0.0007658	0.02374	0	0.0006723	0.00398	0.0213	0.03192	0.01786	0	0.0008314	0.003066	0.02808	0.0308	0.008961	0	0	0.00102	0.01576	0	0.0005758	0.001883	0.013	0.01373	0	0.0001579	0.01827	0.002205
Listeria	0.0003148	0.0001906	0.0003177	0.003226	0.001222	0.0002637	0.0004539	0.0003829	0.01486	0.02551	0.004456	0.00123	0.0005563	0.0004989	0.004091	0.03982	0.004217	0.0005959	0.0002674	0.0003306	0.002127	0.02762	0.0005673	0.0005618	0.001851	0.05266	0.003589	0.0005561	0.0004514	0.002028	0.004305	0.05718
Vreelandella	0	0	0	0	0	0.0003804	0.04022	0	0	0	0	0.000628	0.009369	0	0	0.00861	0.007413	0.00201	0.158	0.0001216	0.001164	0.01866	0.003904	0	0	0.0004787	0.004044	0.003523	0	0.0002751	0.0002043	0.0002114
Thermoactinomyces	0	0	0	0.00452	0.0001257	0	6.436e-05	7.377e-05	6.89e-05	0.1495	0.0008137	0.0001526	9.056e-05	0.0001023	0.0001105	0.01412	0.0006986	8.728e-05	0	3.702e-05	0	0.006235	7.444e-05	5.334e-05	7.121e-05	0.008521	0.0004922	5.102e-05	3.432e-05	7.388e-05	0.0005351	0.005714
Kushneria	0	0	0	0	0	0.0007608	0.007805	0	0	0	0	0.0002612	0.009939	0	0	0.001005	0.001564	0.01316	0.1893	0.000193	0.000415	0.00248	0.000765	0	0	9.503e-05	0.0005081	0.0004924	0	0.0001223	7.529e-05	0
Ureibacillus	0.001777	0	0	0.0008401	0.03386	0.0002789	0.006856	0	0.00299	0.003229	0.02395	0.01704	0.005566	0	0.001779	0.001895	0.02686	0.0175	0.002742	0	0.0004371	0.0008743	0.005432	0	0.002096	0.00107	0.0185	0.005059	0	0.0005656	0.02734	0.001483
Kluyvera	2.862e-05	0.0001239	0	0.002025	0.04484	0.002204	0.0005521	4.215e-05	6.054e-05	0.0003449	0.07847	0.0003316	0.0001746	4.989e-05	5.801e-05	0.0006719	0.03291	0.0005026	0.002188	3.702e-05	0	0.0003655	5.904e-05	0	5.882e-05	0.000542	0.02301	0.0001378	5.016e-05	6.624e-05	0.01395	0.000505
Kurthia	0	0	0.06852	0	0	0.009157	0	0	0.007044	0.000516	0.0001053	0	0	0	0.006516	0.000698	0	0	0	0	0.0009476	0.0001518	0	0	0.0004149	0.0002675	8.469e-05	0	0	0.0009502	0	0.0003729
Mycolicibacterium	0	0.0002859	0.0001562	0.0006068	3.477e-05	0.00071	0.001477	9.485e-05	0.0012	0.0598	0.001182	0	0.0001423	0	0.001478	0.03579	0.001724	0	0.002701	0	0	0.01311	0	0	0.002724	0.02795	0.00113	0	0	0	0.0001882	0.0279
Lentilactobacillus	0	0.0001683	0.01386	0.001144	0	0.0002434	0	0.0004918	0.0256	0.0004783	0.0009165	0.0001878	3.234e-05	0.0001147	0.03076	0.0002903	0.0005843	0.0003311	0	9.52e-05	0.03684	0.0002361	0.0001207	0.0001813	0.03305	0.0003837	0.0004552	0.0001173	0.0001188	0.03356	0.0004033	0.0003465
Mycobacterium	0.0001097	0.000594	0	0.0055	0.0004761	0.002287	0.001321	0.01284	0.001557	0.04597	0.001372	0.0004813	0.0003849	0.0005612	0.001273	0.02629	0.002063	0.0004183	0.002486	0.000164	0.0004701	0.01223	0.0006135	0.0001529	0.002907	0.02171	0.001514	0.0009618	0.0003141	0.0003083	0.0007744	0.02197
Saccharomonospora	0	0	0	0.001102	0	0	0	0	0.0003027	0.05404	0.00305	0	0	0	0.00029	0.02944	0.00461	0	0	0	0.0005289	0.01199	0	0	0.000644	0.0235	0.005981	0	0	0.0006547	0.002721	0.02383
Exiguobacterium	0	0	0	0.004647	0.02157	0.0002409	0	0.0003091	0.0008622	0.001568	0.06891	0.0003375	0	8.98e-05	0.0005552	0.001703	0.01147	0	0	0.0002512	0.0001763	0.0006859	0	0.0001991	0.000613	0.0009961	0.03005	0.0001276	6.863e-05	0.0003184	0.004834	0.001286
Sphingobacterium	0.0002337	0.0001906	0.0005104	0.0005031	9.362e-05	0.005008	0.000271	0.0002108	0.001025	0.0003188	0.0008743	0.04973	0	0	0.001318	0	0.0009751	0.07395	0.0001556	0.0001851	0.0002608	0	0.0002644	0	0.0003127	0	0.0004552	0	0	0.0002981	0.0002904	0
Lentibacillus	0.0003887	5.082e-05	0	0.0039	0.001594	0.0001395	0.0005589	0.0001405	0.01968	0.0183	0.00419	0.0007512	0.000401	6.485e-05	0.01844	0.00788	0.005109	0.0004544	0.0001688	3.173e-05	0.008143	0.003475	0.0003286	7.112e-05	0.01817	0.004977	0.00338	0.0002985	3.432e-05	0.009141	0.004103	0.005012
Nocardia	0	0.000108	0.0005338	0.001815	0.0002809	0	0.0009891	0	0.0007161	0.04273	0.001285	0	0.0002005	0	0.0005552	0.02319	0.001988	4.213e-05	0.004343	0	0.0001212	0.009732	0.0001335	0	0.00169	0.01888	0.001307	0.000125	0	0	0.000441	0.01878
Xanthomonas	0.0001502	0.002303	0	0	0.0004895	0.01543	0.01087	0.005034	0.002935	0.009705	0.0002238	0.003316	0.003638	0.0013	0.004281	0.01184	0.002501	0.003109	0.009655	0	0.004433	0.007866	0.005701	0.00122	0.001793	0.00761	0.001273	0.00674	0.0007787	0.002708	0.0002393	0.008388
Brevibacillus	0.0003005	0.0001715	0	0.01973	0.004443	9.382e-05	0.004109	0.0008958	0.0009457	0.003502	0.01059	0.000854	0.0006953	7.233e-05	0.001025	0.005577	0.009582	0.003299	0.0007059	0.0002935	0.0006648	0.002229	0.0004338	0.0003342	0.0007678	0.004224	0.01146	0.0004668	0.0002376	0.0007541	0.01806	0.004604
Corynebacterium	0	0.0003335	0.0002682	0.003122	0.00023	0.0004235	0.0006267	7.728e-05	0.001397	0.02894	0.001248	0.0002612	5.821e-05	0	0.003204	0.01571	0.002468	0.0007524	0.003049	7.405e-05	0.002369	0.007655	0	0	0.001464	0.01369	0.01435	6.633e-05	0	0.002953	0.007881	0.0135
Bradyrhizobium	0.0009157	0.006346	0.0008046	0.003882	0.0006206	0.002886	0.003743	0.001008	0.002397	0.007232	0.003963	0.00331	0.002345	0.0007657	0.003234	0.008079	0.004075	0.00691	0.0105	0.0009864	0.006563	0.003927	0.002269	0.0009245	0.002136	0.006793	0.003753	0.00349	0.0006599	0.002958	0.003942	0.006768
Rhodococcus	0	0.0002732	5.208e-05	0.000459	0.0001284	0.000563	0.0001626	0.0001265	0.0007683	0.03984	0.0006584	0	0	0.003178	0.0006657	0.02156	0.0008712	5.116e-05	0.0009339	0	0	0.008555	0	0	0.00169	0.01726	0.0009263	0	0	0.0001758	0.0002124	0.01769
Micromonospora	0	8.576e-05	0	0.0006119	0	0.0003854	0.0007046	0	0.001762	0.03838	0.0002107	0	0.0001423	0	0.001539	0.02159	0.0011	0	0.002962	0	0	0.008144	6.931e-05	0	0.004402	0.0171	0.0005002	0	0	0	0	0.01619
Lysinibacillus	0.0006963	9.529e-05	0.0005052	0.00968	0.002108	0.002295	0.000603	0.006632	0.007704	0.009914	0.003948	0.00118	0.0006695	0.0009802	0.006392	0.009002	0.004834	0.00093	0.0003551	0.0001904	0.003577	0.003345	0.0005416	0.0002454	0.005309	0.006001	0.002816	0.0007117	0.0002033	0.004168	0.003385	0.006818
Neobacillus	0.002695	0.0002033	0.0002213	0.01209	0.004146	0.0002789	0.001843	0.001591	0.00533	0.008389	0.005788	0.001904	0.0014	5.986e-05	0.004682	0.007557	0.006972	0.001688	0.0006533	0.0002803	0.002116	0.003053	0.001407	0.0003805	0.004576	0.005174	0.003684	0.00101	0.0002297	0.002415	0.004832	0.005705
Pseudonocardia	0	0	9.374e-05	0.0007287	0	0	0.0002303	0	0.0002192	0.03832	0.001056	0	0	0	0.0002099	0.02101	0.001597	0	0.0004625	0	0	0.008661	3.851e-05	0	0.0005108	0.01718	0.0009659	0	0	0	0.0001828	0.01703
Saccharothrix	0	0	0	0.000962	0	0	4.404e-05	0	0.0003737	0.03767	0.001051	0	0	0	0.0003508	0.02068	0.001433	0	4.165e-05	0	0	0.008693	0	0	0.000774	0.01705	0.0007728	0	0	0	0.0003307	0.01681
Vagococcus	0	0.000397	0.003213	0.0003501	0.0002274	0.0005554	0.001409	0.0008607	0.01228	0.003771	0.004248	0.0006867	0.002581	0.000858	0.008692	0.005059	0.005113	0.0006591	0.001894	0.0007299	0.01117	0.003036	0.004323	0.0008036	0.003356	0.004516	0.004483	0.004689	0.000718	0.01152	0.004326	0.004586
Peribacillus	0.003167	0.0002541	0.001974	0.005503	0.006414	0.0003525	0.005078	0.0009449	0.003299	0.00685	0.004896	0.003915	0.004211	0.0002893	0.003022	0.0065	0.005961	0.004957	0.001813	0.0003385	0.0008962	0.002949	0.003276	0.000512	0.002334	0.004805	0.002977	0.003026	0.000293	0.001011	0.003955	0.005332
Citrobacter	4.769e-05	0.001067	0	0.003345	0.0008265	0.001788	0.0006572	0.0002283	0.000858	0.0002812	0.02904	0.001731	0	0.000197	0.0002679	0.0003392	0.01616	0.003609	0.003312	0.0003041	0.000606	0.000551	0	0.0003378	0.002471	0.0003238	0.01906	0	0.0004171	0.0008789	0.02227	0.0007164
Cronobacter	0	0.0002668	0	0	0.0003129	0.001532	0.0001389	0.0001792	0.007182	8.986e-05	0.005599	0.001602	0	0	0.007963	0.0001337	0.00337	0.005327	0.000331	4.76e-05	0.04888	0.000208	6.161e-05	0	0.00321	0.0001162	0.002824	0.0001276	0	0.02489	0.002283	7.34e-05
Shigella	0	0	0	0	0	0	0.0001389	0	0.007326	0	0.005264	0	0	0	0.006759	0	0.004836	0	0	0	0.03123	0.001319	0	0	0.03841	0	0.003792	0	0	0.009006	0.003036	0
Microbacterium	0.02419	0.0006194	0.0005026	0.001138	0.0001712	0.0001369	0.0005352	0.0001335	0.002837	0.02027	0.0005162	0.0001409	0	0	0.004113	0.01041	0.0007194	0.0002739	0.002236	0	0.001197	0.004675	0.0004492	0.0003627	0.003127	0.008387	0.0005425	0.0001071	0	0.0008101	0.0001936	0.008638
Allosaccharopolyspora	0	0	0	0.0007338	0	0	0	0	0	0.03289	0.0008164	4.989e-05	0	0	0	0.01751	0.001002	0	0	0	0	0.007703	0	0	0	0.01414	0.0008654	0	0	0	0.0002662	0.01479
Geobacillus	0.0009491	0	0	0.005658	0.01112	0.0002561	0.003499	0.0003829	0.001194	0.001603	0.0106	0.006283	0.001562	0	0.0009695	0.001683	0.01386	0.005125	0.001206	0	0	0.0006578	0.002097	0	0.001145	0.001253	0.007696	0.001939	0	0	0.01108	0.001198
Erwinia	0	0.00331	0	0.0003501	0.002442	0.0006213	0.0004302	0.0007482	0	3.768e-05	0.02817	0.001995	7.438e-05	0.0007159	0	0.0001729	0.02677	0.003175	0.002001	0.002258	0	0.0002024	0	0.00293	0	5.632e-05	0.01212	0	0.001877	0	0.006765	9.396e-05
Liquorilactobacillus	0	0	0.01335	5.445e-05	0	9.129e-05	0.0001016	5.62e-05	0.01109	0.0001971	0.001006	0.0001555	3.234e-05	0.0005886	0.01207	0.0001011	0.000472	0.0001926	0	0.0003887	0.01261	0.0002193	3.594e-05	0.0006685	0.007746	0.0002041	0.000127	3.316e-05	0.0007866	0.0121	0.0001291	4.698e-05
Nitunavirus	0	0	0	0	0.005087	3.55e-05	0.001843	0	0	0.0002029	0.02307	0.001097	0.00141	0	0	0.0004338	0.02056	0.003684	0.0003924	0	0	0.0002558	0.001409	0	0	0.0004224	0.01468	0.0009005	3.96e-05	4.586e-05	0.01818	0.0002936
Priestia	0.0006987	0.0001779	0.0003828	0.009164	0.006166	0.0003068	0.001501	0.0005761	0.003459	0.005357	0.004893	0.001787	0.001439	0.0001222	0.002596	0.005414	0.005007	0.001586	0.0006511	0.0001878	0.0008595	0.002212	0.001319	0.0001636	0.003362	0.003615	0.00257	0.001066	9.503e-05	0.001154	0.003084	0.003967
Sporolactobacillus	0	0.006642	2.864e-05	0.0001322	0.0001551	0.0002155	4.065e-05	0.02831	0.0001733	0.0002638	0.0003976	0.00407	0	0.002372	3.867e-05	0.000212	0.0003951	0.003455	0	0.006683	0	9.558e-05	0	0.01033	3.715e-05	0.0001795	0.0001853	0	0.004783	0	0.0002527	0.0002173
Kutzneria	0	0	0	0.0007183	0	0.0001674	0.0001253	0	0.000286	0.02744	0.0007795	0	0	0	0.0002596	0.01485	0.0009648	0	0.000605	0	0	0.006398	6.418e-05	0	0.0005108	0.01217	0.0006828	0	0	0	0.0002393	0.01242
Sporosarcina	0	0.0001493	0	0.006317	0.002105	0.0006466	0	0.0006147	0.008585	0.007446	0.004774	0.0002641	5.498e-05	0.0002045	0.008243	0.004423	0.006111	0.0002949	0	0.0001243	0.00231	0.001931	0	0.0002276	0.005464	0.003277	0.003697	6.122e-05	0.0001452	0.002247	0.004385	0.003133
Nocardioides	0	0	8.593e-05	0.0001011	0	0	9.146e-05	5.62e-05	0.001232	0.02625	0.0002633	0	0	0	0.001249	0.01418	0.000734	0	0.0002652	5.289e-05	0	0.006199	0	0	0.002616	0.0115	0	0	0	0	0	0.01104
Rothia	0	0	0.007583	0	0	3.297e-05	0	0	0.0144	0.00113	7.637e-05	4.108e-05	7.762e-05	2.993e-05	0.01428	0.0005545	0	0	0	0	0.01537	0.0002052	0	0	0.0005356	0.0003027	0.001561	0.001796	0.0005675	0.01305	0.0008846	0.0008955
Gordonia	5.485e-05	0.0002192	0.0002474	0.003573	0	0.0002358	0.0008807	0	0.000691	0.01997	0.0005214	0	0	0	0.0005276	0.01128	0.0007444	0	0.001368	0	0	0.005159	0	0	0.00117	0.009106	0.0008416	0	0	0	0.000492	0.009196
Actinoalloteichus	0	0	0	0.0005212	0	0	6.436e-05	0	0.000309	0.02356	0.0006663	0	0	0	0.0002762	0.01298	0.0007007	0	0.0002499	0	0	0.005409	0	0	0.0007987	0.01108	0.0006404	0	0	0	0.0002124	0.01081
Lapidilactobacillus	0	0	0.0006302	0	0	0	0	0	0.01255	3.768e-05	0.0003845	3.521e-05	0	2.993e-05	0.01084	3.262e-05	0.0001788	0	0	0	0.0143	0	4.107e-05	4.267e-05	0.01993	7.391e-05	3.97e-05	6.888e-05	2.904e-05	0.01767	0.0001156	0
Candidatus	0	0.0006638	0.000526	0.01156	0.0005055	0.0004843	0.0007757	0.001026	0.001499	0.004739	0.002583	0.0002054	7.438e-05	0.0001821	0.001287	0.00499	0.002882	0.0007464	0.002907	0.000275	0.0001396	0.002033	0.0002336	0.000256	0.001446	0.003478	0.001805	0.0001939	0.0002957	0.0003541	0.001863	0.00394
Lelliottia	0	0.0001683	0	0	0.004783	0.0001851	0	6.323e-05	0	0.0001739	0.02683	0.001024	0	7.233e-05	0	0.000137	0.01347	0.001243	5.919e-05	0.0003094	0	5.06e-05	0	0.0002987	0	7.391e-05	0.0126	6.378e-05	0.0003247	3.567e-05	0.008413	8.514e-05
Cytobacillus	0.0006319	7.941e-05	8.853e-05	0.0009905	0.001474	0.02865	0.0005047	0.0003162	0.002892	0.003925	0.002036	0.001144	0.0006695	0	0.002663	0.00317	0.002487	0.0008096	0.0002104	8.462e-05	0.0009697	0.001271	0.0003363	9.245e-05	0.002149	0.00226	0.001297	0.0003801	8.183e-05	0.0008509	0.001471	0.002413
Niallia	0.006102	3.812e-05	6.249e-05	0.0009439	0.002479	0.0004843	0.004586	0.0004005	0.002892	0.003768	0.002797	0.003237	0.004476	6.984e-05	0.002787	0.002883	0.003543	0.002775	0.001778	0.000119	0.001216	0.001352	0.002939	0.0001493	0.001616	0.001953	0.001895	0.002791	0.0001082	0.0009273	0.002415	0.00229
uncultured	0	0.001001	0.0004375	0.002549	0.0005082	0.006449	0.003272	0.002589	0.001036	0.00227	0.001717	0.0008011	0.0009703	0.0007308	0.001149	0.001778	0.002252	0.001953	0.01316	0.0009018	0.0008742	0.001765	0.0006443	0.001273	0.0007492	0.001281	0.001564	0.0007296	0.0009424	0.0008382	0.001328	0.00155
Roseicyclus	0	0	0	0	0	0	0.002239	0.000678	0.00291	0.0007797	0.004659	0.001511	0.003344	0.0002245	0.002591	0.001305	0.003745	0.003657	0.002657	0.0006876	0.006872	0.0006382	0.004205	0.0006009	0.00144	0.001401	0.005129	0.004339	0.0004884	0.004435	0.005294	0.001691
Actinopolyspora	0	0	0	0.0004486	0	0	0	0	0	0.01945	0.0004925	3.228e-05	0	0	0	0.0112	0.0005988	0	0	0	0	0.004335	0	0	0	0.008503	0.0004314	0	0	4.076e-05	0.0001828	0.009031
Polycladomyces	0	0	0	0.01698	0	5.579e-05	4.742e-05	7.728e-05	7.307e-05	0.0024	0.001825	0	0	0	7.182e-05	0.003868	0.001894	0	2.631e-05	0	0	0.001532	3.851e-05	0	7.74e-05	0.002429	0.001289	7.908e-05	0	2.548e-05	0.001465	0.002948
Roseovarius	0	0	0	0	0	0.0008647	0.002303	0.0004707	0.002689	0.001133	0.004008	0.001053	0.002633	8.73e-05	0.002768	0.001389	0.003273	0.003708	0.002758	0.0003676	0.006413	0.0006691	0.003653	0.0005334	0.00131	0.001594	0.004245	0.003809	0.0001531	0.004035	0.00509	0.001547
Secundilactobacillus	0	0	0.004005	0	0	2.789e-05	0	0	0.00848	0.0001072	0.0001949	4.402e-05	0	3.492e-05	0.009466	3.914e-05	0.0001185	3.612e-05	0	0	0.01133	0	3.851e-05	0	0.009567	3.872e-05	0.0001112	5.612e-05	0	0.01156	8.604e-05	0
Planococcus	0	0	4.166e-05	0.01097	0.0007169	0.0001344	0	0.000274	0.001798	0.00322	0.002573	0.0001379	0	0	0.001583	0.003718	0.002994	9.028e-05	0	0	0.001039	0.001467	0	5.689e-05	0.001656	0.002752	0.001604	0	0	0.001009	0.002003	0.002736
Arthrobacter	0	0	0	0.0002178	5.082e-05	0.0006593	0.00021	0.001307	0.001036	0.01545	0.0002449	0	0	3.243e-05	0.0008535	0.008934	0.0004262	9.631e-05	0.001144	0.0005025	0	0.003582	5.904e-05	0.00016	0.002313	0.006786	0.0001667	0	8.711e-05	9.681e-05	6.184e-05	0.00687
Parageobacillus	0.0008513	0	0	0.003988	0.005628	7.1e-05	0.002385	5.62e-05	0.001415	0.001922	0.00379	0.002738	0.001834	0	0.0008839	0.001778	0.004678	0.003196	0.0008309	0	0.000393	0.0005707	0.001499	0	0.001536	0.001126	0.0024	0.001452	0	0.0004611	0.003348	0.001236
Lentzea	0	0	0	0.000306	0	0	0	0	0.0002422	0.01719	0.0004793	0	0	0	0.0002403	0.009491	0.0006633	0	6.577e-05	0	0	0.004068	0	0	0.0006223	0.008078	0.0004023	0	0	0	0	0.007783
Ornithinibacillus	0	8.576e-05	0	0.0006898	0.0003397	0.0002561	0.006026	0.0002002	0.00595	0.006786	0.000819	0.0002083	0	0	0.006784	0.00319	0.000892	0.0002137	0	7.405e-05	0.002233	0.001282	3.594e-05	0.0001245	0.006539	0.002066	0.0004843	2.551e-05	5.807e-05	0.002097	0.0006211	0.002179
Cobetia	0	0	0	0	0	0.0003753	0.009596	0	0	0	0	0.0003316	0.002413	0	0	0.002146	0.002185	0.0007945	0.02777	0	0.0005877	0.004633	0.001358	0	0	0	0.0009686	0.00114	0	0.0002522	0.0001264	0
Aerococcus	3.577e-05	6.353e-05	0.0003047	0.00159	0.0001364	0.001065	0.001944	0.0004075	0.0008226	0.001272	0.002586	0.0002201	0.003205	0.0005063	0.0007154	0.0018	0.002686	0.0002799	0.00242	0.0004681	0.0006795	0.0008068	0.005601	0.0005298	0.0003839	0.001612	0.003382	0.006033	0.0006151	0.000912	0.005894	0.001465
Halarchaeum	6.2e-05	5.4e-05	0	0	0	0.0001724	0.04975	7.377e-05	3.132e-05	0	0	0	7.438e-05	0	0	0.0004273	0	0	2.85e-05	0	0	0	0	0	0	0	0	0	0	0	0	0
Mesobacillus	4.292e-05	0	0	0.01056	0.0004948	4.818e-05	9.484e-05	0.0001511	0.001668	0.0026	0.001659	0.0001467	0	0	0.0014	0.003098	0.0019	0.0001866	0.0001096	0	0.0004922	0.001127	4.621e-05	0	0.001077	0.002098	0.001154	4.082e-05	0	0.0006343	0.001371	0.002026
Rhizobium	0	0	6.51e-05	0.007406	6.687e-05	0.00143	0.002862	0	0.0002651	0.002107	0.0007479	0	0.0006242	0	0.0002265	0.002619	0.001327	0.0001776	0.008955	0	0.0002681	0.00149	0.0005596	0	0.0003158	0.001732	0.001199	0.0002653	0	0.0001503	0.0007555	0.001618
Kitasatospora	0	0	0	0.000293	0	0.0001293	5.081e-05	0	0.001378	0.01341	0.0001053	0	0	0	0.001337	0.006836	0.0003659	0	0.0004428	0	0	0.002794	3.851e-05	0	0.00274	0.005801	0.0001059	5.102e-05	0	0	0	0.005904
Raoultella	0	0	0	0	9.897e-05	0.0003119	0	0.0002986	0	0	0.0145	0.0003052	0	0	0	0	0.01097	0.0006681	4.823e-05	0.0001111	0	6.466e-05	0	0.0003094	0.0001022	0	0.008643	0	0.0001293	0	0.0117	0
Serratia	0	0.001042	0	0	0.0003985	0.003852	0.00169	0	0	0	0.007748	0.002714	0.0003752	0	0	0.0006458	0.006643	0.003329	0.005592	0	0.00018	0.0008321	0.0002028	0	0	0	0.005356	0.0002398	0	0	0.004627	0
Halorubrum	0	0	0	0	0	0	0.01227	0.005554	0.002052	0.002768	0.0003186	0.0002113	0.002658	0.0007982	0.002036	0.0009035	0.0005967	0.0001535	0.002308	0.001454	0.0004665	0.0009671	0.002102	0.0007218	0.000421	0.001408	0.0001006	0.001074	0.0002085	0.0004586	9.41e-05	0.001497
Vibrio	0	0.0005527	8.072e-05	0.004149	0.0002648	0.004742	0.001921	0.0008079	0.0004906	0.001623	0.001074	0.001147	0.0003752	8.73e-05	0.0004585	0.0018	0.001512	0.002077	0.004503	5.818e-05	0.0002314	0.002853	0.0003851	7.823e-05	0.0005046	0.001925	0.0006166	0.0004031	5.807e-05	0.0002548	0.0007555	0.001779
Kocuria	0	0.0004352	9.635e-05	0	0.0003718	6.34e-05	0.0002168	0.002473	0.001472	0.003954	0.003497	0.000402	0	0.0004614	0.001478	0.002149	0.005067	0.0002016	0.0002061	0.001296	0.00314	0.0008855	0	0.001117	0.0002817	0.001697	0.003753	0	0.0009767	0.0009808	0.004754	0.0016
Comamonas	6.677e-05	0.0003176	0.002357	0.00418	0	0.002351	0.0006842	0.0001827	0.001603	0.0009363	0.0007374	0.0007336	0	0	0.002489	0.001151	0.001397	0.00217	0.002144	0	0.000595	0.001091	0.0006546	0	0.0001424	0.0009363	0.002046	0.0001122	0	0.001368	0.001229	0.001644
Actinomadura	0	0	0	9.076e-05	0	0	0.0003692	0	0.0006493	0.01215	0.0002633	0	8.732e-05	0	0.0008149	0.006579	0.0004325	0	0.001578	0	0	0.002929	3.337e-05	0	0.001635	0.005244	0.0003043	5.612e-05	0	0	0	0.005567
Marinobacter	0	0	0	0	0	0.001565	0.007097	0	0	0.0003884	0	0.0003668	0.001656	0	0	0.002319	0.001809	0.000614	0.02089	0	0.0004077	0.004377	0.0007598	0	0	0	0.0006801	0.0006837	0	0	6.722e-05	0.000185
Schnuerera	0	0	0	0	0	2.536e-05	0	0	0.00019	0.006032	0.002826	0	0	0	0.0005027	0.008878	0.003662	0	0	0	6.611e-05	0.00411	0	0	9.598e-05	0.00655	0.0006828	0	0	0.0001529	0.0005861	0.004448
Stutzerimonas	0	5.4e-05	0	0	0	0.01686	0.003455	0	9.186e-05	0.0001855	7.637e-05	0.001197	0.0008862	0	5.248e-05	0.0008415	0.0007381	0.002402	0.01269	5.554e-05	0.0002277	0.001189	0.0003491	0	0.000192	0.0001373	0.0003837	0.0002219	0	6.879e-05	6.184e-05	0.0001497
Paucilactobacillus	0	0	0.001625	5.705e-05	0	0	0	0.0001616	0.004672	0.0005073	0.001051	6.456e-05	0	2.993e-05	0.005571	0.0009524	0.0004928	6.32e-05	0	5.025e-05	0.008455	0.0005875	0	4.267e-05	0.004046	0.001169	0.0002408	5.102e-05	6.863e-05	0.007577	3.226e-05	0.001392
Moraxella	0.0002194	0.0003303	0.002375	0	0.0002621	0.0002789	5.081e-05	0.0001335	0.003952	0.0003044	0.001204	0.0002083	8.732e-05	0	0.002566	6.197e-05	0.001528	0.006928	4.823e-05	0	0.0002645	0.0005988	6.674e-05	0	0	7.391e-05	0.003795	0.0002117	0	0.003411	0.003197	0.002827
Kamchatkavirus	0.004335	0	0	0	0.001434	6.34e-05	0.002503	0	0	0.000113	0.001148	0.004484	0.002772	0	0	0.0001109	0.002171	0.009588	0.001252	0	0	4.217e-05	0.002816	0	0	8.095e-05	0.002345	0.002651	0	0	0.001987	8.808e-05
Kosakonia	0	0.0002541	0	0	0.0001498	0.001037	7.452e-05	0.002143	0.0002004	0	0.009842	0.001247	0	0.0003841	6.077e-05	0.0001239	0.006441	0.0007765	0.0002236	0.001296	0.0002314	0.0001377	0	0.001952	9.907e-05	0	0.006034	4.082e-05	0.001391	0.0001223	0.005265	0
Allokutzneria	0	0	0	0.0002775	0	0	4.742e-05	0	4.802e-05	0.01262	0.0003713	0	0	0	5.801e-05	0.006288	0.000445	0	3.946e-05	0	0	0.002789	0	0	0.0001176	0.005498	0.0002646	0	0	0	0.0001156	0.005443
Brachybacterium	0	0.008706	0	8.298e-05	0	0	0	0.000411	0.0004008	0.005293	7.637e-05	0	0	0	0.0003094	0.002583	9.565e-05	6.621e-05	0.0001841	0.000164	9.183e-05	0.00104	0	0.0002738	0.0006347	0.002214	0.0001853	0	0.0001056	8.917e-05	9.679e-05	0.002554
Alicyclobacillus	2.862e-05	0	0	0.00975	0.0001712	0	0.000149	0	9.812e-05	0.001501	0.001227	0	3.558e-05	0	5.524e-05	0.00229	0.001428	0	0.0004428	0	0	0.000863	4.364e-05	0	0.0001486	0.001545	0.0009315	0	0	0	0.001038	0.001768
Brevundimonas	0.0002146	0.001064	0.0001849	0.0004175	0	0.0003626	0.003143	0	0.0004008	0.0004145	0.002104	0	0	0	0.0009557	0.0007306	0.002501	0.008261	0.0008396	0	0.0006244	0.001571	0.0001386	0	0.0004984	0.0002358	0.002789	0	0	0.002206	0.001845	0.002587
Crossiella	0	0	0	0.000236	0	0	0	0	6.054e-05	0.01171	0.0004003	0	0	0	6.077e-05	0.006334	0.0004387	0	0	0	0	0.002491	0	0	8.978e-05	0.005607	0.0002805	0	0	0	0.0001371	0.005012
Kribbella	0	0.0003843	0	0.003693	0	6.086e-05	0	0.0001581	0.0002756	0.007389	0.0004371	0.0001497	0	0	0.0002127	0.00456	0.0005926	0.0001204	4.823e-05	0	0	0.001813	0	0	0.0006718	0.003594	0.0003335	0	0	0	0.0002474	0.003702
Sulfitobacter	0	0	0.0004375	0.0006586	7.757e-05	0.0002815	0.001165	0	0.001983	0.0004	0.002057	0.0008187	0.0009476	0	0.00171	0.0008806	0.001888	0.002146	0.003374	0.000156	0.003037	0.0005088	0.001597	0	0.0007987	0.0006652	0.002152	0.001495	0	0.002183	0.002622	0.0007663
Sphingomonas	0.0001216	0.001188	0.0001068	0.0002334	8.292e-05	0.001111	0.001226	0	0.0004468	0.001762	0.0006031	0.000358	0.000249	0	0.0004337	0.00121	0.00141	0.005384	0.004303	0	0.0008301	0.001439	0.0001438	0	0.0002848	0.000887	0.002088	0.0002015	0	0.001483	0.002011	0.002754
Metabacillus	0.001705	4.447e-05	3.906e-05	0.0005368	0.001297	0.0004869	0.000857	0.0002389	0.002205	0.003525	0.001438	0.0009801	0.0009023	0	0.001975	0.002567	0.001697	0.0009149	0.0003376	0	0.0008448	0.001043	0.0005545	0	0.00191	0.001623	0.0007489	0.0006327	0	0.0008229	0.001019	0.001533
Actinoplanes	0	0	0	0.0004797	0	0	4.404e-05	0	0.0003779	0.01022	0.0002633	0	0	0	0.0003425	0.005623	0.0003514	0	7.015e-05	0	0	0.002227	0	0	0.0008235	0.004512	0.0001482	0	0	0	0	0.004431
Agrobacterium	5.962e-05	0.0005273	0.001393	0.002474	0	0.0009002	0.0006707	0.0002881	0.00038	0.0004754	0.0003634	0.000584	0.0002296	0	0.0006325	0.0006491	0.0008899	0.002275	0.002343	0.0001243	0.0005252	0.0009249	0.001304	0.0001493	0.000322	0.0008518	0.002482	0.0002526	8.447e-05	0.001172	0.002544	0.001427
Nonomuraea	0	0	0	0.001245	0	0.0001775	5.759e-05	0	0.0006931	0.00807	0.0001475	0	0	0	0.0004751	0.004817	0.0004034	0	0.0002981	0	0.0002534	0.00192	0	0	0.001319	0.003488	0.0002858	0	0	0.0001503	8.873e-05	0.004149
Actinosynnema	0	0.0001334	0	0.0001997	0	0	0.0002371	0	0	0.009998	0.0003318	0	0.0001067	0	0	0.005157	0.0004096	0	0.0006577	0	0	0.00235	0	0	0	0.004614	0.0002911	0	0	0	0	0.004058
Yoonia	0	9.212e-05	0	0	0	3.297e-05	0.01156	0.0001194	0.006167	8.406e-05	0.0002949	0.0001321	0.002274	0.0003667	0.002649	0.0002316	0.0008358	0.0002167	0.001085	0.0003121	0.001076	0.0001968	0.001178	0.0009174	0.0001765	0.0001478	0.0004129	0.0008112	0.00052	0.0004535	0.0004141	0.0001732
Halobacillus	0.0001526	0	3.125e-05	0.002938	0.0002969	4.057e-05	9.146e-05	0.0001265	0.002221	0.003035	0.0007321	9.097e-05	6.145e-05	0	0.001934	0.002453	0.0007984	6.32e-05	2.192e-05	0	0.001271	0.001032	5.134e-05	0	0.002957	0.001619	0.0004817	7.653e-05	0	0.001694	0.0003953	0.001906
Sphingobium	8.823e-05	0.0002223	0.0006666	0.004167	0	0.0004159	0.0009248	0.00013	0.000119	0.001096	0.0004925	0.0004196	0	0	0.0002624	0.001044	0.0009689	0.001315	0.002716	0	0	0.0007731	0.001258	0	0.0002941	0.00107	0.002543	0.0002066	0	0.0007439	0.001043	0.001386
Paracoccus	0	0.0002446	0.0001667	0	0.0001926	0	0.001667	0	0.001436	0.001255	0.001891	0.0003228	0.0006565	0	0.001135	0.001236	0.001614	0.001517	0.003378	0.0001507	0.003217	0.0006691	0.001196	0	0.0005696	0.001045	0.002173	0.001122	0	0.001895	0.001737	0.0009483
Brevibacterium	0.0001025	0.002678	0	0	0.0001364	0.0001521	0.0001626	0.0003478	0.0003424	0.00556	0.0001817	5.869e-05	0	5.487e-05	0.000279	0.003399	0.0004013	0.0001384	0	0.0005289	0.002215	0.001437	0	0.0004694	0.0005046	0.002576	0.0002355	0	0.0004039	0.000614	0.0001264	0.002593
Aeromonas	7.154e-05	0.0002192	0	0.00279	0.0004681	0.002216	0.001548	0	0.0002401	0.0009594	0.0007979	0.0004108	0.0002167	0	0.0001464	0.001262	0.001655	0.002203	0.003301	0	0	0.001875	0.0001515	0	0.0002322	0.0006406	0.001336	0	0	0.0009044	0.001121	0.001312
Aneurinibacillus	0	0	2.604e-05	0.006086	0.0006312	0	0.0001016	0.0001792	0.0004008	0.001284	0.001238	0.0005986	0	0	0.0004447	0.001601	0.001522	0.000611	0	7.934e-05	0.0001506	0.0004835	8.728e-05	0	0.0003684	0.001003	0.00109	0.0001097	0	0.0002216	0.001283	0.001133
Rossellomorea	5.008e-05	0	0	0.005233	0.000452	9.637e-05	4.742e-05	0.0001862	0.0007203	0.001728	0.001388	0.0001643	0	0	0.000627	0.001742	0.001686	8.427e-05	3.507e-05	3.173e-05	0.0002534	0.000863	6.674e-05	7.467e-05	0.0005913	0.001651	0.0009527	7.398e-05	0	0.0003006	0.001027	0.00143
Paraburkholderia	0	0	0.0001797	0.002839	0.0001658	0.001864	0.002341	0	4.176e-05	0.001768	0.0003608	0.0001643	0.0003816	0	0	0.00138	0.0006342	0.000316	0.00826	0	0	0.001063	0.0001386	0	0.0001796	0.0009187	0.0003679	0.0001122	0	0	0.0002581	0.0009337
Anoxybacillus	0.0004602	0	0	0.001963	0.001078	0	0.0003083	0	0.001499	0.001846	0.001496	0.001188	0.0003299	0	0.001359	0.001905	0.001957	0.0009571	0.0001359	0	0.0005913	0.0006944	0.0002875	0	0.001306	0.00133	0.001252	0.0002704	0	0.0007362	0.001326	0.001157
Thermobifida	0	0.0001207	0	0.0001167	0	0	0.0001694	0	0.003098	0.004603	6.584e-05	0	0	0	0.002875	0.002648	0.0001331	0	0.000719	0	0.000169	0.001035	0	0	0.006573	0.002239	0	0	0	0	0	0.002111
Siophivirus	0	0	0	0	0	3.804e-05	0	0	0	0.001504	3.16e-05	0.003386	0	0	0	0.003708	4.366e-05	0.005375	0	0	0	0.001867	0	0	0	0.005618	0	0	0	0	0	0.004237
Chryseobacterium	0.0002003	0.0002732	0.003023	0	0	0.001418	0.001006	0.0005374	0.002942	0.0003652	7.374e-05	0.000358	0.0001423	0.000207	0.004679	0.0004892	0.0003722	0.0009992	0.001315	0.0001481	0.0005436	0	0.0002567	0.0002596	0.0002601	0.0002323	0.0003043	0.0001301	0	0.001416	0.0002689	0.000411
Dietzia	0	0	0	9.335e-05	0	0.0003322	0	0	0.0001775	0.008885	0.0002001	0	0	0	0.0001713	0.004504	0.0003618	0	0	0	0	0.001999	0	0	0.0004087	0.003643	0.0003176	0	0	0	0.0001559	0.003623
Dactylosporangium	0	0	0	0.0001997	0	0	0.0001253	0	0.000405	0.00838	0.0001949	0	0	0	0.0003784	0.004377	0.0002703	0	0.0003266	0	0	0.001636	0	0	0.0009629	0.003678	0.000127	0	0	0	0	0.003359
Delftia	0	0.0006575	0.002429	0	0	0.0002409	0.0006572	0	0.0002589	0.0003855	0.0002186	0.0003081	0	0	0.0005635	0.0002772	0.003501	0.002949	0.0005809	0	0.0002351	0.002873	0	0	0	0	0.001366	0	0	0.001368	0.001998	0.001541
Umezawaea	0	0	0	0.0001737	0	0	0.0002574	0	4.384e-05	0.008325	0.0002291	0	6.792e-05	0	3.315e-05	0.004393	0.0002973	0	0.0007146	0	0	0.001948	0	0	8.049e-05	0.003608	0.0001985	0	0	0	6.722e-05	0.00382
Cupriavidus	0	7.941e-05	0.001966	0	0	0.002107	0.002036	0.0001616	0.0001942	0.001391	0.0002159	0.000804	0.0004204	0	0.0001519	0.001089	0.0007069	0.0002438	0.006403	0	0	0.0008265	0.001191	0.0001173	0.0005696	0.001056	0.001281	0.0002628	0	6.369e-05	9.948e-05	0.0005138
Tistrella	0	0	0	0.008593	0	9.89e-05	5.42e-05	0	0	0.0006116	0.0003529	3.521e-05	0	0	0	0.001106	0.0004741	3.01e-05	0.0001469	0	0	0.0004329	0	0	0	0.0007779	0.0003335	0	0	0	0.0004033	0.0008573
Actinokineospora	0	0	0	0.0002023	0	0	0	0	0.0001253	0.008055	0.0003028	0	0	0	0.0001188	0.004266	0.0002599	0	2.631e-05	0	0	0.001864	0	0	0.0002291	0.003749	0.0001985	0	0	0	8.604e-05	0.003741
Fervidibacillus	0.0006963	0	0	0.002852	0.0009255	4.057e-05	0.000796	5.62e-05	0.0007871	0.001296	0.0007611	0.000716	0.0007018	0.0002843	0.0009337	0.00137	0.001038	0.0004996	0.0003858	8.198e-05	0.0006354	0.0005735	0.0006135	0.0001316	0.0005294	0.001253	0.0005346	0.0006046	7.391e-05	0.0008254	0.0006023	0.00106
Gracilibacillus	0.0001455	0.0001271	4.947e-05	0.001639	0.0002568	6.847e-05	0.0001118	0.0003162	0.002194	0.003073	0.0004688	0.0001526	8.732e-05	7.982e-05	0.002154	0.00229	0.000472	0.0001083	3.946e-05	7.405e-05	0.0008595	0.0007675	7.188e-05	0.0001138	0.00144	0.001383	0.0003149	5.867e-05	5.807e-05	0.0009146	0.0002931	0.001729
Burkholderia	0	0.0002192	0.0001719	8.298e-05	0	0.0037	0.002165	0.0003337	0.0002651	0.002203	0.0001475	0.0004284	0.0004075	0	0.0001961	0.00165	0.0007194	0.0005839	0.006741	5.554e-05	0	0.001586	0.0002362	6.756e-05	0.0002198	0.0009222	0.0001535	0.0001199	0	0	7.529e-05	0.001039
Phytobacter	5.723e-05	5.082e-05	6.77e-05	0	5.617e-05	8.368e-05	0.0007249	0.0003091	0.001526	0.0009768	0.002892	0.004909	0.0003752	8.231e-05	0.0002652	0.0006849	0.001412	0.002835	0.0005524	0.0002116	0.0004885	0.0003402	0.0003055	0.000256	0.0001424	0.0004752	0.001344	0.0006607	7.391e-05	0.0008509	0.0009437	0.0006577
Novibacillus	0	0	0	0.006337	0.000115	0	7.791e-05	0	4.593e-05	0.001017	0.0008532	0	0	0	9.115e-05	0.0015	0.001006	0	0.0001491	0	3.673e-05	0.0005988	4.621e-05	0	8.669e-05	0.001098	0.0006616	3.316e-05	0	4.076e-05	0.0007394	0.001166
Acidilutibacter	0.004808	0	0	0	0.0003263	6.086e-05	0.003005	0	5.219e-05	0.001212	0.0005293	0.00164	0.002607	0	0.0001188	0.001504	0.0007236	0.001493	0.001059	0	0	0.0005707	0.002	0	0	0.001126	0.0001932	0.001763	0	7.133e-05	0.000164	0.0007516
Furfurilactobacillus	0	0	0.003292	0	0	0	0	0	0.003345	3.478e-05	0.0001211	0	0	2.993e-05	0.00324	4.892e-05	4.158e-05	0	0	2.909e-05	0.003236	0	0	0	0.00261	0	3.705e-05	2.551e-05	3.96e-05	0.002998	3.495e-05	0
Clostridioides	0	0.0001715	0.0001016	0.005051	0.0001578	0.0001293	9.823e-05	0.0004251	0.0001691	0.00133	0.0004609	4.402e-05	5.821e-05	9.478e-05	0.0002154	0.001862	0.0005676	8.728e-05	2.631e-05	0.0003279	9.916e-05	0.0005257	5.904e-05	0.0002667	8.049e-05	0.001084	0.0002488	8.163e-05	0.0002059	0.000186	0.000406	0.001034
Radiobacillus	2.862e-05	5.717e-05	0	0.0003786	0.0002354	0	5.42e-05	0.0002213	0.004207	0.004191	0.0001738	6.456e-05	4.528e-05	0	0.00253	0.001468	0.0002578	3.913e-05	0	3.438e-05	0.0006134	0.0005538	3.594e-05	7.112e-05	0.003703	0.0008694	0.000135	0	5.807e-05	0.0006114	0.0001344	0.0009953
Dehalobacter	0	0	0	0.006573	0	3.297e-05	0	9.133e-05	0	0.0007797	0.0006821	0	0	0	0	0.001605	0.0005697	0	0	0	0	0.000506	0	4.267e-05	0	0.0009785	0.0005425	0	0	0	0.0005297	0.001025
Sutcliffiella	0	4.447e-05	0	0.002308	0.0003103	0	0	0.000274	0.001854	0.002168	0.0006768	0.0001966	0	0	0.001489	0.001973	0.0007319	0.0002679	0	4.496e-05	0.0005362	0.0006663	0.0001078	6.756e-05	0.0009536	0.001246	0.0004684	0	3.432e-05	0.000507	0.0006211	0.001201
Macrococcus	0	0	0.002906	0.002033	0.0001632	0	6.436e-05	0	0.001954	0.0005015	0.0007242	4.108e-05	4.204e-05	0	0.001674	0.0005773	0.0005905	0	0	5.818e-05	0.0003636	0.0003008	5.647e-05	0	0.0002601	0.0004576	0.0004287	3.827e-05	3.168e-05	0.00067	0.0004947	0.0004962
Actinomyces	0	0	0.001141	0	0	0	0.0001694	0	0.00304	0.003681	0	0	0.0002426	0	0.001953	0.001924	0.0001081	3.311e-05	0.0002762	0	0.0006648	0.0008827	0.0004364	0	0.001012	0.001489	0	0.0002653	0	0.0007414	0	0.001553
Keratinibaculum	0	0	6.77e-05	0	0	0	0	0	0.0001169	0.003232	0.001691	0	0	0	0.0001878	0.004602	0.001988	3.01e-05	0	0	5.509e-05	0.002033	0	0	0	0.003326	0.0004155	0	0	6.624e-05	0.0003361	0.002352
Salimicrobium	5.246e-05	0	0	0.004426	0.0003557	0	0.0001084	0	0.000547	0.001009	0.0007848	0.0001497	4.204e-05	0	0.0003729	0.001236	0.0008692	9.33e-05	0.0001973	0	0.0003012	0.0005623	3.337e-05	0	0.0006006	0.0009433	0.0006087	5.867e-05	0	0.000456	0.0006023	0.001116
Nakamurella	0	4.764e-05	0	0.0001478	0	0	0	0	7.516e-05	0.006545	0.0001475	0	0	0	7.734e-05	0.003597	0.0001955	5.718e-05	5.919e-05	0	0	0.001628	0	0	0.0002539	0.003323	0.0001297	0	0	3.057e-05	0	0.002974
Kyrpidia	0	0	0	0.006047	0	0	0	0	0	0.0008783	0.0005241	0	0	0	0	0.001204	0.0005593	0	0	0	0	0.000447	0	0	0	0.001049	0.000487	0	0	0	0.000371	0.001034
Deinococcus	0	0	0.0002604	0.002979	0.0001926	0.000142	0.0002812	0	0.001691	0.001403	0.0002317	4.989e-05	0	0	0.002602	0.0009458	0.0003368	0	0.001377	0	0.0004114	0.0003402	0	0	0.0001053	0.0007321	0.000299	0	0	0.0002216	0.0002151	0.0008162
Psychrobacter	8.347e-05	0.0002795	0	0	0	0.008573	0.0001524	0.0001019	0.0005658	0	0.000187	0.001497	0	0.0001821	0.0003978	0.0003001	0.0001372	0.002468	0.0007344	0.0001269	0	0.0001827	0	0.0002454	0.002508	0	0	0	0.0002719	0.0008331	0	0
Billgrantia	0	0	0	0	0	0	0.003503	0	0	0	4.214e-05	0.0003463	0.0008538	0	0	0.001689	0.001227	0.0002077	0.006833	0	0.0006024	0.003354	0.0005519	0	0	3.872e-05	0.0003414	0.0004924	0	7.643e-05	4.033e-05	0
Streptosporangium	0	0	0	6.742e-05	0	0	0	0	0.0003549	0.005667	0.0001185	0	0	0	0.0003867	0.003082	8.317e-05	0	0.0001403	0	0	0.001285	0	0	0.0007678	0.00265	6.352e-05	0	0	0	0	0.002684
Methylobacterium	0.0008609	0.0005686	0	0.001037	0	0.0009256	0.0006605	5.972e-05	0.0002568	0.001959	0.0002897	0	0.0001229	0.0003118	0.000116	0.001151	0.0003452	0.000632	0.002278	0.000193	0.000202	0.0007253	0	0	0.0005325	0.001337	0.0004578	5.867e-05	0	0.0003006	0.0004221	0.001089
Lysobacter	0	0	0.000263	0.0005523	0	7.354e-05	0.0006978	4.567e-05	0.00138	0.001641	9.744e-05	0	7.762e-05	0	0.0035	0.00119	0.0001996	5.116e-05	0.002646	0	0.001186	0.0007759	9.242e-05	0	0.0004025	0.0008518	0.0001112	0	0	0.0008356	7.529e-05	0.0009836
Cellulomonas	0	0	0	0.0001841	0	0	0	0	0.00019	0.006084	6.584e-05	0	0	0	0.0002044	0.003294	0.0001102	0	0	0	0	0.00129	8.471e-05	0	0.0005696	0.002457	0.0001588	0	0	0	0	0.00232
Ralstonia	0	0.0001112	0	0.003996	0	0.0004412	0.0007452	0	7.098e-05	0.0006522	0.0002844	0.0002318	0.0002135	0	0.0001105	0.0006915	0.0003597	0.0003612	0.00242	0	0.0002167	0.0003514	0.0001027	0	5.263e-05	0.0004646	0.000307	0.0001301	0	0.0001656	0.000363	0.0005784
Massilia	0.0004292	8.894e-05	0	0.002144	0	0.0006669	0.0009078	0	0	0.0008841	0.001448	0.0002025	9.703e-05	0	0	0.0008317	0.001073	0.0009811	0.003003	0	0.0001212	0.0006775	5.134e-05	0	5.882e-05	0.0003414	0.0006801	0	0	0.0003108	0.0003226	0.0006019
Halobacterium	0	0	0	0	0	0	0.01909	9.836e-05	0	0	0	0	0	0	0	0	0	0	0	0	0	0	0	0	0	0	0	0	0	0	0	0
Thermoanaerobacterium	0	0.0002605	0	0.0008764	0.002244	0	0	0.0005866	0.0001524	0.000142	0.002365	0.000584	0	0.0001472	7.734e-05	0.0002838	0.002106	0.000641	0	0.0001983	6.979e-05	0.0001096	0	0.0002062	0.0001269	0.0001936	0.001969	0	0.000132	0.0001248	0.003259	0.0001791
Mesorhizobium	0	0.0002859	0.0004062	0.0002204	0.0003397	0.001106	0.0007825	0.0004321	0.0003633	0.001012	0.0005188	0.0007952	0.0003299	3.492e-05	0.0003646	0.001145	0.0003763	0.0007644	0.00182	6.347e-05	0.0005289	0.0004386	0.0002747	0.0001245	0.0002786	0.001169	0.000397	0.00075	4.488e-05	0.0003083	0.000406	0.0007076
Pseudosulfitobacter	0	0	0	0.003213	0	0.0001243	0.0002032	0.0001897	0.0002547	0.000487	0.0008427	0.000135	0.0003978	0	0.0002707	0.0008937	0.0007901	0.0004424	0.0002718	0	0.0007015	0.0003092	0.0003568	0	0	0.0005772	0.0008575	0.0004184	0	0.0004433	0.0009115	0.0007105
Anaerocolumna	0.0001025	0.0002255	0	0.003373	0.0001765	0	9.146e-05	0.001061	0.0001378	0.0006319	0.000474	9.977e-05	0.0001035	0.000237	9.391e-05	0.001024	0.0005115	0.0001083	4.604e-05	0.0003332	0	0.0003514	0.0001078	0.000448	0.0001084	0.0007814	0.0003864	6.122e-05	0.0003564	0	0.0003872	0.0007516
Photobacterium	0	0.0001652	4.166e-05	0.002969	0	0.0007836	0.001958	0.0001054	0.0002693	0.0005073	0.0005188	9.097e-05	0.0001067	0	0.0002624	0.0008284	0.0005302	0.0001445	0.001057	0	0.0001763	0.0005763	7.958e-05	0	0.0004953	0.0005033	0.0003149	5.102e-05	0	0.0001962	0.0003549	0.0005725
Cedecea	0	0.0002192	0	0.002549	0.0002167	0.0005883	0.0002236	0	0	0.0002725	0.00276	0.0003023	4.851e-05	0	0	0.0007404	0.001925	0.0003431	0.000787	0	0	0.0002867	4.621e-05	0	0	0.0003027	0.001329	3.827e-05	0	0	0.0009787	0.0004228
Mycolicibacter	0	0	0	0	0	6.847e-05	0.0001355	0	0	0.005705	0	0	0	0	0	0.002847	7.485e-05	0	0.0006335	0	0	0.001394	0	0	0	0.002358	0	0	0	0	0	0.002622
Roseateles	0	0	0	0.004828	0	0	0.0001118	0	0	0.0009304	0.0004056	0	0	0	0	0.001138	0.0003389	0	8.331e-05	0	0	0.000506	0	0	0	0.0007567	0.000307	0	0	0	0.0003845	0.0008162
Halopseudomonas	0	0	0	0.0008116	2.675e-05	0.00268	0.001978	0	0	0.0001826	0.0001132	0.0004637	0.0003461	0	0	0.0004827	0.0005593	0.0008427	0.00664	0	0	0.0007506	0.0001669	0	0	0.0001197	0.0002276	7.398e-05	0	0	6.184e-05	0.0001674
Fructilactobacillus	0	3.812e-05	0.0006588	0	0	0	0	0	0.002597	0.0002116	0.0005662	9.097e-05	0	3.492e-05	0.003157	0.0001272	0.0002932	0	0	0	0.003761	6.747e-05	0	0	0.001019	4.928e-05	0	0	0	0.004176	0	9.982e-05
Blastococcus	0	0	0	0.0003397	0	0.0001293	0	0	7.516e-05	0.004838	0.0001791	0	0	0	7.458e-05	0.002766	0.0003202	0	0	0	0	0.001254	0	0	0.0002446	0.002372	0.0001403	0	0	0	6.453e-05	0.00244
Flavobacterium	0.000124	0.0003812	0.0006093	0.001182	0	0.001874	0.0005217	0.0005164	0.001313	0.0008522	0.0003108	0.0002054	0.0001811	0.0001846	0.0008149	0.0005642	0.0003327	0.000316	0.0001491	0.0001534	0	0.0002277	0.0002259	0.0001458	0.001167	0.0005068	0.0001667	0.0001709	0	0.0001732	0.0001371	0.0003171
Shewanella	0	0	0.0003437	0.001016	0.0001337	0.003553	0.00165	0.0002389	0.0003278	0.0005218	0.0002528	0.0003756	6.468e-05	8.231e-05	0.0002293	0.0006491	0.0004491	0.0007945	0.001469	8.727e-05	0.0002314	0.0007759	0.000136	0	0.0002477	0.0003344	0.0003017	5.102e-05	0	0.0001427	0.0001828	0.0003611
Methanobacterium	0	0	0	0	4.28e-05	5.579e-05	0	0	5.011e-05	0	7.11e-05	0	0	0.001936	5.524e-05	0	8.109e-05	0	0.0001929	0.000677	0	0.008164	3.337e-05	0.001056	0	0.001619	7.145e-05	0	0.0009609	0	7.797e-05	0.002349
Alloactinosynnema	0	0	0	9.594e-05	0	0	0	0	0	0.005328	7.9e-05	0	0	0	0	0.003059	0.0001747	0	0	0	0	0.00129	0	0	4.025e-05	0.002386	0.0001403	0	0	0	4.84e-05	0.002372
Pemunavirus	0	0	0	0	0	0	0.0001084	0	0	0	0	0.004108	0	0	0	0	4.782e-05	0.01058	2.631e-05	0	0	0	2.567e-05	0	0	0	2.646e-05	3.316e-05	0	0	0	0
Staphylospora	0	0	0	0.004618	0	0	0	0	0	0.0006232	0.0005162	0	0	0	0	0.001018	0.0005011	0	0	0	0	0.0004217	0	0	8.359e-05	0.0008201	0.0003414	0	0	4.331e-05	0.0004463	0.000781
Providencia	0	0	0	0.004149	0	0.0006289	0.0001355	0.0001475	0.0001482	0.0004377	0.0005662	0.0001027	0.0001488	0	0	0.0008056	0.0005364	0.0002769	7.892e-05	0	0	0.0001996	0.0002439	0	0.0001796	0.0005315	0.0005822	0.0002041	0	0	0.0002501	0.0006136
Oligella	0	0	0	0	0	0	0.00252	0	0	0	0	0	0.0004625	0	0	0	4.99e-05	5.718e-05	0.01387	3.173e-05	0	0	0.0002131	0	0	0	0.000217	0.0001837	0	0	0	0
Pseudoalteromonas	0	8.258e-05	0.0001068	0.002668	0.0001311	0.001709	0.0001152	0.0002073	0.0006034	0.0003159	0.0005267	0.0001056	0	0	0.0003867	0.0005903	0.0005635	0.0003822	0.0001206	0	0.0005693	0.0003289	4.621e-05	0	0.0004892	0.0005596	0.000389	0	0	0.000614	0.0003173	0.0006459
Psychrobacillus	0.0003625	7.306e-05	0	0.0002878	0.0004841	0	0.0001999	0.0002213	0.001664	0.001884	0.0004898	0.0001585	0.0002458	7.982e-05	0.001353	0.001435	0.0005947	0.0001294	6.577e-05	5.289e-05	0.000371	0.0004779	0.0001104	6.045e-05	0.001102	0.0008307	0.0003626	0.000125	6.599e-05	0.0004153	0.000371	0.001025
Salicibibacter	5.962e-05	3.494e-05	0	0.002131	0.0003424	0	4.065e-05	0.0002037	0.0006806	0.001235	0.0008269	5.576e-05	0	4.739e-05	0.0005911	0.0008773	0.0009669	0	2.411e-05	3.967e-05	0.0002498	0.0005088	0	5.334e-05	0.0006285	0.0006899	0.0004975	0	4.488e-05	0.00027	0.0007609	0.0007869
Georgenia	0	0	0	0	0	4.311e-05	0.0002473	0	0.0002004	0.00436	0.000129	0	6.468e-05	0	0.0001906	0.002407	0.0001996	0	0.000798	0	0	0.001141	5.904e-05	0	0.0004799	0.002059	0.0001164	6.888e-05	0	3.312e-05	0	0.00187
Yersinia	0	0.0001334	4.427e-05	0	0.0004627	0.0009941	0.0001219	0.0002037	0.0001649	0	0.001643	0.002348	0	0	0.000163	0	0.001166	0.003774	0.0006577	5.289e-05	0.0001469	9.277e-05	0	0.0001067	0.0003313	9.503e-05	0.0009527	0	0.0001135	0.0001452	0.0009168	0.0001586
Oceanimonas	0	0	0	0.004455	0	0.0001268	0.0001829	0	0	0.0004464	0.0003397	4.402e-05	0	0	3.038e-05	0.0007665	0.0004055	8.126e-05	0.0004428	0	0	0.0003008	0	0	0.0001238	0.0005209	0.0002514	0	0	3.057e-05	0.0002716	0.0005608
Mixta	0	0.0005209	0	0	0.0006687	0.0005655	0.0001016	0	8.143e-05	0.0003101	0.004872	9.684e-05	0	0	3.591e-05	0.0001859	0.004414	7.825e-05	8.768e-05	0	0	0.0001237	0	0	7.121e-05	0.0001091	0.001752	0	0	0	0.0009841	0.0002055
Chromobacterium	0	0	0	0.004022	0	0.0006898	0	0	0	0.0004116	0.0001606	6.162e-05	0	0	0	0.000711	0.000341	0	0.001236	0	0	0.0004667	0	0	0	0.0003696	0.0002805	0	0	0	0.0001909	0.0004874
Globicatella	0	0	0	0.0004253	8.292e-05	4.311e-05	0.0001795	5.972e-05	0.001434	0.002588	0.000345	0	5.821e-05	5.737e-05	0.002574	0.00119	0.000237	0	5.261e-05	5.554e-05	0.0005656	0.0003289	6.674e-05	3.911e-05	0.0009721	0.0007603	0.0001694	8.163e-05	5.543e-05	0.0004917	0.0001398	0.0006665
Domibacillus	0	0.0001493	0	0.002845	0.0001284	5.325e-05	6.775e-05	0.0003724	0.0001649	0.0005333	0.0004872	4.989e-05	8.732e-05	0.0001896	0.0001795	0.0008447	0.0005448	4.514e-05	6.357e-05	0.000238	0.0001359	0.0003402	0.000154	0.0002454	0.0002074	0.000616	0.0004023	0.0001225	0.0002033	0.0001095	0.0004732	0.0005813
Azotobacter	0	0	0	0.003176	0	0.0007227	0.0006436	0	0	0.0004435	0.0002212	0.0003199	9.703e-05	0	0	0.0009035	0.0004013	0.0003792	0.00155	0	0	0.0005145	5.391e-05	0	0	0.0004224	0.0001985	0	0	0	0.0001425	0.0002995
Rhodopseudomonas	0	0.0001048	8.853e-05	0.003648	0	0.0006416	0.0001626	0	6.681e-05	0.0005884	0.0002449	4.402e-05	5.175e-05	0	6.353e-05	0.0007241	0.0003971	0.0001445	0.0003573	0	8.08e-05	0.0004245	6.418e-05	0	5.882e-05	0.0005456	0.0002011	0	0	6.369e-05	0.0002635	0.0004962
Caldalkalibacillus	0	0	0	0.003358	0.000214	0.0001598	0	0	0	0.0005478	0.00079	0	0	0	3.038e-05	0.000861	0.0008774	3.01e-05	2.631e-05	0	0	0.0003402	0	0	4.025e-05	0.0007532	0.0005902	3.061e-05	0	0	0.0006372	0.0007076
Alkaliphilus	0	0.000235	0	0.000656	0	0	0	0.001128	0.0001065	0.0004812	0.0001554	3.521e-05	0	0.0009853	8.286e-05	0.0006001	0.0001871	9.028e-05	0	0.002689	0	0.000253	0	0.002201	7.121e-05	0.0004224	8.734e-05	0	0.002545	0	8.335e-05	0.0003934
Blattabacterium	6.677e-05	0.0001906	0	0.0001763	0	0	0.0005792	0.0004883	0.0001858	0.0008174	0.001261	0.0002465	0.0002846	0.0001023	8.839e-05	0.0008513	0.0007444	0.000611	0.0002455	0.0001269	6.979e-05	0.0005088	0.0007676	0.0001778	0.0006842	0.0009468	0.0004975	0.0007449	0.0001531	0.0001732	0.0004974	0.001298
Laceyella	0	0	0	0.003615	0	0	0	0	2.297e-05	0.0005565	0.0004872	0	0	0	4.143e-05	0.0008904	0.0004637	0	0	0	0	0.0004667	0	0	3.096e-05	0.0007004	0.0003705	0	0	3.821e-05	0.0004248	0.0008867
Geodermatophilus	0	0	0	0	0	0	0	0	6.472e-05	0.00449	0.0001132	0	0	0	0	0.002361	0.0001747	0	0.0001008	0	0	0.0009755	0	0	4.644e-05	0.002094	6.087e-05	0	0	0	0	0.002126
Roseomonas	0	7.623e-05	0.0001875	0.002453	0	0	0.0002845	0	9.603e-05	0.0008812	0.0002791	0	0	0	0.0001326	0.00091	0.0003181	0.0002257	0.0007212	0	0	0.0004639	3.851e-05	0	8.978e-05	0.0005491	0.0008098	0	0	0.0003643	0.0003092	0.0008867
Prevotella	0	0	5.989e-05	0.001587	5.617e-05	0.0001192	0	0	0.0002484	0.0002899	0.0002502	0	0	0	0.0002569	0.0004403	0.0002641	9.33e-05	2.411e-05	0	0.0002314	0.0001687	0	0	7.43e-05	0.0003907	0.001681	0.002184	0.0006784	0.001322	0.001024	0.0009219
Vescimonas	0	0	0	0.004076	0	0	0	0	0	0.0004377	0.000287	0	0	0	0	0.0007045	0.0003285	0	0	0	0	0.0003345	0	0	0	0.000711	0.0003229	0	0	0	0.0002877	0.000734
Pectobacterium	0	0.0002255	2.604e-05	0	0.0001177	0.002541	0.0003184	0	0	0	0.002007	0.001397	8.732e-05	0	0	0	0.001873	0.002113	0.001265	0	0	0	0	0	0	0	0.0009607	0	0	0	0.000855	0
Dehalobacterium	0	0	0	0.0037	3.477e-05	0	0	0.0001265	0.0001106	0.0005276	0.0003476	0	0	0	5.248e-05	0.0008284	0.0004075	0	0	0	0	0.0003036	0	4.267e-05	0.0001176	0.000704	0.0002752	0	0	0	0.0003737	0.0006694
Aeromicrobium	0	0	0	0	0	0.0001014	4.065e-05	0	0.0001148	0.004386	5.267e-05	0	0	0	0.000116	0.002551	0	0	0.0003749	0	0	0.0008771	0	0	0.0002817	0.001788	0	0	0	0	0	0.001676
Thermomonospora	0	0	0	5.186e-05	0	0	5.759e-05	0	0.0001921	0.004168	0.0001448	0	0	0	0.0001381	0.002166	0.0001809	0	0.0004384	0	0	0.0008012	0	0	0.0003622	0.00183	0.0001085	0	0	0	0	0.001741
Kibdelosporangium	0	0	0	0.0001374	0	0	0	0	3.34e-05	0.004461	0.000108	0	0	0	3.591e-05	0.00214	0.0001851	0	0	0	0	0.000998	0	0	7.121e-05	0.001982	0.0001191	0	0	0	3.764e-05	0.001809
Tsukamurella	0	0.0002128	0	0	0	0	0	0	4.384e-05	0.004075	0	0	0	0	6.077e-05	0.002198	0.000104	7.223e-05	9.207e-05	0	0.0001028	0.0009108	0	0	0.000195	0.001732	0.000127	0	0	0.0001019	8.873e-05	0.001923
Tepidanaerobacter	0	0	0	0.002798	0	0	0	8.431e-05	2.923e-05	0.0007479	0.0004082	0	0	0	6.077e-05	0.001204	0.0004096	0	0	4.231e-05	3.673e-05	0.0005904	0	4.978e-05	0	0.0009398	0.0003864	0	2.904e-05	4.586e-05	0.0004329	0.0009865
Leucobacter	0	5.717e-05	0.0001745	0	5.617e-05	0	0.0001219	0	0.0001649	0.003864	0.000129	0	0	0	0	0.00229	7.277e-05	0	0.0002455	8.991e-05	0	0.0008687	0	0	0.0002508	0.001756	0	0	0	0	0	0.001635
Croceimicrobium	0	0	0	0.004253	5.082e-05	0	0	0	0	0.0003188	0.0003503	0	0	0	0	0.000574	0.000316	0	0	0	0	0.0002052	0	0	0	0.0003485	0.00018	0	0	0	0.0002581	0.0004404
Allobacillus	0	0	0	0.001978	3.477e-05	0	0	7.026e-05	0.001232	0.001093	0.0002949	0	0	0	0.0008204	0.0008773	0.0003576	0	0	0	0.0001836	0.0003036	2.567e-05	0	0.0008916	0.0006969	0.0002276	0	0	0.0001732	0.0002608	0.0006283
Tissierella	0	0	0	0.0009853	4.28e-05	0	0	8.782e-05	6.681e-05	0.00151	0.0007558	0	0	0	0.0001934	0.002104	0.0007714	0	0	0	0	0.0009755	0	5.689e-05	4.025e-05	0.001623	0.0002382	0	4.224e-05	4.331e-05	0.0002608	0.001119
Alkalihalophilus	0	0	0	0.001774	0.0001337	3.043e-05	0	0	0.001319	0.001049	0.0004214	7.63e-05	0	0	0.0009087	0.0007502	0.0003951	8.427e-05	0	0	0.0003893	0.0002361	0	0	0.0007585	0.0004963	0.0002726	0	0	0.0003057	0.0002904	0.0005432
Janthinobacterium	0.0002599	9.212e-05	0.0001927	0	0	0.001727	0.001074	0.0001897	0.0001336	0.0002406	0.0002554	0.0002582	0.000304	0.000202	0.0001326	0.0003359	0.0002849	0.0004334	0.003621	0.0002407	0.0001139	0.0002333	0.0004775	0.0002027	0	0.0001408	0.0003361	0.0005434	0.0001927	0.0001809	0.0002581	0.0003083
Microbispora	0	0	0	0	0	0.0002561	0	0	0.000261	0.003835	0	0	0	0	0.0002348	0.002218	0.000104	0	0.000125	0	0	0.0009108	0	0	0.0005449	0.001471	9.527e-05	0	0	0	0	0.001656
Prauserella	0	0	0	7.52e-05	0	0	0	0	6.472e-05	0.004125	7.11e-05	0	0	0	6.629e-05	0.002153	0.0001185	0	0	0	0	0.001001	0	0	0.0001145	0.001918	8.998e-05	0	0	0	3.764e-05	0.001676
Grisebachstrassevirus	0	0	0	0	0	0	0	0	0	0.0001681	0.003513	4.695e-05	0	0	0	0.0004762	0.003576	4.815e-05	0	0	0	0.000208	0	0	0	0.0005596	0.002067	0	0	0	0.002476	0.0002231
Marinobacterium	0	7.623e-05	0	0.00266	0.0001016	0.0003398	0.0006538	0	0	0.0003391	0.0002054	3.228e-05	0.0001455	0	0	0.0005251	0.0004283	0.0001384	0.001914	0	0	0.0004245	6.161e-05	0	0	0.0002957	0.0002144	3.316e-05	0	0	0.0001748	0.0003964
Curtobacterium	0	0.0007909	0	0.0001271	0	3.55e-05	0	0	0.0002526	0.003154	0	0	0	0.0001522	0.0002182	0.001448	0.0001289	0	0.0001206	9.784e-05	0	0.0005032	0	0.0001138	0.0004458	0.001531	0	0	0.0001821	0	0	0.001442
Leifsonia	3.1e-05	0.0002033	0	5.445e-05	0	0.0002308	0.0001457	0	0.0001754	0.002907	0.0001369	0.0001115	6.792e-05	0	0.0002237	0.001494	0.0001019	0.0004966	0.0005371	0	0.0005509	0.0006691	5.647e-05	5.689e-05	0.000452	0.001274	0.0001535	0	0	9.426e-05	0.0001049	0.001248
Anaerobacillus	7.393e-05	0.000216	0	0.001016	0.0001364	0	0.0002202	0.0006113	0.0008852	0.001049	0.0002791	0.0001438	0.0001876	0.0001172	0.0005497	0.0004631	0.0003348	6.922e-05	0.0001337	0.0001825	0.000202	0.0001827	0.0009267	0.0001742	0.0008699	0.0003168	0.0002144	0.0002041	0.0001293	0.0001427	0.0003468	0.0003817
Eubacterium	0	0	0	0.002741	9.095e-05	0.000284	0	5.972e-05	5.428e-05	0.0005362	0.0006136	3.521e-05	0	0	0.000163	0.001047	0.0004865	3.01e-05	0	0	0	0.0003008	0	0	0	0.0006934	0.0002752	0	0	0	0.0003415	0.0007369
Rathayibacter	0	0	0	0.0006923	0	0	0	0	0.0001962	0.002933	0.0001817	0	0	0	0.0001547	0.001725	0.0001726	0	0.0001776	0	0	0.0006072	0	0	0.000356	0.00157	0.0001905	0	0	0	0.0001613	0.001489
Caulobacter	0	0	0	0	0.0001337	0.0002434	0.0004539	0	0.0001587	0.000974	0.0002423	0.003548	0.0002296	0	5.248e-05	0.0008676	0.0001372	0.0003762	0.001918	0	0	0.0003261	0.0004364	0	0.0006006	0.0006265	0.0003096	0	0	0	8.335e-05	0.0005696
Blautia	0	7.941e-05	8.333e-05	0.001351	2.942e-05	0.0005579	0	0.0009169	0.0007036	0.0002435	0.0002923	0	0	9.229e-05	0.0008618	0.0004501	0.0003077	5.417e-05	0	0.000164	0.0008044	0.0001855	0	0.0002667	0.000517	0.0003203	0.0001958	0	0.0002165	0.000805	0.0002501	0.0003259
Caldimonas	0	0	0	0.002992	0	0	0.0003895	0	0	0.0004522	0.0002423	0	8.085e-05	0	0	0.0005936	0.0002786	0	0.001642	0	0	0.0002839	0	0	0	0.0004188	0.0003308	0	0	0	0.0001801	0.0003611
Microbulbifer	0	0.0002255	0	0	0	0.001565	0.001629	0	0	0.0003449	0	5.869e-05	0.0002038	0	0	0.0005023	0.000289	0.0001715	0.006206	0	5.509e-05	0.0007675	5.134e-05	0	0	0	0.0001191	6.888e-05	0	0	0	0.0001233
Synechococcus	0	0	0.0003385	0.003293	3.21e-05	0	0	0	9.603e-05	0.0006464	5.267e-05	0	0	0	4.972e-05	0	0.0003743	0.0001354	0.0002543	0	0	0.0003092	0	0	0.0001176	0.000447	0.0002382	0	0	3.821e-05	5.109e-05	0.0005344
Solwaraspora	0	0	0	0	0	0	0.0001389	0	0.0001378	0.003496	0	0	6.792e-05	0	0.0001602	0.001875	0	0	0.0007168	0	0	0.0008771	0	0	0.0002755	0.001531	0.0001244	0	0	0	0	0.001697
Variovorax	0	0.0001271	0.0001328	0	0.0001016	0.001238	0.001236	9.133e-05	9.812e-05	0.0009652	0.000266	0.0002436	0.0002361	0	0.000105	0.000773	0.0004741	0.000307	0.002549	0	9.55e-05	0.0007366	0.0001129	0	0.0001115	0.0004153	0.0003652	0.0001811	0	0	0.000207	0.0004228
Acidovorax	4.769e-05	0	0.002739	0	0	0.0001268	0.0002744	0	0	0.0003826	0.0001817	0.0001262	0	0	0	0.0001924	0.0001996	0.0005267	0.0007914	0	0	0.0002811	8.471e-05	0	9.288e-05	0.0001197	0.0003573	0	0	0.0002038	0.0004463	0.0002907
Salipiger	0	0	0	0	0	0	0.0005149	0	0.0004551	0.0006754	0.0007216	0	0.0002426	0	0.0004585	0.0005186	0.0005863	0.0007765	0.00151	0	0.0007787	0.0002502	0.0005622	0	0.000226	0.0004646	0.0008336	0.0005128	0	0.0006165	0.0007286	0.0005931
Thermobacillus	0	0	0	0.002816	0	0	4.742e-05	0.0001546	0	0.0004551	0.0003924	0	9.056e-05	0	0	0.0007828	0.0004262	0	4.604e-05	6.082e-05	0	0.0003627	5.647e-05	0	0	0.0005843	0.0003202	0.0001046	6.335e-05	5.35e-05	0.0003334	0.0006342
Orrella	0	0	0	0.002085	0	0	0.0008028	0	0	0.0002435	0.0001764	4.108e-05	0.0002038	0	0	0.0003522	0.0001663	0.0001023	0.003398	0	4.775e-05	0.0001968	0.0001669	0	0	0.0001971	0.0002805	7.908e-05	0	4.076e-05	0.0001721	0.0002965
Serinicoccus	0	0	8.853e-05	0	0	0	0	0	0.0001044	0.00347	6.847e-05	0	0	0	0.0001132	0.002146	9.772e-05	0	0	0	0	0.0007422	0	0	0.000257	0.001665	5.293e-05	0	0	0	0	0.001524
Tandoganvirus	0.001314	0	0	0	0.0003424	0	0.0006741	0	0	0.000113	0.0002159	0.0009801	0.0006759	0	0	0.0001826	0.0008005	0.002772	0.0004034	0	0	0.0001349	0.0006803	0	0	0.0002112	0.0007569	0.0007577	0	0	0.0003764	0.0002143
Janibacter	0	0	0	0	0	0	4.742e-05	0	0.0002004	0.003145	0.0001685	0	0	0	0.0002154	0.00199	5.406e-05	0	0.0001008	0	8.815e-05	0.0007787	0	0	0.000322	0.001552	0	0	0	0.000107	0	0.001574
Gottfriedia	0	4.129e-05	0	0.002422	9.095e-05	0	0.0001118	0.0001827	0.0002818	0.0005855	0.0003423	3.815e-05	8.732e-05	2.993e-05	0.0001713	0.0006164	0.0003555	5.417e-05	5.261e-05	3.702e-05	5.142e-05	0.0002446	4.877e-05	8.534e-05	0.0003065	0.000454	0.0002594	4.082e-05	3.696e-05	7.643e-05	0.0002931	0.0004052
Nosocomiicoccus	0	0.000235	5.468e-05	0.0001037	3.745e-05	0	0.0001355	0.0007412	0.001063	0.0007856	0.0001922	4.108e-05	0.0001973	0.0005936	0.0006546	0.0004175	0.0003098	0	0.000171	0.000439	0.0002645	0.0002361	0.0006546	0.0004765	0.000291	0.0004963	0.0002514	0.0005434	0.000425	0.0002879	0.0002474	0.0003641
Aromatoleum	0	0	0	0.002928	0	0	0.0001118	0	0	0.0006928	0.0001606	0	0	0	0	0.0007534	0.0001539	8.126e-05	0.0005437	0	0	0.0002867	0	0	0	0.0004752	0.0001376	0	0	0	0.0001344	0.0005021
Fictibacillus	5.008e-05	0	0	0.0005834	0.0005269	3.043e-05	9.484e-05	0.0002564	0.0006034	0.0007334	0.0008085	0.0002025	8.085e-05	0	0.0006353	0.00076	0.0009544	0.0002588	5.48e-05	7.14e-05	0.000169	0.0002896	7.958e-05	0	0.0005139	0.0004259	0.0004711	7.398e-05	3.432e-05	0.0002395	0.000527	0.0004874
Rhodococcoides	0	0	0	0.0009102	0	0	6.436e-05	0	0.0001357	0.002444	0.0002581	0	0	0	0.0001878	0.001497	0.0001684	0	0	0	0	0.0006382	0	0	0.0003808	0.0009292	0.0002461	0	0	0	0.000207	0.001107
Rhodoferax	0	0	0	0	5.35e-05	0.00018	0.001565	0	0	0.0008435	6.584e-05	0.0001056	0.0004075	0	0	0.0005153	0.0002474	6.32e-05	0.005355	0	0.0001065	0.0004048	9.498e-05	0	4.025e-05	0.0004752	0.0001667	9.694e-05	0	3.821e-05	4.571e-05	0.0003876
Anabaena	0	8.576e-05	0	0.002972	0	0	0	0.0002529	0	0.0003565	0.0002765	0	0	0	0	0.0007045	0.0002703	4.514e-05	0	0	0	0.0002446	0	0	0	0.0004576	0.0002355	0	0	0	0.0002205	0.0003934
Saccharospirillum	0	0	0	0.002894	0	7.861e-05	0.000105	0	0	0.0006116	0.0002449	0	4.851e-05	0	0	0.0006425	0.0002849	4.213e-05	0.0001973	0	0	0.0002952	0	0	0	0.0005139	0.0001826	0	0	0	0.0001936	0.0004756
Buttiauxella	0	0	0	0	0.0006125	0.0002029	7.452e-05	0	0	0	0.001893	0.002397	0	8.98e-05	0	7.828e-05	0.0007132	0.003046	0	0.0001613	0	9.277e-05	0	0.0001529	0	0	0.0003626	0	0.0001742	0	0.0002205	0
Halospeciosus	0	0	0	0	0	6.34e-05	0.0108	0	0	0	0	0	0	0	0	0	0	0	0	0	0	0	0	0	0	0	0	0	0	0	0	0
Solibacillus	3.816e-05	0	8.072e-05	0.0009905	5.884e-05	0.0002257	0	0.0001616	0.0009061	0.001032	0.0003792	6.749e-05	0	3.741e-05	0.0009446	0.0006491	0.0004013	3.913e-05	0	7.934e-05	0.0001653	0.0002108	0	0	0.0006749	0.0004576	0.0002249	0	3.96e-05	0.0002242	0.0002366	0.0004815
Actinomycetospora	0	0	0	0.0001219	0	0	0	0	0	0.003255	8.954e-05	0.0001673	0	0	0	0.001644	8.941e-05	0	0	0	0	0.0007281	0	0	0.0001858	0.001478	5.558e-05	0	0	0	0	0.001591
Amphibacillus	0	0	0	6.742e-05	0.0002167	0	0	0	0.001025	0.001278	0.0003687	3.228e-05	0	0	0.001458	0.001099	0.0003826	6.621e-05	0	0	0.0005362	0.000506	0	0	0.0008792	0.0007286	0.0001297	0	0	0.0005732	8.335e-05	0.0006313
Sporomusa	0	4.447e-05	0	0.002697	2.675e-05	0	0	9.836e-05	8.56e-05	0.0003304	0.000374	0	0	0	0.0001132	0.0006425	0.000472	5.417e-05	0	2.645e-05	0	0.000253	0	4.623e-05	0	0.0003661	0.0002911	0	0	0	0.0003226	0.0003964
Spirosoma	0	0.003233	0.0001406	2.852e-05	8.292e-05	0.0002181	0	0.000418	4.593e-05	0.0003768	7.11e-05	0	0	5.238e-05	5.248e-05	0.0002446	9.98e-05	0	5.48e-05	0.0001798	0	7.59e-05	0	0.0001991	0	9.151e-05	3.176e-05	0	8.183e-05	0	5.109e-05	0.0001644
Terribacillus	0	0	0	0.0001893	0.0001257	0	0	0.0003407	0.001428	0.001217	0.0003924	0	0	0	0.001293	0.0005969	0.0004512	0	0	0.000119	0.0004518	0.000253	0	8.534e-05	0.001167	0.0003907	0.0001905	0	3.696e-05	0.0004866	0.0002043	0.0003553
Pelosinus	0	0.0001493	9.374e-05	0.002165	3.745e-05	0	0	0.0004075	9.395e-05	0.000342	0.0003186	0	0	3.492e-05	9.944e-05	0.0005414	0.000316	0	0	0.0001243	4.407e-05	0.0002305	0	0.0001813	4.025e-05	0.0004576	0.0002223	0	0.0001557	4.586e-05	0.0002796	0.000458
Oenococcus	0	0	0.0007265	0	3.745e-05	0.0005148	0	0	0.001271	0	0.0005293	0.0004431	0	0	0.001403	0	0.0002786	0.0006862	0	0	0.001293	0	0	0	0.0008576	0	6.616e-05	0	0	0.001095	8.066e-05	0
Mesotoga	0	0	0	0.002736	0	0	0	0	0	0.0003362	0.0002317	7.336e-05	0	0	0	0.0006132	0.0003015	3.913e-05	0	0	0	0.0002839	0	0	0	0.0006617	0.0002249	0	0	0	0.0002554	0.000599
Dickeya	0	0.0001493	0	0	0	0.001205	0	0	0	0.0002	0.001643	0.0004959	0	0	5.248e-05	0.0002251	0.001401	0.0008457	0.00208	0	0	0.0002165	0.0001207	0	0	0.0001478	0.0008178	9.694e-05	0	0	0.000484	0.0001028
Tumebacillus	9.539e-05	0	0	0.002507	0	0.000246	0	0	0	0.0003797	0.0003818	0	0	0	0	0.0006425	0.0004034	3.01e-05	0	0	4.775e-05	0.0002614	0	0	4.953e-05	0.0005033	0.0002699	0	0	2.802e-05	0.0003065	0.0005608
Ornithinimicrobium	0	0	0	0	0.000115	0.0001547	8.13e-05	0	7.724e-05	0.003049	0	0	5.821e-05	0	0.0001215	0.001546	8.109e-05	0	0.0002017	0	7.346e-05	0.0008012	0	0	0.0001641	0.001299	0	0	0	0.0001045	0	0.001348
Microlunatus	0	0	0	3.889e-05	0	3.804e-05	5.42e-05	0	2.714e-05	0.003299	3.687e-05	3.815e-05	0	0	5.248e-05	0.00166	8.525e-05	0	2.411e-05	0	5.142e-05	0.0008602	0	0	7.121e-05	0.001408	5.028e-05	0	0	0	0	0.001339
Hafnia	0	0.0002541	0	3.371e-05	6.152e-05	7.861e-05	0	4.215e-05	0.0001148	4.058e-05	0.001433	0.002004	0	0	7.458e-05	0	0.0008546	0.003022	4.823e-05	0	0	0	0	0	0	0	0.0007834	0	0	0	0.0005109	0
Schiekvirus	0	0	0	0	0	0	0	0	2.714e-05	0.0009275	4.74e-05	0	0	0	0	0.002645	5.822e-05	0	0	0	0	0.0008181	0	0	0	0.002425	5.293e-05	0	0	0	5.378e-05	0.002032
Bosea	0	0	0.0007916	0	0	0.0003373	0.0008333	0	0.0005073	0.0003739	0	0.0003345	0.000152	0	0.0008563	0.000199	0.0001726	0	0.002438	0	0.0008962	0.0002221	0.0002798	0	5.573e-05	0	0.0001323	0.000148	0	0.000265	0	0
Glutamicibacter	0	0.0002732	0	0.0006457	3.477e-05	0.0003702	0.0001457	0	0.0001649	0.001635	0.0001001	6.749e-05	0	0	0.0001961	0.001047	0.000104	7.825e-05	0.0008023	0	0	0.0004301	0	0	0.0004613	0.0008236	0.000127	0	0	0	7.26e-05	0.000687
Raineyella	0	0	0	0	0	0	0.0001728	0	7.933e-05	0.002902	6.32e-05	0	4.204e-05	0	0.0001077	0.001572	0	0	0.0007541	0	6.611e-05	0.0006157	4.107e-05	0	0.0001579	0.001158	0	0	0	0	0	0.001345
[Clostridium]	0	3.176e-05	0	0.002401	0	7.608e-05	0	0.0001616	7.724e-05	0.0003739	0.0003476	3.228e-05	0	7.732e-05	4.143e-05	0.0005479	0.0003431	0	0	7.14e-05	0	0.0002502	0	0	0.000161	0.0004611	0.0001614	0	3.696e-05	3.821e-05	0.0001264	0.0003876
Syntrophus	0	0	0	0.002572	0	0	0	0	0	0.0003131	0.0002502	0	0	0	0	0.0006686	0.0002849	0	0	0	0	0.0003121	0	0	0	0.0005244	0.0002223	0	0	0	0.0003146	0.0005784
Thermaerobacter	0	0	0	0.00257	0	0	0	0	0	0.0004261	0.0003002	0	0	0	0	0.0006327	0.0002994	0	0	0	0	0.0002418	0	0	0	0.0005068	0.0002197	0	0	0	0.0002285	0.0005579
Halotalea	0	0	0	0	0	0.0002713	0.00144	0	2.923e-05	0	0	9.684e-05	0.0003816	0	2.762e-05	0.0002414	0.0003805	0.0002257	0.005581	0	0.0001286	0.0005707	0.0001694	0	0.0001579	0	0.0001482	0.0001429	0	6.369e-05	4.571e-05	0
Andhravirus	0	0	0	0	0	0	0	0	0.001121	0	0	0	0	5.986e-05	0.001975	0	0	0	0	3.967e-05	0.003339	0	0	6.756e-05	0.001115	0	0	0	0.0002376	0.002316	0	0
Pontibacillus	0.0002194	0	0	0.0005005	0.0001364	0	0.0001287	4.567e-05	0.001011	0.001145	0.0002107	0.0001731	0.0001229	0	0.0008508	0.0006067	0.0003036	0.0002107	6.577e-05	0	0.0002681	0.0002052	9.242e-05	0	0.0007585	0.0004083	0.0001059	0.0001097	0	0.0003541	0.0001936	0.0004287
Luteimonas	0	0	4.947e-05	0.0008298	0	6.086e-05	0.0008672	0	0	0.0004899	8.427e-05	0	0.0001358	2.744e-05	0	0.0004338	0.0001975	3.311e-05	0.003808	0	0	0.0003879	7.701e-05	0	0	0.0004048	9.792e-05	5.357e-05	0	0	6.184e-05	0.0003318
Ethanoligenens	0	0	0	0.002811	0	0	0	0	0	0.0003188	0.0003108	0	0	0	0	0.0005186	0.0002828	0	0	0	0	0.0002137	0	0	0	0.0003414	0.0002144	0	0	0	0.0002527	0.0003523
Alkalihalobacillus	0	0	5.989e-05	0.0001374	0.0002942	5.579e-05	0	0	0.0009541	0.001217	0.0005978	0.0001056	0	0	0.0008093	0.000636	0.0006425	3.913e-05	0	0	0.0003122	0.0002052	0	0	0.001096	0.0003977	0.0003149	0	0	0.0002522	0.0004033	0.0004199
Thauera	0	0	0	0	0	0.002736	0.0007418	0	0	0.000887	0	4.402e-05	0.0001326	0	0	0.0005642	0.0001164	0.0002077	0.002611	0	0	0.0003936	9.498e-05	0	0	0.0004083	6.352e-05	3.571e-05	0	0	0	0.0005197
Ruania	0	0	0.0002448	0.001315	0	0	0	3.864e-05	4.384e-05	0.001557	0.0001185	0	0	0	5.801e-05	0.0009426	0.0001185	0	0	0	0	0.0004301	0	0	8.359e-05	0.0008764	6.352e-05	0	0	0	5.915e-05	0.0008192
Methylorubrum	0.0005485	0.0001652	7.551e-05	0	0	5.072e-05	0.00128	0	5.011e-05	0.0003565	0	5.869e-05	0	0	9.115e-05	0.0004207	0.0002641	0.0009239	0.001149	0	0.0001212	0.000343	0	0	0.0001115	0.0002077	0.0008178	0.0001173	0	0.0003949	0.0006453	0.0009807
Xylocopilactobacillus	0	0	2.864e-05	0.002453	0	0	0	0	0.0001649	0.0004087	0.0002949	0	0	0	0.0001409	0.0005284	0.0002849	0	0	0	0	0.0002277	0	0	0.0001238	0.0003344	0.000172	3.061e-05	0	0	0.0002769	0.0004375
Caldanaerobacter	0	0	0	0.002539	0	0	0	0.0001124	0	0.0003565	0.0002159	0	0	0	0	0.0005447	0.0002329	0	0	5.289e-05	0	0.0002727	0	7.467e-05	0	0.0004611	0.0001985	0	0	0	0.0002285	0.0004844
Mycobacteroides	0	0	0	0	0.0001016	0	7.791e-05	0	4.384e-05	0.002731	0	0	0	0	7.182e-05	0.001986	0	0	0	0	0	0.0007422	0	0	0.0001145	0.001292	0	0	0	0	0	0.00123
Pseudooceanicola	0	0	0.0003151	0	0.0001685	0	0.0005759	0	0.0003111	3.478e-05	0.000503	0.0001174	0.0002749	0	0.0003315	0.0001957	0.0004325	0.0004996	0.001539	0	0.0007089	0.0001799	0.0004364	0	0.0002074	0.0002429	0.0005425	0.000426	0	0.0005019	0.0005136	8.221e-05
Roseivivax	0	0	0	0	0	0	0.0003557	0	0.0002965	0.000258	0.0004661	0.0002113	0.0002878	0	0.0003038	0.0006816	0.0005219	0.0005146	0.0002258	0	0.0008301	0.0003936	0.0004159	0	0.0002136	0.000528	0.0006801	0.0003623	0	0.0005426	0.0006614	0.0007047
Agromyces	0	0	0	0	0	0	0.0004573	0	0.0002631	0.002101	0	0	0	0	0.0002707	0.001142	7.277e-05	0	0.001414	0	0	0.0004301	0	0	0.000644	0.0007532	0	5.612e-05	0	0	0	0.001098
Jatrophihabitans	0	0	0	0.0004771	0	0	9.484e-05	0	0	0.002415	0.0001185	0	0	0	0	0.001376	0.0001352	0	0.0002609	0	0	0.000596	0	0	0	0.0009116	5.558e-05	0	0	0	6.453e-05	0.00123
Micrococcus	0	0	0	0	0	0	0	0.0002951	7.098e-05	0.00253	0	0	0	0	0	0.0015	0	0	0.0001118	0.0003464	0.0001102	0.0006353	0	0	0.0001115	0.001172	0	0	0	0	0	0.001274
Alcaligenes	0	0	0	0.002655	0	0.0006517	0	6.675e-05	0	0	0	0.0003111	0	0	0	0.0002903	0	0.0001505	0.0004604	0	0	0.0001574	0	0	0	0	0	0	0	0	0.0003684	0.0003142
Actinocatenispora	0	0	0	0.0001141	0	0	0	0	3.967e-05	0.002815	5.794e-05	0	0	3.492e-05	0	0.001569	9.565e-05	0	0	0	0	0.0006972	0	0	6.192e-05	0.001387	6.087e-05	0	0	0	0	0.001066
Cutibacterium	0.0001335	0.0008195	0	0	0	0.0001116	0.0001219	0.0001159	0.0001294	0.0007044	0.0001527	0.000405	6.468e-05	4.24e-05	0.0001215	0.0005382	0.0004865	0.0003943	5.7e-05	7.934e-05	0.0005693	0.0004779	0.0001155	0	0.0002848	0.0006934	0.0001297	0.0001352	0	0.0002471	0.0001909	0.0004639
Jeotgalibaca	0	0	0.0001328	0	3.477e-05	5.579e-05	0	0.0002073	0.0005929	0.0005246	0.0008401	0.0001555	4.528e-05	0.0002494	0.0006353	0.000424	0.0007049	0	0	0.0002168	0.0004701	0.0002024	0.0001078	0.0001885	0.0005077	0.0002745	0.0004843	0.0001378	0.0002376	0.0004917	0.0004275	0.000367
Gloeomargarita	0	0	0	0.002248	0	0	0	0	0	0.0003507	0.0003055	0	0	0	0	0.0006393	0.0002786	0	0	0	0	0.0002333	0	0	0	0.00044	0.0002673	0	0	0	0.0003065	0.0005285
Mycoplasma	0	6.67e-05	0	0	0	7.1e-05	7.113e-05	9.133e-05	0.0008915	0.0003797	0.000266	0.0003668	0	0	0.0004392	0.0003718	0.0003452	0.000611	7.234e-05	0	0.0005069	0.0001181	0.0001232	0	0.001489	0.0003801	0.0002091	0.0001403	4.752e-05	0.0009605	0.0002043	0.0003699
Pistricoccus	0	0	0	0	0	0	0.001741	0	0	0	0	7.923e-05	0.0004366	0	0	0.0005545	0.0006633	0.0001776	0.00299	0	0.000202	0.001296	0.0002516	0	0	5.632e-05	0.0001773	0.0001862	0	5.35e-05	2.689e-05	3.817e-05
Rosenblumvirus	0	0	0	0	0	0	0	4.567e-05	0.001132	0	0	0	0	0	0.001616	0	0	0	0	0	0.0026	0	0	0	0.001062	0	0	0	0.000359	0.002272	0	0
Sinorhizobium	0	0	5.729e-05	0.0001348	0.0003611	0.0005604	0.0008062	0	0.0001294	0.0007682	0.0001843	0	0.0001843	0	9.115e-05	0.0007143	0.0004637	9.631e-05	0.002074	0	6.244e-05	0.0004779	0	0	4.953e-05	0.0004435	0	0	0	3.057e-05	4.302e-05	0.0003112
Leisingera	0	0	0	0	0	0	0.0006131	0	0.0002129	0.0001304	0.0004635	7.336e-05	0.0003137	0	0.0004088	0.0002674	0.0005947	0.0003371	0.001581	0	0.0008778	0.0002671	0.0003953	0	7.121e-05	0.0001162	0.0006299	0.0004362	0	0.0003974	0.0006238	0.0001028
Actinoallomurus	0	0	0	5.186e-05	0.0001765	0	0	0	0.0001023	0.00227	7.374e-05	0	0	0	8.839e-05	0.001265	8.941e-05	0	0	0	0	0.0006044	0	0	0.0002229	0.001172	6.881e-05	0	0	4.586e-05	0	0.001257
Desulfitobacterium	5.485e-05	0	0	0.001226	0.0001337	0	0	0.0001546	0.0001357	0.0005623	0.0005478	0	3.234e-05	0	9.944e-05	0.0006067	0.0005302	0	0	0	0	0.0004104	0	3.556e-05	0.0001424	0.0004822	0.0002911	0	0	0	0.0003737	0.0005256
Deferribacter	0	0	0	0.001841	0	0	0	0	3.549e-05	0.000458	0.0002475	0	0	0	0	0.0006816	0.0002308	3.311e-05	0	0	0	0.0002783	0	0	9.288e-05	0.0005878	0.0002911	0	0	3.312e-05	0.0002501	0.0004933
Streptomonospora	0	0	0	0	0	6.086e-05	0	0	0.0007912	0.001858	3.423e-05	0	0	0	0.0006574	0.00091	6.654e-05	0	0	4.496e-05	0	0.0003683	0	0	0.001505	0.0006547	0	0	0	0	0	0.0007194
Phytohabitans	0	0	0	0	0	0	0	0	0.0002088	0.002559	8.427e-05	0	0	0	0.0001547	0.001252	0.0001248	0	0	0	0	0.0005566	0	0	0.0003158	0.001052	6.087e-05	0	0	0	0	0.001063
Desulfovibrio	0	0	0	0.001976	0	4.311e-05	0.0001389	0	0	0.0003275	0.0001764	0	3.558e-05	0	0	0.0004566	0.0002412	0	0.0008506	0	0	0.0001715	0	0	0	0.0003766	0.0001376	0	0	0	0.0001102	0.0003142
Azospirillum	0	8.258e-05	0.0002734	0	4.547e-05	0	0.0007723	0	0.0001754	0.0007334	0	0	0.0001585	0	9.391e-05	0.0004892	0.0001206	6.621e-05	0.002865	0	0	0.0004582	6.674e-05	0	0.0004582	0.0003238	0	0	0	0	0	0.0003406
Aciduricibacillus	0	0	0	0.0008401	0.0001658	0	0	0	0.0009228	0.0007565	0.0001738	0	0	0	0.0008866	0.0005675	0.0002017	0	0	0	0.0002387	0.0002249	0	0	0.0002786	0.0003942	0.0001138	0	0	0.0002904	0.0001775	0.0004844
Herbinix	0	0	5.208e-05	0	5.35e-05	0	0.0004031	0	0.000119	0.0003855	3.16e-05	0.0001027	0.0006565	0	0.0001906	0.0006556	4.366e-05	0.0001023	0.0005261	0	0.0001543	0.0005538	0.001045	0	4.953e-05	0.0008764	0	0.001117	0	0.0001885	3.495e-05	0.000872
Entomobacter	0	0	0	0.002552	0	0	0	0	0	0.000229	0.000208	0	0	0	0	0.000362	0.0002183	0	0	0	0	0.0001406	0	0	0	0.000183	0.0001244	0	0	0	0.0001183	0.0003288
Castellaniella	0	0	0.000289	0	4.28e-05	0	0.001311	0	0	0	0	0	0.000304	0	0	4.24e-05	0.0001081	5.718e-05	0.005318	0	0	0.0001799	0.0001181	0	0	0	8.998e-05	4.082e-05	0	0	0	0
Shinella	4.769e-05	0	0	0.0008868	0	6.847e-05	0.0004133	0	0.0002234	0.0003275	0.0001106	0	0.0001585	0	0.0003701	0.0004892	0.0002537	7.223e-05	0.001453	0	0.0001359	0.0005004	0.000136	0	6.811e-05	0.0003379	0.0001191	0.0001097	0	0	0.0001694	0.0003699
Cereibacter	0	0	0	0	0	3.043e-05	8.807e-05	0	0.000689	0.0003739	0.000287	0.0001438	0.0001358	0	0.001583	0.000362	0.0009377	0.0002709	0.000399	0	0.0003416	0.000194	0.000136	0	0.0002817	0.0003238	0.0003229	0.0001531	0	0.0002624	0.0002662	0.0002936
Verrucosispora	0	0	0	0	0	0	0	0	5.637e-05	0.002388	0.0002791	0	0	0	5.524e-05	0.001367	9.356e-05	0	0	0	0	0.00061	0	0	0.0001796	0.0009292	0	0	0	0	0	0.001119
Tessaracoccus	0	0	0	0	0	4.818e-05	6.775e-05	0	0.0004301	0.001815	0	0	0	0	0.0004723	0.0009589	0	0	0	0	0.0002828	0.0004161	0	0	0.0006904	0.0009046	0	0	0	0.0002751	0	0.0009014
Desulfosudis	0	0	0	0.002144	0	0	0	0	0	0.0002638	0.0002133	0	0	0	0	0.0004925	0.0002287	0	0	0	0	0.0001855	0	0	0	0.0003907	0.0002038	0	0	0	0.0002124	0.0004169
Prescottella	0	0	6.51e-05	0	0	0	0.0001084	0.00013	9.812e-05	0.00211	0	0	0	0	0.0001105	0.001168	8.317e-05	3.913e-05	0	5.818e-05	0	0.0007169	0	0	0.0002786	0.001003	0	0	0	0	0	0.0009278
Hymenobacter	2.862e-05	0.0001556	0	0.001167	0.0001177	0.0003702	0.000376	9.485e-05	4.384e-05	0.0002928	0.0002001	0	5.821e-05	0	5.248e-05	0.0003294	0.0002121	0	0.001261	4.76e-05	0	0.0002221	0	0	8.049e-05	0.0002253	0.0001164	0.0001556	0	0	0.0001022	0.0002114
Spirillospora	0	0	0	0.0001011	0	0	0	0	9.186e-05	0.002067	0	0	0	0	8.01e-05	0.001461	6.654e-05	0	0	0	0	0.0005594	0	0	0.0002848	0.001003	7.675e-05	0	0	0	0	0.001036
Pseudodesulfovibrio	0	0.0001493	0	0.001574	0	0	0.0002981	0	5.428e-05	0.0002145	0.0001949	0	8.732e-05	0	4.419e-05	0.0003653	0.0001705	0	0.001015	0	0	0.0001884	0	0	0	0.0003872	0.0001138	0	0	2.802e-05	0.000121	0.00032
Zhaonella	0	0	0	0.001991	0	0	0	0	0	0.0004319	0.0002396	0	0	0	0	0.0005121	0.0001955	0	0	0	0	0.0002502	0	0	0	0.000454	0.000135	0	0	0	0.0001963	0.0004022
Ruegeria	0	0	0	0	0.0001872	0	0.0002879	0	0.000286	0.0003304	0.0004635	0.0001262	6.145e-05	0	0.0003784	0.0002479	0.000551	0.0004153	0.0003222	0	0.0008154	8.996e-05	0.0004184	0	8.359e-05	0.0002534	0.000606	0.0003342	0	0.0004993	0.0008013	0.0003024
Paraclostridium	0	0.0003653	4.947e-05	0.0001322	0	0	0	0.0007834	0.0002004	0.0004986	0.0001001	3.521e-05	0	0.0002868	0.000116	0.0006556	0.0001476	4.213e-05	0	0.000357	0	0.0003205	0	0.0004231	0.0003498	0.0004576	5.028e-05	0	0.0004408	8.917e-05	4.84e-05	0.0004404
Phaeobacter	0	0	0	0	0	9.382e-05	0.0004607	0	0.0003382	0.0001884	0.0004767	0.0001819	0.0002878	0	0.0003038	0.0001794	0.0003514	0.000325	0.0004012	0	0.0009146	0.0001743	0.0004929	0	0.0001579	0.0002569	0.0005108	0.0004337	0	0.000535	0.0005915	0.0002378
Paenarthrobacter	0	0	0	0	0	0	0.0001965	0	0.0002526	0.001962	0	0	0	0	0.0001409	0.00105	0.0001497	0	0.000616	0	0	0.0004301	0	0	0.0005015	0.000792	0.0001059	0	0	0	0	0.0007663
Caloranaerobacter	0	6.67e-05	0	0.001398	0	0	0	0.0001159	2.297e-05	0.0004696	0.0002844	0	0	0	4.419e-05	0.0007763	0.0002661	0	0	8.991e-05	0	0.0002896	0	8.534e-05	0	0.0005948	0.0001429	0	5.016e-05	2.548e-05	0.0001506	0.0004081
Akkermansia	0	0	0	0.002336	0	0	0	0	0	0.000287	0.0001659	0	0	0	0	0.0003392	0.000183	0	0	0	0	0.0001631	0	0	0	0.000264	0.0001429	0	0	0	0.0001076	0.0002554
Frankia	0	0	0	0	0	0.0002358	6.097e-05	0	0.0001587	0.002038	6.32e-05	0	0	0	0.0002293	0.001158	0	0	0.0003529	0	0	0.0004498	0	0	0.0003189	0.000968	0	0	0	0	0	0.0008456
Trichococcus	0	0	2.604e-05	0.0005368	0.0001872	0	0	0	0.0003048	6.377e-05	0.002225	6.162e-05	0	4.989e-05	0.0005414	0.0001435	0.0007568	4.213e-05	0	0	0.0004297	8.153e-05	0	0	7.121e-05	0.0001197	0.0005478	0	0	0.0002751	0.0001586	9.689e-05
Arsenicicoccus	0	0	0.0001484	0	0	0	0	0	0.0002547	0.0009914	0	0	0	0	0.0006077	0.0005642	3.951e-05	0	0	0	0.0009881	0.000208	0	0	0.0002601	0.0004259	0	0	0	0.002158	0	0.0004404
Pseudalkalibacillus	0.0002003	7.941e-05	0	0.0004512	7.489e-05	0	5.42e-05	0.0002108	0.0007161	0.0007131	0.000187	4.108e-05	4.204e-05	0	0.0006325	0.0005251	0.0001955	0	2.631e-05	3.438e-05	0.0002571	0.0001715	3.337e-05	3.556e-05	0.000418	0.0003309	0.0001747	6.633e-05	2.64e-05	0.0002446	0.0001183	0.0003318
Edwardsiella	0	0	0	0.0002048	0	0.0002865	0.0001389	0	0	4.058e-05	0.0009165	5.282e-05	3.558e-05	0	0	0.0001076	0.001013	9.932e-05	2.631e-05	0	0	0.0002361	0	0	4.644e-05	0	0.001757	0	0	0	0.002474	0
Lederbergia	0	0	0	0.00021	0.0003745	0	0	0	0.0006013	0.000684	0.0007347	3.521e-05	0	0	0.0004613	0.0003522	0.0008151	0	0	0	0.0001469	0.0002165	0	4.267e-05	0.0003808	0.0003379	0.0004261	0	0	0.0001452	0.0004894	0.00032
Plantactinospora	0	0	0	0	0	0	3.726e-05	0	9.186e-05	0.002006	0	0	0	0	0.000116	0.001393	6.03e-05	0	0.000274	0	0	0.0004498	0	0	0.0001889	0.0009433	0	0	0	0	0	0.0009483
Ensifer	0	0	0.002015	0	0	5.325e-05	0	0	2.923e-05	0	0	0	0	0	0	0	3.743e-05	4.213e-05	7.015e-05	0	0	6.466e-05	0.0005622	0	0.0001641	0.000176	0.0005558	0	0	9.681e-05	9.948e-05	0
Evansella	0	0	0	0.000669	0.0001418	0	0	8.079e-05	0.0005303	0.000716	0.0002528	0	0	0	0.0007292	0.000349	0.0003056	0	0	0	0.0002167	0.0001462	0	0	0.0006316	0.0002499	0.000172	0	0	0.0002497	0.0002259	0.0002965
Halalkalibacter	0.0002361	3.494e-05	0	8.816e-05	0.0002086	3.297e-05	0.000149	0.0001089	0.0004656	0.001232	0.000129	7.923e-05	9.379e-05	0	0.0003397	0.0006067	0.0002183	5.417e-05	4.604e-05	5.025e-05	0.0001102	0.0002896	9.242e-05	4.267e-05	0.0003158	0.0005033	7.145e-05	7.908e-05	5.016e-05	0.0001172	0.0001049	0.0005784
Nitrospina	0	0	0	0.002142	0	0	0	0	0	0.0002812	0.0001922	0	0	0	0	0.0003718	0.0001622	0	0	0	0	0.0001687	0	0	0	0.0002605	0.0001006	0	0	0	0.0001156	0.0002055
Epilithonimonas	0	9.212e-05	0.000638	0	0	0.000251	0	0	0.001004	0.0001072	0.000237	0.0001056	0	0	0.001845	0	9.772e-05	4.514e-05	0	0	0.0005326	0	0	0	0.0002291	0	0.0002223	0	0	0.0004815	0	0
Pseudoxanthomonas	0	9.212e-05	0.0007265	0	0	0.0004159	0.0005081	0	2.505e-05	0.0003101	0	5.576e-05	5.821e-05	0	0	0.0002414	6.238e-05	0.0001204	0.002379	0	0	0.0001827	8.215e-05	0	7.121e-05	0.0002077	0.0001297	0	0	0	6.722e-05	0
Halalkalibacterium	0.0003196	0	0	7.001e-05	0.00065	0	0.0001355	0	0.0005449	0.0004899	0.0004688	6.749e-05	0.0002232	0	0.0004723	0.0003881	0.0006196	4.213e-05	6.796e-05	0	0.0002424	0.0001546	0.0001181	0	0.0003158	0.0002006	0.0002541	8.674e-05	0	0.0001707	0.0003818	0.0002613
Natrinema	0	0	0	0	0	0.0001851	0.005955	0	2.714e-05	0.0002435	0	0	0	0	3.591e-05	0.00015	0	0	0	0	0	6.466e-05	0	0	5.263e-05	0.0001337	0	0	0	0	0	0.0001057
Couchioplanes	0	0	0	0.0004175	0	0	0	0	0	0.001896	0.0001633	0	0	0	0	0.0009785	0.0001081	0	0	0	0	0.0004357	0	0	6.192e-05	0.0009046	0	0	0	0	0	0.0007693
Pseudarthrobacter	0	0	0	0	0	0.0001293	0.0001253	0	7.307e-05	0.002258	0	0	0	0	4.696e-05	0.0008643	0	0	0.0003507	0	0	0.0002699	0	0	0.0002136	0.0009257	0	0	0	0	0	0.0009425
Methylococcus	0	0	0	0.001709	0	0	0.0001016	0	0	0.0003507	0.0001053	0	0	0	0	0.0004403	0.0002558	0	0.0003069	0	0	0.0003121	0	0	0	0.0002499	0.0001297	0	0	0	0.0001559	0.0002437
Anaerotignum	0	0	2.864e-05	0.001657	0	0.000284	0	0.0001089	2.505e-05	0.0002058	0.0001659	0	0	0	3.038e-05	0.0005088	0.0001559	0	0	0	0	0.0001771	0	0	0	0.0003344	0.0001456	0	0	0	0.0001318	0.0003582
Tomitella	0	0	0	5.964e-05	0	0.0001166	0	0	0	0.002252	0	0	0	0	0	0.001122	0	0	5.48e-05	0	0	0.0005369	0	0	0	0.0009433	5.558e-05	4.082e-05	0	0	0	0.0008397
Cohnella	0	0	0	0.001483	2.942e-05	0	0	0.0001932	3.34e-05	0.0004174	0.0002238	0	9.056e-05	0	3.315e-05	0.0005121	0.0002828	0	0	0	0	0.0001406	0	0	0	0.0003766	0.0001508	0	0	0	0.0001559	0.0003435
Phycicoccus	0	0	0	9.076e-05	0	0	5.081e-05	0	3.967e-05	0.002081	0	0	0	0	3.591e-05	0.001122	5.406e-05	0	0	0	0	0.0005285	0	0	4.025e-05	0.0009503	0	0	0	7.898e-05	0	0.0008603
Cryobacterium	0	0	0	0	0	0	0	0	6.263e-05	0.002177	0	0	0	0	4.419e-05	0.001129	3.535e-05	0	0	0	0	0.000506	0	0	9.907e-05	0.001095	0	0	0	0	0	0.0008632
Segatella	0	0	0	0.001745	0	0	0	0	0	0.0002783	0.0001922	0	0	0	0	0.0004631	0.000183	0	0	0	0	0.0001574	0	0	0	0.0004153	0.0001773	0	0	0	0.0001775	0.0003553
Streptacidiphilus	0	0	0	0	0	0	0	0	0.000238	0.001649	0	0	0	0	0.0002016	0.001161	9.149e-05	0	0	0	0	0.0004161	0	0	0.0005077	0.0009187	0	0	0	0	0	0.0008485
Niveibacterium	7.154e-05	5.717e-05	0.0007499	0.0005341	0	0	0.0002744	0.0001054	5.637e-05	0.0002754	0.0001501	0.0004901	4.204e-05	0	3.315e-05	0.0002511	8.109e-05	0	0.0004297	2.909e-05	9.55e-05	0.000104	0.0001078	5.334e-05	0	0.0001725	4.234e-05	6.378e-05	4.488e-05	0	0.0001022	0.000138
Propioniciclava	0	0	0	0.0002749	0	0	0	0	0.0001754	0.001501	5.267e-05	0	0	0	0.0002596	0.0008513	3.743e-05	0	0	0	0.000224	0.0003514	0	0	0.0003498	0.0006793	0	0	0	0.0003083	4.033e-05	0.0006929
Tenacibaculum	0	0.0001779	7.551e-05	0	0	0	0	0.001085	0.0002923	0.0001536	0	0.0004754	0	0.0002893	0.0001464	7.828e-05	5.198e-05	0.001062	0	0.0002592	9.916e-05	0	0	0.0002951	0.0004241	0.0001513	0	0	0.0002561	0.0001274	0	0
Haloarcula	0	0.0002287	0	0	0	0	0.004417	0	0.0001002	0.000342	0	0	0	0	8.01e-05	0.0001794	0	0	0.0003705	0	0	8.434e-05	0	0	7.74e-05	0.0001267	0	0	0	0	0	9.689e-05
Paludibacter	0	0	0	0.001719	0	0	0	5.269e-05	0	0.0002116	0.0001685	2.935e-05	0	0	0	0.0003522	0.0002641	5.417e-05	0	0	0	0.0001602	0	0	0	0.0002921	0.0001456	0	0	0	0.000164	0.000323
Spiroplasma	0	6.988e-05	0.0002786	0	0	0	0	0.000404	0.0004322	0.0002087	0	0.0003228	0	0.0003367	0.0003121	0.000137	0	0.0006741	0	0.0006267	0	0	0	0.0005867	0.000452	5.28e-05	0	0	0.0006969	6.879e-05	0	0
Actinacidiphila	0	0	0	0	0	0	0	0	0.000357	0.001484	6.847e-05	0	0	0	0.0003757	0.000848	6.654e-05	6.32e-05	4.823e-05	0	0	0.0002614	0	0	0.0006594	0.0008236	0	0	0	0	0	0.0007898
Pseudanabaena	0	0	0	0.00181	0	0	0	0	3.34e-05	0.000258	0.0001712	0	0	0	0	0.0003131	0.0002121	0	0	0	0	0.0001265	0	0	6.192e-05	0.0002534	7.675e-05	0	0	0	0.0001425	0.0002731
Halobaculum	0	0	0	0	0	0.000104	0.005714	0	0	0.0002377	0	0	0	0	0	0.0001598	0	0	4.165e-05	0	0	0	0	0	0	0	0	0	0	0	0	5.579e-05
Microcella	0	0	0	0	0	0	0	0	0	0.002075	0	0	0	0	0	0.001288	0	0	0	0	0	0.0004892	0	0	0	0.0008905	0	0	0	0	0	0.0008397
Novosphingobium	0	0	5.468e-05	0	0	0.0002079	0.0006978	0	0	0.000687	0.000108	0.0001438	0.0001585	0	0	0.0004077	0.0001975	0	0.002205	0	0.0001175	0.0003823	0	0	0	0.0002816	0.0001403	0.0001658	0	0	0	0.0002378
Gallaecimonas	0	0	0	0	0	0.0003576	0.0009451	0	0	0.0002986	2.633e-05	0	0.0001455	0	0	0.0002968	0.0002142	6.32e-05	0.00322	0	4.775e-05	0.0004133	6.418e-05	0	0	0.0001091	5.028e-05	6.633e-05	0	0	0	0.0001028
Thalassotalea	0	0	2.604e-05	0.001289	0	0	0	6.323e-05	9.395e-05	0.0002377	0.0001712	0.0001203	0	0	3.038e-05	0.000287	0.0001809	0.0002227	0	0	6.244e-05	0.0001659	0	0	0.000418	0.0002781	0.0001244	0	0	0.0001172	0.0001291	0.0003112
Christensenella	0	0	0	0.001566	0	0	0	0.0001335	0	0.0002464	0.0001606	0	0	0	0	0.0004207	0.0001934	0	0	3.702e-05	0	0.0001771	0	0	0	0.0002957	0.0001217	0	0	0	0.0001667	0.0003142
Caloramator	0	0.0002509	5.208e-05	0.0005264	0	0	4.404e-05	0.0006604	0.0001274	0.0001971	0.0001527	3.521e-05	0	0.0001197	0.0001906	0.0003001	0.0001934	5.116e-05	0	0.0002962	0	0.000194	0	0.0002489	0	0.0002112	0.0001164	0	0.0002772	0	0.0001264	0.0002848
Mycolicibacillus	0	0	0	0	0	0	0	0	0	0.001957	0	0	0	0	0	0.001135	9.98e-05	0	0	0	0	0.0004835	0	0	4.025e-05	0.0008166	5.293e-05	0	0	0	0	0.0008427
Buchnera	0	0.000108	0.0003099	2.852e-05	9.095e-05	3.297e-05	0.0001253	0.0002459	0.0004635	0.0002841	0.0002238	0.0002142	5.175e-05	0.0001097	0.0003232	0.0002283	0.0001684	0.0004815	2.411e-05	0.0001111	9.183e-05	9.277e-05	7.701e-05	0.0001316	0.0003251	0.0001619	9.792e-05	3.316e-05	9.239e-05	0.0001656	9.679e-05	0.0001615
Bifidobacterium	0	0.0001334	7.812e-05	0.0001089	0.0001471	0	8.468e-05	3.864e-05	0.0001315	0.001374	0	0	0	0	7.182e-05	0.0007012	6.654e-05	0	0.0003222	0	0	0.0003092	0	0	0.0001889	0.0004928	0	0	0	0	0.0001129	0.0006459
Pullulanibacillus	0.0002575	0.0005972	0	0.0001685	3.745e-05	9.637e-05	5.081e-05	0.0002635	0.000595	0.000342	6.847e-05	3.815e-05	0.0001455	3.243e-05	0.0003839	0.0001598	5.406e-05	4.213e-05	0	7.405e-05	6.979e-05	5.06e-05	4.107e-05	0.0001173	0.0006161	0.0001091	3.97e-05	3.061e-05	4.752e-05	0.000135	4.302e-05	0.0001086
Neisseria	0	8.258e-05	0	0	0	0.001225	0.0003591	6.675e-05	0	0	0	7.923e-05	5.821e-05	0	0	0.0002185	0.0001913	0.0001174	0.0005765	0	0	0.0003289	0	0	0	0	0.0006775	0.0009541	0.0002402	0.0004586	0.000285	0.0002026
Sinomonas	0	0	0.0001719	0	0	5.325e-05	4.065e-05	0	0.0001127	0.001507	0	0	0	0	0.0001215	0.0007567	4.366e-05	0	0	0	0	0.000447	0	0	0.0002508	0.0007673	0	0	0	0	0	0.0007751
Corallococcus	0	0	0.0001562	0.001789	0	0	0	0	0	0.000371	0.0002186	0	0	0	0	0	0	0	0.0001096	0	0	0	0	0	0	0.0003837	0	0	0	0	0	0
Aquaspirillum	0	0	0	0.001665	0	9.89e-05	0	0	0	0.0002087	8.164e-05	0	0	0	0	0.0003066	0.0001455	0	0	0	0	9.558e-05	0	0	0	0.0002499	7.145e-05	0	0	0	0.0001425	0.0003259
Streptantibioticus	0	0	0	0	0	0.0006466	0	0	0	0.001652	0	0	0	0	0	0.0009524	7.693e-05	0	0	0	0	0.0004189	0	0	0	0.0007814	0	0	0	0	0	0.0006166
Dermacoccus	0	0	0	0	0	0	0	0	0.0002484	0.001499	4.477e-05	0	0	0	0.0002293	0.0008709	0	0	2.411e-05	0	0.0001102	0.0002727	0	0	6.192e-05	0.0007814	0	0	0	0.0002828	0	0.00069
Fusobacterium	0	8.258e-05	4.947e-05	0	0	0	9.484e-05	0.0004918	0.0003633	0.0003913	0.0002712	0.0002113	0	0	0.0003259	0.0004403	0.0002849	0.0004665	0	0.0001269	0	0.000104	0	0.0001991	0.000291	0.0002886	0	0	0.000132	0.0001019	0	0.0002642
Aquincola	0	0	0.001117	0	0	0.0003778	0.0001558	7.026e-05	3.549e-05	0.0003217	7.637e-05	0.0003345	0	0	0	0.0002609	5.198e-05	5.417e-05	0.000125	2.909e-05	0	9.558e-05	5.647e-05	3.556e-05	5.882e-05	0.0001584	3.705e-05	0	0	0	5.378e-05	0.0001439
Salisediminibacterium	0	0	0	0.0008972	0	0	0	0.000144	0.000215	0.0004957	0.000158	0	0	0	0.0001934	0.0003979	0.0002412	0	0	0	5.877e-05	0.0001349	0	0	0.0002074	0.0002147	0.0001164	0	0	0.0001248	0.0001613	0.0003435
Citricoccus	0	0	0	0	0	0	0	0	0.0001232	0.001684	6.057e-05	0	0	0	9.391e-05	0.0008513	4.366e-05	0	0	0	0	0.0003149	0	0	0.0002539	0.0007462	0	0	0	0	0	0.0007399
Rubrobacter	0	0	0	3.889e-05	0	0	3.726e-05	0	0	0.001878	6.057e-05	0	0	0	0	0.001021	5.198e-05	0	0	0	0	0.0002896	0	0	0	0.0006617	3.176e-05	0	0	0	2.689e-05	0.0007047
Williamsia	0	0	0	0	0	0	0	0	2.714e-05	0.00171	8.164e-05	0	0	0	0	0.0008643	4.366e-05	0	0.0001907	0	0	0.0004357	0	0	0	0.000711	0	0	0	0	0	0.0008074
Paenisporosarcina	0	0	0	0.0003423	6.152e-05	0	4.065e-05	7.026e-05	0.0005971	0.0007014	0.0001475	0	0	2.744e-05	0.0004254	0.000411	0.0001705	3.01e-05	0	0	0.0001322	0.0001462	0	0	0.0004737	0.0002288	7.41e-05	0	0	0.0001681	0.0001156	0.0003112
Rhodobacter	0	0.0001271	0	0	0	0	0.0004742	0	0.000167	0	0.0003292	0.0001409	0.0003137	0	9.115e-05	5.545e-05	0.0002599	0.0002558	0.001006	0	0.0005252	0.0001153	0.0002824	0	4.644e-05	0	0.0003414	0.0003444	0	0.0002344	0.0002796	0.0001262
Methylophaga	0	6.353e-05	0	0.0003812	0	0	0.0005183	0	0	4.348e-05	5.794e-05	0	9.379e-05	0	0	0.0001305	8.109e-05	0	0.003056	0	0	7.872e-05	6.161e-05	0	0	8.447e-05	0.0001112	4.082e-05	0	0	3.495e-05	4.404e-05
Sideroxyarcus	0	0	0	0.001644	0	0	0	0	0	0.0001449	0.0001027	0	0	0	0	0.0002968	9.772e-05	0	0	0	0	0.0001209	0	0	0	0.0001936	0.0001297	0	0	0	0.0001076	0.0001468
Carboxydocella	0	0	0	0.001377	0	0	0	0	0	0.0002261	0.0001922	0	0	0	0	0.0004142	0.0001643	0	0	0	0	0.0001602	0	0	0	0.0002605	0.0001376	0	0	0	0.0001022	0.0002613
Rosistilla	0	0	0	0.00133	0	0	4.742e-05	0	0	0.0001768	0.000187	0	0	0	0	0.0003066	0.0002204	0	0.0001556	0	0	0.0001687	0	0	0	0.0002393	0.0001694	0	0	0	0.0001694	0.0002261
Lacinutrix	0	0	0.00119	0	0.0001578	0	0.0001897	0	0.0002297	0	0.0003661	0	6.145e-05	0	0.0003315	0	0.0001414	0	3.507e-05	0	8.08e-05	0	5.134e-05	0	4.025e-05	0	0.0001323	8.929e-05	0	7.388e-05	0.0001963	0
Hahella	0	0	0	0.0003501	0	0	0.0007588	0	0	0	0	0	0.0001197	0	0	0.0001142	8.941e-05	0	0.002933	0	0	0.0002249	9.498e-05	0	0	4.224e-05	9.263e-05	3.061e-05	0	0	2.689e-05	5.872e-05
Dinoroseobacter	0	0	0	0	0	0	0.0003116	0	0.0001566	0	0.0002897	0.0001379	0.0002167	0	0.0001989	8.806e-05	0.0001871	0.0003732	0.000958	0	0.0003783	7.028e-05	0.0003311	0	0.0001331	0.0001443	0.0004102	0.0003163	0	0.0002802	0.0003791	9.396e-05
Bacteroides	0	0.000235	0	0	0	0.000142	0.0001423	0.0008009	9.812e-05	0.0003391	0.0001712	9.097e-05	0	0.0001671	0	0.0003425	0.0001559	0.0002197	0.0003376	8.991e-05	0	0.0002361	0	0.0001351	6.811e-05	0.0002816	0	0	8.183e-05	0	0	0.0003142
Brucella	0	0.0002446	5.208e-05	0	0	0.0001065	0	0	0.0005449	0	0	8.51e-05	0	0	0.0008729	0	0	0.0005417	0.0002543	0	0.001028	0.0001884	0	0	0	0	0	0.0002066	0	0.0008076	0	0
Modestobacter	0	0	0	0	0	0	0	0	5.219e-05	0.0016	0	0	0	0	6.077e-05	0.0008773	0	0	0	0	0	0.0003402	0	0	0.0001672	0.0007215	0	0	0	0	0	0.0007986
Bordetella	0	0	0	0	0	0.0006466	0.0003591	0	6.263e-05	0.0006232	0	0.0001995	4.851e-05	0	0	0.0004436	0.0001185	0.0001746	0.001414	0	0	0.0003036	4.107e-05	0	4.644e-05	0.0001795	0	0	0	0	0	0.0003611
Sediminibacillus	4.292e-05	0	0	8.816e-05	0.0001899	5.072e-05	0	3.513e-05	0.0004029	0.0005189	0.0001764	5.576e-05	3.881e-05	0	0.000279	0.0004892	0.0001622	3.01e-05	3.946e-05	0	0.0001763	0.0002108	4.107e-05	0	0.0004334	0.0003309	0.0001217	4.337e-05	3.168e-05	0.0002802	0.0001371	0.0003729
Empedobacter	0	0	0	0	0	0	0	0	0	0	0	0	0	0.0001322	0	0	0.0001352	0.0005809	3.288e-05	0	0	0.001979	0	0	0	0.0002569	0.0002699	0	0	0.0001299	0.0003522	0.00108
Jannaschia	0	0	0	0	0	0	0.0001728	0	0.000261	8.696e-05	0.0003661	7.63e-05	0.0001714	0	0.00029	0.0001402	0.0002225	0.0002979	0.0003157	0	0.0004885	6.185e-05	0.0002875	0	0.0002229	8.447e-05	0.0004287	0.0002475	0	0.0003719	0.000441	9.396e-05
Pradoshia	0.0001574	0	0	0.000153	0.0002033	0	0.0001287	0	0.0002568	0.0003188	0.0003976	0.0001907	0.0001132	0	0.0003287	0.0002414	0.000445	0.0001354	6.796e-05	0	0.0001322	0.0001012	0.0001001	0	0.0001981	0.0001549	0.0002091	7.908e-05	0	0.0001121	0.0002501	0.0001879
Ruminiclostridium	5.008e-05	8.576e-05	7.551e-05	0	0.000206	0	3.726e-05	0.0003302	7.307e-05	0.0004899	0.0003239	0	0	3.741e-05	0.0001768	0.0005903	0.0004429	0	0	8.198e-05	0	0.0002277	0	8.89e-05	0	0.0003097	0.0001112	0	5.543e-05	3.821e-05	0.0001559	0.0003083
Kineococcus	0	0	0	0	0	0	0	0	4.176e-05	0.00162	0	0	0	0	4.972e-05	0.0008415	0	0	0	0	0	0.0003908	0	0	8.359e-05	0.0006864	0	0	0	0	0	0.0006107
Spongiibacter	0	0	0	0.000949	0	0.000213	0.0002303	0	0	0.0001188	0.0001027	3.521e-05	3.558e-05	0	0	0.0002381	0.0001955	7.524e-05	0.000627	0	0	0.0001153	0	0	0	0.0002077	0.0001138	2.551e-05	0	0	0.0001049	0.0001351
Rouxiella	0	0	0	0	0	0.0002587	0	3.513e-05	0	0	0.0006399	0.001048	0	0	0	0	0.0005198	0.001475	9.207e-05	2.645e-05	0	0	0	6.401e-05	0	0	0.0002355	0	0	0	0.0001613	0
Sphingopyxis	0	0	0	0	4.012e-05	0.0001344	0.00063	0.0001019	9.812e-05	0.0001101	5.53e-05	7.043e-05	0.0001326	0	0	0.0001239	9.565e-05	0	0.002569	0	0	8.434e-05	7.188e-05	0.0001138	0.0001238	0	0.000135	5.612e-05	0	0	0	9.396e-05
Hathewaya	0	0.0002192	0	0	0	0	0	0.001205	0	0.0001246	2.897e-05	0	0	0.0002744	0	0.0001957	0	0	0	0.0006267	0	7.309e-05	0	0.0005049	0	0.0001021	0	0	0.0005359	0	0	0.0001116
Wujia	0	0.0002192	0	0.0004979	0	0	0	0.0008501	0	0.0001072	0	0.0002377	0	9.727e-05	0	0.0001337	4.366e-05	0.0006531	0	0.0001164	0	0	0	0	0	0.0001021	4.764e-05	0	0	0	6.184e-05	7.928e-05
Acetivibrio	0	0	0	0.0008142	0.0002702	0	0	0	3.132e-05	0.000171	0.0002423	0.0003169	0	0	0	0.0001566	0.0003701	0.0001535	0	0	0	0.0001181	0	0	0	0.0002041	0.0001932	0	0	0	0.0002474	0.0001703
Spiractinospora	0	0	0	4.149e-05	0	0	0	0	0.0002171	0.001188	0	0	0	0	0.0002044	0.0005969	2.495e-05	0	0	0	0	0.0003345	0	0	0.0005727	0.0005561	0	0	0	0	0	0.0004639
Marinilactibacillus	0	0.0001461	3.906e-05	0	0	5.832e-05	0	0.0003829	0.0001106	0.0001015	0.0002844	3.228e-05	0	0.0001946	9.667e-05	0.0001011	0.0003888	3.612e-05	0	0.0002433	4.407e-05	5.06e-05	4.621e-05	0.0002347	4.953e-05	5.632e-05	0.0006563	4.592e-05	0.0002719	4.84e-05	0.0005512	8.808e-05
Mameliella	0	0	0	0	0	0	0.000227	0.0001862	0.0002234	5.218e-05	0.0002186	9.097e-05	0.0001779	0	0.0001271	0.0001892	0.0003098	0.0002347	9.864e-05	9.256e-05	0.0004077	0.000208	0.0001951	0	0.0001765	0.0001162	0.0003467	0.0002475	8.975e-05	0.000242	0.0003011	0.0001057
Methylomonas	0	0	0	0.00028	0	0.0003525	0.0005318	6.323e-05	0	0	4.214e-05	9.684e-05	6.468e-05	0	0	0.0001337	0.0001518	0.0001234	0.002146	0	0	0.0001349	4.364e-05	0	0	0	7.145e-05	4.337e-05	0	0	0	0
Winslowiella	0	8.576e-05	0	0	0.0001284	0.0001293	7.452e-05	0	0	0	0.001514	7.043e-05	0	0	0	0	0.00146	0.0001234	0	0	0	7.028e-05	0	0	0	0	0.0006219	0	0	0	0.0003092	0
Herbaspirillum	0	0	0	0	0	0.0001674	0.0006572	0	0	0.0004783	0	0	0.0001132	0	0	0.0003066	0.0001268	5.718e-05	0.001756	0	0	0.0003711	0	0	0	0.0002006	8.469e-05	0	0	0	0	0.0002055
Rummeliibacillus	0	6.353e-05	0	0	3.21e-05	0	0	8.431e-05	0.0002067	0.0002261	0.0001396	0.0002817	0	0	9.944e-05	0.0001826	0.00215	8.126e-05	0	0	8.08e-05	6.466e-05	0	0	0.0002074	0.0001197	0	0	0	9.936e-05	0.0001318	0.0001116
Azoarcus	0	0	0	0.0002593	0	3.804e-05	0.0003828	0	2.297e-05	0.0004348	0	7.336e-05	7.115e-05	0	4.143e-05	0.000362	9.356e-05	0	0.001287	0	0	0.0002586	4.107e-05	0	6.811e-05	0.000264	0	0	0	0	5.378e-05	0.0002877
Xylanimonas	0	0	0	0	0	0	0	0	3.549e-05	0.001487	0	0	0	0	0	0.0008154	3.951e-05	0	0	0	0	0.0002614	0	0	4.334e-05	0.0006617	0	0	0	0	0	0.0006195
Isoptericola	0	0	0	0	0	0	0	0	3.132e-05	0.001542	0	0	0	0	3.867e-05	0.0007665	3.743e-05	0	7.234e-05	0	0	0.0003345	0	0	7.74e-05	0.0005702	0	0	0	0	0	0.0005138
Rhodovulum	0	0	0	0	0	0	0.0001524	0	0.0002234	9.855e-05	0.0002712	0	0.0001067	0	0.0002127	0.0001663	0.0002641	0.0002889	0.0005656	0	0.0003967	0	0.0002131	0	0.000291	8.8e-05	0.0003202	0.0002321	0	0.000214	0.0003146	0.0001527
Barrientosiimonas	0	0	0	0	0	0	0	0	0	0.001522	0	0	0	0	0	0.0007795	0	0	0	0	4.407e-05	0.0003683	0	0	0	0.0005244	0	0	0	4.84e-05	0	0.0006694
Salarchaeum	0	0	0	0	0	0	0.004492	0	0	0	0	0	0	0	0	0	0	0	0	0	0	0	0	0	0	0	0	0	0	0	0	0
Haloplanus	0	0	0	0	0	0	0.004139	9.485e-05	5.219e-05	0	0	0	4.528e-05	0	3.591e-05	0	0	0	0	0	0	0	4.364e-05	0	0	0	0	0	0	0	0	0
Zymobacter	0	0	0	0	0	3.043e-05	0.0007723	0	0	0	0	0	0.0001617	0	0	0	2.287e-05	6.922e-05	0.003284	0	0	3.936e-05	8.215e-05	0	0	0	4.234e-05	7.398e-05	0	0	0	0
Proteiniborus	0	0	0	0	0	0	0	8.782e-05	2.714e-05	0.0005913	0.0002449	0	0	2.494e-05	9.391e-05	0.0009785	0.0002641	0	0	0	0	0.0003458	0	4.267e-05	3.715e-05	0.000623	4.234e-05	0	0	2.548e-05	3.764e-05	0.0005021
Pedococcus	0	0	0	0	0	0	0	0	2.923e-05	0.001325	6.584e-05	0	0	0	0	0.0007926	6.446e-05	0	0	0	0	0.0002952	0	0	0	0.0006441	0	0	0	0	0	0.0006195
Amorphoplanes	0	0	0	0.0002334	0	0	0	0	2.505e-05	0.001186	0	0	0	0	4.143e-05	0.0006327	5.614e-05	0	0	0	0	0.0002586	0	0	6.811e-05	0.0005772	0	0	0	0	0	0.0004903
Natronomonas	0	0	0	0	0	0	0.003099	5.972e-05	0	7.247e-05	0	0	0.0001391	0	0	0	0	0	0.0009097	0	0	0	7.444e-05	0	0	0	0	0	0	0	0	0
Sodalis	0	5.082e-05	0	0.0005471	0	0	0	0	0	0.0002696	0.0004925	0	0	0	0	0.0002348	0.0003909	6.922e-05	0.0003902	0	0	8.996e-05	0	0	0	0.0001197	0.000299	0	0	0	0.0002205	0.000229
Marinomonas	0	0	0	0.0007675	0	0.0006619	0.0001389	0	5.428e-05	8.406e-05	0.0001554	0	0	0	2.762e-05	0.0002283	0.0003036	7.524e-05	0	0	0	0.0001265	0	0	3.096e-05	0.0001302	0.0001217	0	0	3.057e-05	0.0001371	0.0001233
Mucilaginibacter	0	0.0001493	9.895e-05	3.112e-05	0	0	0.0002541	0.0002002	0.0003153	7.247e-05	0	6.456e-05	5.821e-05	0	0.000232	6.523e-05	0	0.0001083	0.0009668	0	0.0001836	0	2.567e-05	0	0.0005913	4.576e-05	0	2.806e-05	0	0.0003363	0	0
Crassaminicella	0	6.67e-05	0	0	0	0	0	0.0004848	7.933e-05	0.0004377	0.0001106	0	0	3.243e-05	0.0001243	0.0005903	0.0001913	5.718e-05	0	0.0001111	0	0.0002361	0	0.0001636	0	0.0005244	0	0	0.0001267	0	0	0.0003288
Varibaculum	0	0	0	0.00118	0	0	0	0	0	8.696e-05	0.000129	0	0	0	0	0.0002381	0.0001414	0	0	0	0	0.0001209	0	0	0	0.0001619	0.0001323	0	0	0	9.679e-05	0.0002202
Yinghuangia	0	0	0	0	0	0	0.0001152	0	4.176e-05	0.001058	0	0	0	0	4.419e-05	0.000561	0	0	0.0005656	0	0	0.0002614	0	0	7.43e-05	0.0004857	4.764e-05	0	0	0	0	0.0005402
Fischerella	0	0.000181	0	0.0008583	0	0	0	0	0	0.0001971	0.0002449	0	0	0	0	0.0002316	0.0001684	0	0	0	0	0.0001096	0	0	0	0.0001865	0.0001508	0	0	0	0.0001022	0.000182
Amylolactobacillus	0	0	0.0001432	0	0	0	0	0	0.0006409	0	5.004e-05	0	0	8.481e-05	0.0006104	0	4.366e-05	0	0	4.231e-05	0.0008411	3.655e-05	0	0	0.0006161	0.0001267	0	2.806e-05	0	0.0007362	0	0
Aliarcobacter	0	0.0002033	0.0001224	0	4.28e-05	0	4.742e-05	0.000404	0.0002505	0.0001159	7.374e-05	0	0	0.000197	0.0001381	0	2.911e-05	8.427e-05	0	0.0002512	0	0.0003711	0	0.0003271	0.0001517	0.0001091	8.734e-05	0	0.0002244	0	2.958e-05	0.0002026
Polaribacter	0	0.0002319	0.0001068	0	0	0	7.791e-05	0.0003372	0.0002672	0.0001449	0	0.000179	0	0.0002295	0.0002182	0.0002153	4.366e-05	0.0004334	0	0.0001825	0	0	0	8.178e-05	0.0004644	0	0	0	8.183e-05	4.076e-05	0	0
Nesterenkonia	0	0	0	0	0	0	0.0002236	0	0	0.0008696	0	0	0.0001261	0	0	0.0004305	0	0	0.001162	0	0	0.0002249	0	0	0	0.0003133	5.822e-05	0	0	0	0	0.0004228
Fundicoccus	0	0	0.0004453	0	0	0.000246	0	5.62e-05	0.0006159	6.667e-05	0	0	0	0	0.0005386	3.262e-05	2.495e-05	0	0	3.173e-05	0.0004187	0	0	0	0.0003127	0	0	0	0	0.0005579	0	0
Luteibacter	0	0	0	0	0	0.0004869	0.0005352	0	2.714e-05	0.0001797	0	0	0.0001035	0	3.315e-05	0.0001566	5.614e-05	3.612e-05	0.002096	0	0	0.0001209	4.621e-05	0	3.715e-05	0.0001232	0	0	0	0	0	6.753e-05
Thalassovita	0	0	0	0	0	7.1e-05	8.13e-05	0	0.0001983	0.0001594	0.000237	6.749e-05	0.0001391	0	0.000221	0.0001011	0.0002079	0.0002498	0.0001622	6.082e-05	0.0004738	3.373e-05	0.0002182	0	0.0001796	0.0001337	0.0002514	0.0002475	0	0.0002853	0.0002366	0.0001292
Pseudothermotoga	0	0	0	0.001084	0	0	0	0	0	0.000113	0.0001554	0	0	0	0	0.0002903	0.0001414	0	0	0	0	9.277e-05	0	0	0	0.0001901	9.527e-05	0	0	0	9.948e-05	0.0001732
Xiashengella	0	0	0	0.0009543	0	0	0	0	0	0.0001652	0.0001396	0	0	0	0	0.0003066	0.0001476	0	0	0	0	0.0001096	0	0	0	0.0001795	8.734e-05	0	0	0	0.0001586	0.0003406
Salasvirus	0	0	0	0	0	0	0	0	0	0	0.001285	0	0	0	0	0	0.001324	0	0	0	0	0	0	0	0	0	0.0007834	0	0	0	0.0007986	0
Myxococcus	0	0	0	8.557e-05	0	0	0.0002032	0	0	0.0007856	0	0	8.732e-05	0	0	0.0005186	4.158e-05	0	0.0009755	0	0	0.000104	0	0	0	0.0003872	0	0	0	0	0	0.0003993
Morganella	0	5.082e-05	0	3.63e-05	0	0.0003981	5.081e-05	0	0	0	0.0002765	0.0001731	0	0	5.248e-05	0	0.0002495	0.0001986	0.001734	0	0	0	3.337e-05	0	0	0	0.0003096	2.551e-05	0	8.662e-05	0.0002931	0
Thermoanaerobacter	0	0	0	0	0.0002675	0	0.000105	0	0	0.0003623	0.0005135	0	8.409e-05	0	0	0.000411	0.0008254	0	0	0	0	0	5.647e-05	0	0	0	0.0003546	6.888e-05	0	0	0.0004759	0.0002995
Scardovia	0	0	0.0003047	0	0	0	0	0	0.0007182	4.058e-05	0	0	0	0	0.0006602	0	0	0	0	0	0.0005032	0	0	0	0.0008452	0	0	0	0	0.0004051	0	0
Pannonibacter	0	0	0	0	0	0	0.0003523	0	0	0.0006058	0	0	0.00011	0	0	0.0003457	5.406e-05	5.417e-05	0.001388	0	0	0.0001968	0	0	0	0.0003555	8.734e-05	0	0	0	0	0.000232
Sagittula	0	0	0	0	0	0	8.468e-05	0	0.0001796	7.536e-05	0.0002186	0	0	0	0.0002541	0	0.0003015	7.825e-05	0.0003705	0	0.0004665	0	0.0003389	0	0	0.0002323	0.0003996	0.0002551	0	0.0003643	0.0003953	9.982e-05
Spiribacter	0	0	0	0.0004797	0	0.0002257	0.0002913	0	2.505e-05	8.696e-05	9.744e-05	0	3.881e-05	0	0	0.0002642	0.000235	3.612e-05	0.0005393	0	4.407e-05	0.0003514	0	0	0.0001486	9.151e-05	3.44e-05	4.592e-05	0	4.84e-05	6.991e-05	9.396e-05
Acetobacterium	0.0002719	8.894e-05	3.385e-05	0.0003397	0	0	0.0001084	0.0002705	9.186e-05	0.0002667	6.584e-05	6.456e-05	6.792e-05	4.24e-05	9.391e-05	0.0002185	7.901e-05	7.223e-05	3.727e-05	8.198e-05	0	7.872e-05	6.674e-05	9.245e-05	0	0.0002077	2.646e-05	6.122e-05	5.016e-05	3.057e-05	4.033e-05	0.0001409
Cellvibrio	0	0	0	0	0	0.0006821	0.0003658	5.972e-05	3.758e-05	2.899e-05	6.847e-05	0	5.821e-05	8.481e-05	3.867e-05	7.502e-05	0.0001164	0	0.001559	3.702e-05	5.142e-05	3.092e-05	8.471e-05	5.334e-05	0	0.0001197	8.469e-05	0.0001046	4.752e-05	4.586e-05	5.109e-05	0.0001086
Halosimplex	0	0	0	6.483e-05	3.477e-05	0	0.002625	0	0	0.0003131	0	0	0	0	0	0.00015	0	0	8.988e-05	0	0	7.309e-05	0	0	0	0.000169	0	0	0	0	0	0.0001468
Thermobispora	0	0	0	0	0	0	0	0	7.307e-05	0.001081	5.794e-05	0	0	0	0	0.0007012	7.901e-05	0	0	0	0	0.0003121	0	0	0	0.0005174	0	0	0	0	0	0.0006107
Jiangella	0	0	0	0	0	0	0	0	5.219e-05	0.001267	5.267e-05	0	0	0	0	0.0005382	8.525e-05	0	0	0	0	0.0002193	0	0	8.049e-05	0.0005561	4.499e-05	0	0	0	0	0.0005226
Actibacterium	0	0	0	0	0	0	0.0002032	0	0.0001086	0	0.000237	0	0.0002458	0	0.0001215	0.0001109	0.000158	0.0003491	0.0002894	0	0.0004812	0	0.0001848	0	0.0001517	0.0001197	0.0003705	0.0002041	0	0.0002471	0.0002259	0.0001321
Thermoflexus	0	0	0	0.001016	0	0	0	0	0	0.0001565	0.0001027	0	0	0	0	0.0002022	0.000104	0	0	0	0	0.0001096	0	0	0	0.0001302	0.0001006	0	0	0	0.0001371	0.0002437
Trueperella	0	0	0	0	0	4.818e-05	0.000227	0	0	0.0008754	0	0	4.528e-05	0	0	0.0005479	0	0	0.0007322	0	0	0.0002277	0	0	0	0.0003801	0	0	0	0	0	0.0004052
Trinickia	0	0	0	0	0	0	0.0005792	0	0	5.507e-05	0	0	8.085e-05	0	0	0.00015	5.406e-05	0	0.002514	0	0	0.0002586	4.877e-05	0	0	7.04e-05	0	5.102e-05	0	0	0	0
Ectothiorhodospira	0	0	0	0	0	8.622e-05	0.0006334	0	0	0	0	0	0.0001197	0	0	0	3.743e-05	0	0.002837	0	0	4.498e-05	4.621e-05	0	0	0	3.97e-05	7.398e-05	0	0	0	0
Phenylobacterium	0	0	0	0	0	0	0.0002337	0	0.0001712	0.0004493	0	0	8.409e-05	0	0.0001188	0.0002805	4.574e-05	0	0.001011	0	0	0.0001377	0	0	0.000387	0.0003977	3.97e-05	0	0	0	0	0.0002613
Phyllobacterium	0	0	0	0.0001037	0	0.000459	0.0004844	0	0	0	0	0	0.0001617	0	0	0.0001011	3.119e-05	0.0001324	0.001754	0	0	0.0001125	7.444e-05	0	0	0	0.00018	3.571e-05	0	0	4.302e-05	0
Cellulosimicrobium	0	0	0	0	0	0	0	0	0.0001169	0.001052	0	0	0	0	0.0002016	0.0005903	0	0	0	0	0	0.000253	0	0	0.0005077	0.0003097	0	0	0	0	0	0.0002995
Selenomonas	0	0	0	0.0007649	5.35e-05	0	0	5.972e-05	0	0.0003044	0.0001343	0	0	0	0	0.0002446	0.0001559	0	0	0	0	0.0001012	0	0	4.025e-05	0.0002077	0.0001217	0	0	0	0.0001264	0.0001586
Celeribacter	0	0	0	0	0	0	0.0001016	0	0.0001796	6.377e-05	0.0002344	0	0	0	4.143e-05	0.0001174	0.0002724	0.0003672	0.0003179	0	0.000371	6.466e-05	0.0003414	0	0	0.000169	0.0003308	0.0001633	0	0.0002904	0.0003442	0
Paraliobacillus	0	0	0	4.408e-05	0	0	0	0	0.0004844	0.0004522	6.584e-05	0	0	0	0.000348	0.0003359	4.366e-05	0	0	0	0.0001506	0.0005932	0	0	0.0002693	0.0002147	4.499e-05	0	0	6.879e-05	2.958e-05	0.0002936
Roseinatronobacter	0	0	0	0	0	0.0002308	0.0005318	0	2.923e-05	0	0.0001027	0	0.0001164	0	0	3.588e-05	5.614e-05	0.0001053	0.00187	0	0.0001543	0	0.0001207	0	0	0	0.0001482	0.0001276	0	7.898e-05	0.0001022	0
Catellatospora	0	0	0	0	0	0.0002257	0	0	7.724e-05	0.0009826	0	0	0	0	6.629e-05	0.000574	4.574e-05	0	0	0	0	0.000149	0	0	0.0001827	0.0004188	0	0	0	0	0	0.000549
Siccibacter	0	6.988e-05	0	0	3.21e-05	6.847e-05	0	3.513e-05	0	0.0002928	0.00103	3.228e-05	0	0	0	0.0001076	0.0005697	4.514e-05	4.165e-05	0	0	8.996e-05	0	0	0	0.0001408	0.0005002	0	0	0	0.0003361	0.0001233
Paenalkalicoccus	0	0	0	0.000529	5.082e-05	0	0	7.728e-05	0.0001086	0.0002145	0.0002344	0	0	0	0.0001105	0.0001924	0.0002474	0	0	0	3.673e-05	0.0001096	0	0	0	0.0002217	0.0001905	0	0	3.312e-05	0.0001748	0.0002231
Alistipes	0	6.67e-05	0	0.0006042	0	0	0	0	0	0.0005391	7.637e-05	0	0	0	0	0.000287	0.0001019	0	0	0	0	0.0001125	0	0	0	0.0002851	2.911e-05	0	0	0	2.958e-05	0.0003465
Luteimicrobium	0	0.0003017	0	0	0	0	0	0	2.505e-05	0.0008551	0	0	0	0	0	0.0005545	3.327e-05	0	0	0	0	0.0002474	0	0	0	0.0004224	0	0	0	0	0	0.0004316
Halobellus	0	0	0	0	0	0	0.002154	5.62e-05	0	0.0003623	0	0	0	0	0	0.0002805	3.535e-05	0	2.631e-05	0	0	0.0001153	0	0	0	0.0001337	0	0	0	0	0	0.0002554
Pukyongiella	0	0	0	0	0	0	0.0001287	0	0.0001065	6.667e-05	0.0002265	8.803e-05	0.0001843	0	0.0001298	0.0001272	0.0002225	0.0002949	8.988e-05	0	0.0004261	6.185e-05	0.0002362	0	8.049e-05	0.0001267	0.0002646	0.0001607	0	0.0002777	0.0002769	7.34e-05
Zhangqianvirus	0	0	0	0	0	0	0	0	0.0009855	0	0	0	0	0	0.0008176	0	0	0	0	0	0.0003122	0	0	0	0.001207	0	0	0	0	0.0002293	0	0
Tepidibacter	0	9.529e-05	0	0	0	0	0	0.0003302	0	0.0004058	6.584e-05	0	0	7.982e-05	4.419e-05	0.000574	0.000104	0	0	9.256e-05	0	0.0002333	0	0.0001245	0	0.0004259	3.44e-05	0	8.447e-05	0	0	0.0003465
Paracidovorax	0	0	0	0	0	0	0.0001524	0	0.0001587	0.0007971	0	0	0	0	0.0001574	0.0005708	0	0	0	0	0	0.0002896	0	0	0.0002972	0.0004013	0	0	0	0	0	0.0003699
Piscinibacter	0	0	4.427e-05	0	0	0	9.146e-05	0	0	0.0008522	5.53e-05	0	0	0	0	0.0004762	8.109e-05	4.514e-05	0.0002981	0	0	0.000239	0	0	5.882e-05	0.0004188	3.44e-05	0	0	0	0	0.000411
Chloroflexus	0	0	0	0.001014	0	0	0	0	0	0.0001362	8.164e-05	0	0	0	0	0.0001826	9.772e-05	0	0	0	0	9.558e-05	0	0	0	0.0001408	5.028e-05	0	0	0	5.915e-05	0.0001292
Skermania	0	0	0	0	0	0.0002561	0	0	6.472e-05	0.0009826	0	0	0	0	3.038e-05	0.0005642	3.535e-05	0	0	0	0	0.0001659	0	0	4.644e-05	0.0004892	3.97e-05	0	0	0	0	0.0004199
Arachnia	0	0	0	0	0	0	0	0	6.263e-05	0.0008319	0	0	0	0	5.524e-05	0.0005479	2.703e-05	0	0	0	0	0.0002643	0	0	0.0001084	0.0004681	9.263e-05	9.184e-05	0	6.369e-05	4.84e-05	0.0004756
Alcanivorax	0	0	0	0	0	0	0.0006572	0	0	0	0	0	0.0001261	0	0	4.24e-05	7.277e-05	6.019e-05	0.002278	0	0	0.0001209	7.188e-05	0	0	0	7.675e-05	5.102e-05	0	0	0	0
Xenorhabdus	0	0	0	0	0.0001204	0.0003981	0.0003252	0	0.0001044	0.0001159	7.374e-05	3.815e-05	6.468e-05	0	7.458e-05	7.828e-05	0.0001123	7.524e-05	0.001247	0	4.775e-05	0.0002165	2.567e-05	0	0	0	9.792e-05	0	0	3.821e-05	9.41e-05	8.221e-05
Moorella	0	0	0	0.0008739	0	0	0	0	0	0.0001304	0.0001027	0	0	0	0	0.0002316	0.0001248	0	0	0	0	0.0001012	0	0	0	0.000169	0.0001085	0	0	0	8.335e-05	0.000185
Scrofimicrobium	0	0	0	0.0009776	0	0	0	0	0	0.0001275	5.794e-05	0	0	0	0	0.0002185	6.238e-05	0	0	0	0	8.996e-05	0	0	0	0.0001443	4.234e-05	0	0	0	7.797e-05	0.0001409
Acidipropionibacterium	0	0	0	0	0	0	0	0	7.098e-05	0.001113	0	0	0	0	8.563e-05	0.0004762	0	0	0	0	6.244e-05	0.0002165	0	0	8.669e-05	0.0003801	0	0	0	0.0001605	0	0.0003758
Roseibacterium	0	0	0	0	0	0	6.775e-05	0	0.000142	3.768e-05	0.0002291	0.000135	0.0002005	0	0.0001823	7.502e-05	0.0001705	0.0002287	0.0001337	0	0.000393	5.904e-05	0.0002105	0	5.882e-05	0.0001126	0.0002249	0.0001913	0	0.0002114	0.0002904	9.982e-05
Snodgrassella	0	3.812e-05	6.249e-05	0	0	0	0	0.0004602	0.0001023	0	4.477e-05	0	0	0.000449	0.0001077	0	3.951e-05	0	0.0004604	0.0004363	0	0	0	0.0003165	5.573e-05	0	0	0	0.0004356	4.331e-05	4.571e-05	0
Anthocerotibacter	0	0	0	0.0008946	0	0	0	0	0	0.000113	0.000129	0	0	0	0	0.0001566	7.277e-05	0	0	0	0	0.0001096	0	0	0	0.000176	8.469e-05	0	0	0	8.873e-05	0.000182
Salinibacterium	0	0	0	0.0005523	0.0001418	0	7.452e-05	0	0	0.0003391	6.847e-05	0	0	0	0	0.0002674	4.158e-05	0	0.0004012	0	0	5.623e-05	0	0	0	0.0001091	5.822e-05	0	0	0	6.991e-05	0.0001997
Caballeronia	0	4.764e-05	0	0	0	0.0006466	0.0004708	0	0	0	0	0	9.056e-05	0	0	0	2.911e-05	0	0.001806	0	0	6.466e-05	0.0001001	0	0	0	5.028e-05	6.633e-05	0	0	0	0
Thermomonas	0	0	0	0	0	0	0.0004234	5.972e-05	0	0.000258	0	4.989e-05	7.115e-05	0	0	7.502e-05	0	0.0001294	0.001923	0	0	7.872e-05	0	0	0	8.8e-05	0	0	0	0	0	6.459e-05
Dialister	0	0	0	0.0009179	0	0	0	0	4.593e-05	0.0001391	8.954e-05	0	0	0	0	0.0001663	7.277e-05	0	0	0	0	5.904e-05	0	0	6.501e-05	0.0001021	6.616e-05	0	0	0	5.109e-05	0.0001086
Alkalicoccus	0	0	0	0.0002775	0.000115	0	0	3.864e-05	0.0002255	0.0001681	0.0001238	0	0	0	0.0001961	0.0001957	0.0001622	0	0	0	0.0001616	7.59e-05	0	0	0.0003065	0.0001373	8.998e-05	0	0	0.0002267	0.0001129	0.0001292
Anaerostipes	0	0	0	0.0005886	0	0	0	4.215e-05	9.812e-05	0.0002087	0.000108	0	0	0	0.0001132	0.0001924	0.0001206	0.0001023	0	0	0	0.0001462	0	0	0	0.0001725	7.41e-05	0	0	0	9.41e-05	0.0002055
Alkalicella	0	0	0	0	0	0	0	0	5.011e-05	0.0005536	0.0001659	0	0	0	9.944e-05	0.0006393	0.0001601	0	0	0	0	0.0002896	0	0	0	0.0005033	5.293e-05	0	0	3.821e-05	3.495e-05	0.0003465
Ottowia	0	0	5.989e-05	0	0	0.0001166	5.759e-05	0	0.0002088	0.0005739	0	0	0	0	0.0003397	0.0003033	0	0	0.0004911	0	0.0001212	0.0001912	6.418e-05	0	0	0.0002112	0	0	0	6.114e-05	0	0.0001439
Parafrankia	0	0	0	0	0	0	0	0	6.472e-05	0.0009566	0	0	0	0	4.696e-05	0.0005773	0	0	0	0	0	0.0002193	0	0	8.359e-05	0.0004681	0	0	0	0	0	0.000414
Paucibacter	0	0	0	0.0004745	0	0	0.0001761	0	0	0.0001536	5.004e-05	0	0	0	0	0.0002348	0.0001144	0	0.0005415	0	0	0.0003627	0	0	0	0.0001232	6.087e-05	0	0	0	4.302e-05	0.0001468
Halorussus	0	0	0	0	0	4.311e-05	0.003086	0	0	5.218e-05	0	0	0	0	0	0	0	0	0	0	0	0	0	0	0	0	0	0	0	0	0	0
Hankyongella	0	0	0	0.0009309	4.012e-05	0	0	0	9.603e-05	0.0001275	5.794e-05	0	0	0	6.905e-05	0.0001239	4.158e-05	0	0	0	0	7.028e-05	0	0	0	8.8e-05	5.293e-05	0	0	3.057e-05	0	7.928e-05
Pseudoduganella	4.531e-05	0	0	0	0	0.0001496	0.0002134	0	4.802e-05	0.0005131	0	0.0001027	5.821e-05	0	0	0.0002283	0	0.0001324	0.0008834	0	0	0.0001068	0	0	8.669e-05	0.0002429	0	0	0	0	0	0.0002085
Pengzhenrongella	0	0	0	0	0	0	0	0	0	0.0009942	0	0	0	0	0	0.0004566	3.951e-05	0	3.507e-05	0	0	0.0002811	0	0	0	0.0005244	0	0	0	0	0	0.0004727
Roseburia	0	0	0	0.0007131	0	0	0	0.0002459	0	0.0001826	0.000108	0	0	0	0	0.0002022	6.654e-05	0	0	0	0	0	0	0	0	0.0001901	5.822e-05	0	0	0	6.453e-05	0.0001204
Dechloromonas	0	0	0.0002942	0	0	0.0001775	0.0002371	0.0001194	0	0.0001623	0.0001685	0.000581	0	0	0	0	3.327e-05	0	0.0006226	0	0	0	0.0001232	0	0	7.04e-05	0	0	0	0	0	0
Marinimicrobium	0	0	0	0.0004927	0	0	0.0001863	0	0	0.0001015	6.584e-05	3.521e-05	6.145e-05	0	0	0.0001663	9.356e-05	3.913e-05	0.0006335	0	0	0.0001125	3.594e-05	0	0	0.0001091	0.0001217	0	0	0	7.797e-05	8.808e-05
Tropicibacter	0	0	0	0	0	0	0.0001897	0	0.0001065	0	0.0001317	0	9.056e-05	0	0.0001132	4.892e-05	0.0001268	0.0001445	0.001006	0	0.0002571	0	0.000154	0	5.573e-05	6.336e-05	0.000172	0.0001582	0	0.0001554	0.0001506	0.0001028
Epidermidibacterium	0	0	0	4.667e-05	0	0	0	0	3.758e-05	0.0009246	0	0	0	0	4.972e-05	0.0004958	0	0	0	0	3.673e-05	0.0001996	0	0	3.405e-05	0.0004118	0	0	0	0	0	0.0004551
Terrisporobacter	2.623e-05	0	0	0	0	0	4.742e-05	0.0002775	0.0001253	0.0003275	0.0001211	0	0	0	0.0001436	0.0003751	0.0001788	5.417e-05	0	0.0001375	0	0.0001181	0	0.0001493	0.0001331	0.0002112	4.234e-05	0	0.000132	0	4.84e-05	0.0001762
Romboutsia	0	0.0001016	4.687e-05	0	0	0	3.387e-05	0.000267	0.0001399	0.0002464	8.427e-05	0	0	0	0.0001188	0.0004305	9.356e-05	0	0	7.934e-05	0	0.0001912	0	0.0001138	9.598e-05	0.000176	0	0	9.503e-05	6.624e-05	0	0.000229
Roseibium	0	0	0	0	0	0.0001065	0.0005217	0	0	0	0	0	0.0001164	0	0	0	0.0001455	0	0.001874	0	0	0.0002221	9.242e-05	0	0	0	6.881e-05	0	0	4.076e-05	0	0
Gemmobacter	0	0	0.0002213	0.0001919	3.21e-05	0	0.000105	0	0.0001545	4.348e-05	0.0001712	0	0	0	0.0001132	8.154e-05	0.0001144	0.0001234	8.988e-05	0	0.000191	0	0.0001489	0	4.644e-05	7.744e-05	0.0001429	0.0001301	0	8.662e-05	0.0001801	0
Roseobacter	0	0	0	0	4.547e-05	0	0.0001558	0	0.000167	0	0.0002844	5.282e-05	8.732e-05	0	7.458e-05	0	0.0001331	0.0001415	0.0003332	0	0.0003893	0	0.0002079	0	3.405e-05	0	0.000262	0.0002526	0	0.0001783	0.0004114	0
Auraticoccus	0	0	0	0	0	0	0	0	8.56e-05	0.0009478	0	0	0	0	8.839e-05	0.0003686	3.535e-05	0	0	0	5.509e-05	0.0001631	0	0	0.0001889	0.0003097	0	0	0	3.567e-05	0	0.000461
Rhodopirellula	0	0	0	0.0007027	0	0	0	0	0	0.000142	0.0001159	0	0	0	0	0.0002642	8.317e-05	0	0	0	0	9.558e-05	0	0	0	0.0001795	0.0001217	0	0	0	6.991e-05	0.0002026
Legionella	5.962e-05	0	2.604e-05	0.0001737	2.675e-05	9.382e-05	9.484e-05	0.0002213	0.0002046	7.247e-05	0.0002528	0	0	4.49e-05	5.248e-05	6.849e-05	0.0001643	0.0001324	0.0005765	0	4.04e-05	0	0	6.045e-05	9.598e-05	8.447e-05	2.646e-05	0	0	3.312e-05	3.226e-05	0
Franconibacter	0	6.035e-05	0	0	3.21e-05	0.000251	0	0	0	3.188e-05	0.0009691	3.521e-05	0	0	0	0	0.0006342	4.213e-05	0	0	0.0002167	2.811e-05	0	0	0	0	0.0004023	0	0	0.0001121	0.0002393	0
Salipaludibacillus	2.623e-05	0	0	0	7.489e-05	0	0	0	0.0005887	0.0003101	8.164e-05	4.695e-05	6.145e-05	0	0.0004696	0.0001239	0.0001144	4.815e-05	0	0	0.0001359	5.06e-05	7.188e-05	0	0.000195	0.0001091	4.764e-05	3.827e-05	0	0.0001452	6.722e-05	9.396e-05
Intrasporangium	0	0	0	0	0	0	0	0	0	0.001003	0	0	0	0	3.591e-05	0.0005447	4.158e-05	0	0	0	0	0.0001687	0	0	0	0.0003977	0	0	0	0	0	0.0004287
Stackebrandtia	0	0	0	0	0	0	0	0	2.923e-05	0.0008783	0	0	0	0	3.038e-05	0.000486	2.703e-05	0	0	0	0	0.0002108	0	0	7.74e-05	0.0004998	3.97e-05	0	0	0	0	0.0003582
Desulfosarcina	0	0	0	0.0008038	0	0	0	0	0	9.566e-05	6.847e-05	2.935e-05	0	0	0	0.0001631	7.693e-05	3.612e-05	0	0	0	7.872e-05	0	0	0	0.0001795	5.293e-05	0	0	0	6.991e-05	0.0001086
Coprobacter	0	0	0.0002682	0	0	0	0	0	0.0002401	0.0004754	0.0001185	0	0	0	0.0001851	0.0001566	8.109e-05	0	0	0	5.142e-05	0.000104	0	0	4.953e-05	0.0001619	0	0	0	0.0002446	0	0.0001791
Francisella	0	0	0.0002161	0	0	0	0	0.0001475	0.0002547	0.0001275	0.0001027	0	0	0.0001546	0.0001768	5.545e-05	8.733e-05	0	0	7.405e-05	0	0.0003598	0	0.0001102	7.74e-05	9.503e-05	7.41e-05	0	8.975e-05	3.567e-05	8.335e-05	0.000138
Desulfosporosinus	0	3.812e-05	0	0.0005108	4.547e-05	0	0	0.0001897	4.176e-05	0.0001188	0.0002976	0	0	0	2.762e-05	0.0002218	0.0002246	0	0	0	0	0	0	5.334e-05	0	0	0.0001085	0	0	0	0.0001156	0
Halolamina	0	0	0	0	0	0	0.001423	0.0002143	9.395e-05	8.696e-05	0	0	0.0001326	6.485e-05	9.944e-05	0	0	0	0.0001184	0.0001058	0	4.217e-05	0.0001104	7.823e-05	7.121e-05	4.224e-05	0	6.888e-05	0	0	0	6.753e-05
Sedimentibacter	0	3.176e-05	0	0	0	0	0	0.0002951	7.724e-05	0.0003391	6.057e-05	0	0	3.492e-05	7.458e-05	0.0003783	6.238e-05	0	0	9.784e-05	0	0.0003121	0	6.756e-05	6.811e-05	0.0002921	7.145e-05	0	5.016e-05	0	0	0.000232
Ancylobacter	0	0	0	0	0	0	0.0003895	0	0	0.0001188	0	0	0	0	0	7.502e-05	0	0	0.002218	0	0	0	0	0	0	0	5.822e-05	0	0	0	0	4.991e-05
Halosegnis	0	0	0	0	0	0	0.002408	9.133e-05	4.176e-05	6.087e-05	0	0	0	0	3.038e-05	4.892e-05	0	0	0	0	0	0	0	0	6.192e-05	0	0	0	0	0	0	4.404e-05
Pimelobacter	0	0	0.0002474	0	0.0001551	0	5.759e-05	0	7.098e-05	0.000429	0	0	0	0	7.182e-05	0.0002446	5.614e-05	0	0.0001425	0	0	0.0001153	0	0	0.0001393	0.0002464	0	0	0	0	0	0.0002466
Prochlorococcus	0	0.0001302	0	0	0	0	0	0.0002178	0.0001858	0.0001594	3.423e-05	0.0001115	0	4.49e-05	0.0001409	0.0001631	0	0.0002889	0	7.669e-05	7.713e-05	3.092e-05	0	6.756e-05	0.0003777	5.984e-05	0	0	5.807e-05	9.171e-05	0	0.0001292
Ectobacillus	0	0.0002255	0	0	8.559e-05	0	0	0.0002143	0.0001628	0.0001188	0.0001396	3.521e-05	0	0	0.0001713	0.00015	0.0001393	0	0	9.784e-05	5.509e-05	0	0	0.0001138	0.0001145	9.503e-05	0.0001006	0	5.28e-05	5.605e-05	8.335e-05	0.0001262
Peterkaempfera	0	0	0	0	0	0	0	0	0.0001378	0.0006058	0	0	0	0	9.391e-05	0.0005088	6.862e-05	0	0	0	0	0.0002699	0	0	0.0002229	0.000264	0	0	0	0	0	0.0003347
Pandoraea	0	0	0	0	0	0.0008318	0.0003252	0	0	7.826e-05	0	0	0	0	0	0.0001239	6.238e-05	6.621e-05	0.001015	0	0	0.0002333	0	0	0	0	0	0	0	0	0	6.166e-05
Gallionella	0	0	0	0.0007753	0	0	0	0	0	0.0001044	7.637e-05	0	0	0	0	0.0001468	7.485e-05	0	0	0	0	7.59e-05	0	0	0	0.0001091	5.822e-05	0	0	0	5.915e-05	0.0001409
Thalassospira	0	0	0	0	0	0	0.0005284	0	0	0	0	6.162e-05	0	0	0	8.806e-05	4.99e-05	0	0.001944	0	0	0.0001321	0	0	0	0	0	0	0	0	0	0
Marinovum	0	0	0	0	0	0	0.0001118	0	0.0001127	0	0.0002028	9.684e-05	9.703e-05	0	8.839e-05	0	0.0001393	0.0001776	0.0002148	0	0.0002571	8.996e-05	0.0001515	0	4.953e-05	7.04e-05	0.0001879	0.0002066	0	0.0002216	0.000242	0.0001057
Simiduia	0	0	0	0	0	0	0.0003997	0	0	0	0	3.521e-05	9.703e-05	0	0	7.828e-05	0.000106	6.621e-05	0.001686	0	0	0.0002586	5.904e-05	0	0	0	0	0	0	0	0	0
Natronosporangium	0	0	0	0	0	0	0	0	0	0.0008348	0	0	0	0	3.315e-05	0.0004958	3.951e-05	0	0	0	0	0.000194	0	0	5.263e-05	0.0003837	0	0	0	0	0	0.0003641
Hoyosella	0	0	0	0	0	0	0	0	0	0.000829	0	0	0	0	0	0.0005284	2.495e-05	0	0	0	0	0.0001855	0	0	0	0.0003907	3.176e-05	0	0	0	0	0.0003758
Shimwellia	0	0	0	0	2.675e-05	0	0.0002473	0	0	0	0.0007584	4.108e-05	7.115e-05	0	0	0	0.0002079	4.815e-05	0.001109	0	0	0	0	0	0	0	0.0001614	0	0	0	8.335e-05	0
Thioclava	0	0	0	0	0	0	0.0001863	0	0.0001169	0	0.0001606	0	0	0	6.629e-05	9.458e-05	0.000131	0.0002167	0.000388	0	0.0003048	0.0001012	9.755e-05	0	0	7.744e-05	0.0002488	0.0001199	0	0.0001656	0.0001775	7.928e-05
Sanguibacter	0	0.0001207	0	0	0	5.325e-05	0	0	8.768e-05	0.0006348	0	0	0	0	6.905e-05	0.0003359	0	0	0	0	0	0.0001406	0	0	0.000161	0.0003977	0	0	0	0	0	0.0002584
Aliivibrio	0	0	0	0	0	0	0.00107	0	3.549e-05	5.507e-05	0	0	0.0001714	0	0	0	3.327e-05	0	0.0001184	0	0.0003012	0	0.0003311	0	6.811e-05	0	0	0.0004592	0	0.0001936	0	0
Fructobacillus	0	0	0	0	0	0	0	0	0	0	0.001762	0	0	0	4.419e-05	0	0.0008358	0	0	0	0	0	0	0	0	0	6.616e-05	0	0	0	0	0
Salinisphaera	0	0	0	0	0	0	0.0003557	0	0	0	0	0	0.0001294	0	0	0.0001076	0.0001123	7.825e-05	0.001491	0	5.509e-05	0.0002249	3.337e-05	0	0	0	5.558e-05	4.082e-05	0	2.548e-05	0	0
Faecalibacterium	0	0.0003653	0	0.0003371	4.012e-05	0.0001674	0	4.918e-05	0	8.696e-05	5.267e-05	0	0	0	0	0.0001076	7.693e-05	0	0	0	0	5.341e-05	0	0	0	0.0001126	0	0	0	0	3.495e-05	0.0001351
Anaerohalosphaera	0	0	0	0.0007261	0	0	0	0	0	0.0001536	4.477e-05	0	0	0	0	0.000199	6.446e-05	0	0	0	0	7.309e-05	0	0	0	0.0001373	4.234e-05	0	0	0	0	9.689e-05
Embleya	0	0	0	0.0001374	0	0	0	0	6.054e-05	0.0006087	0	0	0	0	4.419e-05	0.0003783	6.03e-05	0	0	0	0	0.0001546	0	0	0.0001238	0.0003731	0	0	0	0	0	0.0002437
Halomicrobium	0	0	0	0	0	0	0.001758	0	6.472e-05	0.0002058	0	0	0	0	0	0.0001435	0	0	0	0	0	7.872e-05	0	0	0.0001053	9.151e-05	0	0	0	0	0	8.514e-05
Brenneria	0	0	0	0	6.687e-05	0.0003702	0	0	0	0	0.0007321	7.923e-05	0	0	0	0	0.0005801	0.0001475	0	0	0	0	0	0	0	0	0.0004473	0	0	0	0.0002339	0
Acidothermus	0	0	0	4.149e-05	0	0	0	0	0.0001232	0.000745	0	0	0	0	9.667e-05	0.0004012	0	0	0	0	0	0.0001546	0	0	5.882e-05	0.000271	0	0	0	3.567e-05	0	0.0003377
Pseudorhizobium	0	0	0	0	0	0	0.0004946	0	0	0	0	0	8.085e-05	0	0	0	5.406e-05	0	0.00167	0	6.611e-05	7.028e-05	0	0	0.0001145	0	6.352e-05	0	0	5.859e-05	0	0
Kineobactrum	0	0	0	0.0003423	0	0	0.0001389	0	0	3.768e-05	3.95e-05	0	0	0	0	0.0001533	9.772e-05	4.213e-05	0.0007015	0	0	0.000253	4.621e-05	0	0	5.28e-05	5.558e-05	0	0	0	5.646e-05	7.928e-05
Actomonas	0	0	0	0	0	0	0.0003591	0	0	3.188e-05	0	0	9.056e-05	0	0	9.458e-05	0.0001913	0	0.001675	0	0	8.434e-05	2.567e-05	0	0	0	5.028e-05	3.316e-05	0	0	0	0
Gimesia	0	0	0.0001302	0.0004071	7.757e-05	0	0	0	0	0.0001015	9.217e-05	0	0	0	0	0.0001109	0.0001913	4.514e-05	0	0	0	0.0001068	0	0	0	8.8e-05	6.087e-05	0	0	0	0.0001667	0.000138
Aureimonas	0	0	0	0	0	0.0003677	0.0001016	8.782e-05	0	0.000229	0	0	0	0	0	0.0003522	8.733e-05	9.028e-05	0.0003486	0	4.775e-05	0.0002502	0	6.045e-05	0	0.0001373	0	0	0	0	0	0.0002408
Jeotgalicoccus	0	0	0	0	0	0	0.0001897	0	0.0001274	0.0002116	0	0.0001438	0	0	7.182e-05	0.0001272	0	9.33e-05	0	0	0.0002351	7.309e-05	3.851e-05	0	0.0006068	8.8e-05	3.97e-05	0	0	0.0003414	0	0.0001116
Acetobacter	0	0	0	0.0004253	0.000115	0.000492	5.42e-05	0	0	4.928e-05	7.637e-05	0	0	0	0	0.0001142	7.277e-05	0	0.0003771	0	0	0	0	0	0	6.336e-05	0	0	0	0	3.495e-05	4.404e-05
Halobacteroides	0	0	0	0	0	0	0	0	0.0001983	0.0004087	0.0001001	0	0	0	0.0002016	0.0003294	0.0001227	0	0	0	5.877e-05	0.0001377	0	0	8.049e-05	0.0002499	0.0001535	0	0	3.821e-05	3.495e-05	0.0002496
Paeniglutamicibacter	0	0	0	0	0	0	0	0	3.132e-05	0.000745	0	0	0	0	0	0.0004534	0	0	0.0002192	0	0	0.0001209	0	0	0	0.0003449	0	0	0	0	0	0.0003288
Martelella	0	0	0	0.0005912	0	0	0.000166	0	0	0	0.0001527	0	0	0	0	6.523e-05	3.743e-05	0	0.0004012	0	0	0	0	0	0	8.095e-05	6.352e-05	0	0	0	7.26e-05	7.047e-05
Acidocella	0	0	0	0	0	6.086e-05	0.0004708	0	0	0	0	0	7.115e-05	0	0	0.0001305	0.0001144	0	0.001324	0	0	0.0002474	6.931e-05	0	0	0	4.499e-05	6.122e-05	0	0	0	0
Rheinheimera	0	0	0	4.667e-05	0	0.0002384	0.000315	0	0	5.218e-05	3.16e-05	0	8.409e-05	0	0	0	0	5.718e-05	0.001484	0	0	4.779e-05	0	0	0	3.872e-05	5.293e-05	0	0	3.821e-05	0	2.936e-05
Ketogulonicigenium	0	0	0	0	0	0	0.0003083	0	0	3.768e-05	9.48e-05	0	7.438e-05	0	3.038e-05	5.545e-05	6.238e-05	0	0.001572	0	6.244e-05	0.0001209	5.391e-05	0	0	0	6.616e-05	5.357e-05	0	0	0	0
Ferrimonas	0	0	0	0	0	0	0.0003353	0	0	6.087e-05	0	0	6.145e-05	0	0	6.523e-05	2.911e-05	3.913e-05	0.001898	0	0	0	2.567e-05	0	0	0	0	0	0	0	0	2.936e-05
Leptotrichia	0	4.764e-05	0.0001146	0	0	0	0	0.0002002	0.0002276	0.0003073	0	0	0	0	0.000163	0.0001598	0	7.825e-05	0	5.289e-05	0	0.000149	0	0	0.0002755	0	8.734e-05	0	6.071e-05	0	0	0.0001174
Campylobacter	0	0	2.604e-05	0	2.942e-05	0	7.113e-05	0.000267	0.0002881	9.566e-05	0.000108	4.989e-05	7.438e-05	0	0.0001602	0	0.0001726	0.0001655	2.192e-05	0	0	0	0.0001284	0	0.0001145	0	0.0001694	0.000125	3.696e-05	5.35e-05	0.000164	0
Isoalcanivorax	0	0	0	0.000446	0	6.847e-05	0.0002066	0	0	5.797e-05	4.477e-05	0	4.851e-05	0	0	0.0001174	0.0001747	0	0.0002236	0	0	0.0001659	3.08e-05	0	0	7.04e-05	5.558e-05	3.061e-05	0	0	2.958e-05	8.221e-05
Ponticoccus	0	0	0	0	0	0	0	0	0.0001065	4.348e-05	0.0002423	0	0.0001682	0	0.000105	0	0.000131	0.0001896	0.0001337	0	0.0003673	5.341e-05	0.0001104	0	5.263e-05	7.391e-05	0.0002064	0.0001403	0	0.0001299	0.0001828	0.0001204
Terrabacter	0	0	0	0	0	0	0	0	4.802e-05	0.0007247	0	0	0	0	4.419e-05	0.0003229	0	0	0	0	4.04e-05	0.0001771	0	0	0.0001207	0.0003309	0	0	0	5.859e-05	0	0.0003494
Aquimarina	0	3.176e-05	3.385e-05	0.0007105	0	0	0	0	0	4.638e-05	4.477e-05	0	0	0	0	0.0001435	4.99e-05	0	0	0	0	4.498e-05	0	0	0	8.447e-05	2.911e-05	0	0	0	3.764e-05	6.753e-05
Asticcacaulis	0	0	0	0	0	0.0001268	0.0003997	0	0	0	0	0	0.0001261	0	0	0	0	0	0.001809	0	0	0	9.498e-05	0	0	0	0	0	0	0	0	0
Hydrogenophaga	0	0	0	0	0.0001926	3.804e-05	0.0001999	0	0	0.0004493	0	0	0	0	0	0.0003164	8.733e-05	0	0.0001052	8.727e-05	0	0.0002249	0	0	4.025e-05	0.0001936	5.822e-05	0	0	0	0	0.0002408
[Ruminococcus]	0	0	0.0002005	0	0	0	0	0.0001194	0.0002401	0.0002	0.0001343	0	0	0	0.0002514	0.0001761	6.03e-05	0	0	0	6.611e-05	5.904e-05	0	0	0.0002539	0	0	0	0	0.0001172	0	0.0001028
Chitiniphilus	0	0	0	0	0	0	0.0003116	0	0	0	0	0	6.145e-05	0	0	0	0	0	0.002037	0	0	0	7.444e-05	0	0	0	0	6.122e-05	0	0	0	0
Alloyangia	0	0	0	0	0	0	0.0001186	0	4.802e-05	0.0002667	9.217e-05	0	0	0	5.524e-05	0.0001729	0.0001518	7.825e-05	5.48e-05	0	0.0002351	0.0001012	0.0001438	0	6.501e-05	0.0001619	0.0001376	8.674e-05	0	8.917e-05	0.0001425	0.0001938
Halomarina	0	0	0	0	0	0	0.001738	0	6.681e-05	0.000142	0	0	0	0	8.01e-05	8.48e-05	0	0	0	0	0	3.373e-05	0	0	0.0001424	4.224e-05	0	0	0	0	0	4.404e-05
Gemella	0	0	0.000112	0	0	0	0	0	0.0003111	0.000287	0.0001159	0	0	0	0.0001851	0.000274	8.525e-05	3.01e-05	0	0	0	9.839e-05	0	0	0.0001548	0.0001619	0	2.806e-05	0	3.821e-05	3.495e-05	0.0001762
Nitrincola	0	0	0	0.0006327	0	4.057e-05	4.065e-05	0	0	4.348e-05	4.477e-05	0	0	0	0	0.0001631	6.03e-05	0	0	0	0	8.153e-05	0	0	0	0.0001408	5.293e-05	0	0	0	6.184e-05	0.0001028
Schleiferilactobacillus	0	0	5.729e-05	0	0	0	0	0	0.0004029	0	3.16e-05	0	0	0	0.0004668	0	0	0	0	0	0.0004077	0	0	0	0.0003405	0	0.0001429	3.061e-05	0	0.0004127	5.915e-05	0
Duganella	5.723e-05	0	0	0.0001063	0	0.0003601	0.0002778	0	0	5.507e-05	0.0001949	5.869e-05	5.175e-05	0	0	3.914e-05	9.772e-05	7.524e-05	0.0007848	0	0	3.936e-05	3.851e-05	0	0	0	3.44e-05	0	0	0	0	0
Gibbsiella	0	5.4e-05	0	0	3.21e-05	0.0001166	0.0002303	0	0	0	0.0002607	8.217e-05	6.792e-05	0	0	0	0.0002474	0.0001083	0.0009646	0	0	0	0	0	0	0	0.0001191	0	0	0	5.646e-05	0
Limimaricola	0	0	0	0	0.0002113	0	5.759e-05	0	0.0001023	5.797e-05	0.0001001	5.282e-05	6.145e-05	0	8.839e-05	8.48e-05	0.000106	0.0001144	4.823e-05	7.669e-05	0.0002167	5.623e-05	8.728e-05	0	0.0001765	8.8e-05	0.0001217	8.929e-05	0	0.0001248	0.0001076	9.982e-05
Methylomarinum	0	0	0	0.0008635	0	0	3.726e-05	0	0	4.928e-05	0	0	0	0	0	3.914e-05	5.198e-05	0	0	0	0	2.811e-05	0	0	0	3.872e-05	0	0	0	0	0	3.23e-05
Pseudofrankia	0	0	0	0	0	0	0	0	0	0.0007188	0	0	0	0	5.248e-05	0.0004631	0	0	0	0	0	0.0002446	0	0	0	0.0003097	0	0	0	0	0	0.0002995
Frondihabitans	0	0	0	0	0	0	4.742e-05	0	0	0.0006725	0	0	0	0	0	0.0004468	0	0	0	0	0	0.0002783	0	0	0	0.0003273	0	0	0	0	0	0.0003024
Ewingella	0	3.494e-05	0	0	0	0.0002029	0	0	0	0	0.0002186	0.0005605	0	0	0	0	0.0001622	0.0007524	0	0	0	0	0	3.911e-05	0	0	9.527e-05	0	3.432e-05	0	6.453e-05	0
Microterricola	0	0.0001938	0	0	0	6.847e-05	5.759e-05	0	0	0.0006348	0	0	0	0	0	0.0002642	4.158e-05	0	0	0	0	0.0001406	0	0	0	0.0002147	0	0	0	0	0	0.0002496
Brevirhabdus	0	0	0	0	0	0	9.484e-05	0	7.307e-05	0	0.0001975	0	0	0	0.0001077	7.828e-05	9.98e-05	0.0001475	0.0001381	0	0.0002902	0	0.0001771	0	8.978e-05	0.0001091	0.0002038	0.0001709	0	0.000135	0.0002716	0
Helicobacter	0	5.4e-05	5.208e-05	0	0	0	0	4.567e-05	0.0002046	4.928e-05	0	0.0002612	0	2.744e-05	0.0001574	0.0001044	9.98e-05	0.0002016	0	4.231e-05	7.346e-05	3.936e-05	0.0001258	3.556e-05	0.0003003	0	0	5.612e-05	2.904e-05	9.171e-05	0	3.817e-05
Synechocystis	0	0.0001143	0	0.0004045	0	0	0	0	0	6.667e-05	5.794e-05	0	0	2.744e-05	0	0.0002153	9.565e-05	0	0	0	0	0.0001237	0	0	0	0.000169	5.822e-05	0	0	0	6.453e-05	0.0001116
Qipengyuania	0	0	0	0	0	0	0.0002676	0	0	0.0001681	0	6.162e-05	9.056e-05	0	0	0.0001566	8.941e-05	0	0.001153	0	0	0.0002305	0	0	0	0	0	0	0	0	0	5.872e-05
Pedobacter	0	0	0.0001016	0	0	0	8.807e-05	0.0001265	3.967e-05	3.478e-05	0	0	0	0.0001646	5.801e-05	0	2.287e-05	4.213e-05	0.000331	0.0002565	0	3.655e-05	0	0.000352	0	5.28e-05	2.646e-05	2.551e-05	0.0003141	0	0	3.817e-05
Nostoc	0	0	6.77e-05	0.0003449	0	0	0.0001389	0	0.0001274	0.0001362	0	0	0	0	0.0001685	0	0	7.825e-05	0.0004099	0	0	0	0	0	0.0001207	0	0	0	0	5.35e-05	0	0
Geothrix	0	0	0	0	0	0	0.0003455	0	0	0	0	0	9.703e-05	0	0	0	0	0	0.001852	0	0	0	0	0	0	0	3.705e-05	2.551e-05	0	0	0	0
Veillonella	0	0	0	0	0	0	0	0	0.0001002	9.855e-05	0	3.228e-05	0	0	0	0	0	8.126e-05	0	0	0	0	0	0	0	0	0.0005981	0.0006964	0.0001346	0.0002955	0.0002285	0.000138
Pseudohongiella	0	5.082e-05	0	0	0	0	0.0002879	0	0	0	0	0	5.498e-05	0	0	0	0	0	0.001813	0	0	0	4.877e-05	0	0	0	0	0	0	0	0	0
Octadecabacter	0	0	0	0	0	7.354e-05	0	0	9.395e-05	0	0.0001922	0	5.821e-05	0	8.839e-05	4.892e-05	0.0001601	0.0002227	7.015e-05	6.611e-05	0.0002865	0	0.0001592	0	0	0	0.0002011	0.0001403	0	0.0001834	0.0002743	0
Butyrivibrio	0	7.306e-05	0	0	0	0	0	0.0002705	0	0.0001884	0	0.0001966	0	5.986e-05	0	0.0001533	0	0.0003943	0	7.405e-05	0	5.341e-05	0	0.0001031	0	0.0001337	0	0	6.599e-05	0	0	9.689e-05
Desulfatibacillum	0	0	0	0	0	0	0.0004031	0	0	0	0	0	8.085e-05	0	0	0	0	0	0.001699	0	0	0	4.621e-05	0	0	0	0	6.633e-05	0	0	0	0
Clavibacter	0	0	0	0	0	4.818e-05	0	0	0.0001065	0.0005276	0	0	0	0	9.115e-05	0.0003229	0	0	0	0	0	0.0001518	0	0	0.0002601	0.0002288	0	0	0	0	0	0.0002584
Palleronia	0	0	0	0	0	0	6.097e-05	0	8.351e-05	0.0001449	0.0001027	7.63e-05	8.409e-05	0	9.944e-05	0.0001598	0.0001081	7.825e-05	0.0001359	0	0.0001763	4.498e-05	0.0001155	0	0	0.0001337	0.0001588	0.0001046	0	9.936e-05	0.0001264	9.982e-05
Desulfomicrobium	0	0	0	0.0005134	0	0	0	0	0	8.696e-05	0.0001027	0	0	0	0	0.0001892	0.0001206	0	0	0	0	4.217e-05	0	0	0	7.744e-05	7.939e-05	0	0	0	9.948e-05	0.0001116
Oceanicola	0	0	0	0	0	0	0	0	5.428e-05	0.0004725	6.584e-05	0	4.204e-05	0	4.972e-05	0.0002316	6.862e-05	6.922e-05	4.384e-05	0	0.0001028	9.558e-05	3.851e-05	0	0	0.0002217	9.527e-05	7.143e-05	0	3.312e-05	6.991e-05	0.0002114
Diaphorobacter	0	0	0	0	0	0.0009941	0.0004133	0	0	0	0	0	0	0	0	7.175e-05	7.693e-05	0	0.0003792	0	0	0.0002277	0	0	7.43e-05	0	0	0	0	0	0	0
Humibacter	0	0	0	0	0	0	0	0	0	0.0007044	0	0	0	0	0	0.0003588	0	0	0	0	6.979e-05	0.0002277	0	0	0	0.0003097	0	0	0	0	0	0.0002496
Taylorella	0	0.0001715	0	0	0	0	0	0.0002881	0	0	0	0	0	0.0004964	0	0	0	0	0	0.000275	0	0	0	0.0002987	0	3.52e-05	2.911e-05	0	0.0003221	0	0	0
Haloferax	0	0	0	0	0	0	0.002154	0	0	0	0	0	0	0	0	0	0	0	0	0	0	0	0	0	0	0	0	0	0	0	0	0
Pluralibacter	0	3.494e-05	0	0	2.675e-05	0	0	0	0	0	0.0007426	7.923e-05	0	0	0	0	0.0004761	5.417e-05	5.48e-05	0	0	0	0	0	0	0	0.0003811	0	0	0	0.0003092	0
Endozoicomonas	0	0	0.000112	0	0	3.804e-05	0.0001457	0	0	0.0002348	4.74e-05	0	0	0	0	8.48e-05	6.862e-05	0	0.0009032	0	0	5.06e-05	0	0	0	8.8e-05	3.97e-05	0	0	0	0	0.0001028
Haladaptatus	0	0.0002192	0	0	0	0	0.001538	6.675e-05	0	0	0	0	0	0	0	0	0	0	0	0	0	0	0	0	0	0	0	0	0	0	0	0
Flintibacter	0	0	0	0	0	0	0.00042	0	0	0	0	0	7.762e-05	0	0	0	0	0	0.001644	0	0	0	6.418e-05	0	0	0	0	0	0	0	0	0
Haemophilus	0	8.576e-05	0.0001406	0	0	3.043e-05	0	0.0001475	0.0002129	0.0001275	0	4.695e-05	0	0	0.0001105	0	5.198e-05	0	0	0	0	0.0001518	0	0	0	0	0.0001059	0.0001276	6.335e-05	0.0001019	5.915e-05	0.0001409
Dyella	0	0	0	0	0	0.0005046	0.0002134	0	0	0.0001072	0	0	3.558e-05	0	0	0.0001598	0.000289	0	0.000342	0	4.407e-05	0.0003345	0	0	0	3.52e-05	0	0	0	0	0	3.23e-05
Naasia	0	0	0	0	0	0	0	0	2.297e-05	0.0006464	0	0	0	0	0	0.000411	3.535e-05	0	0	0	0	0.0001237	0	0	0	0.0002886	0	0	0	0	0	0.0002995
Leptospira	0	0.0001143	0	0	3.21e-05	0	0	0.0003688	7.516e-05	0	5.794e-05	0	0	0.0001571	5.801e-05	0	7.485e-05	0.0001475	0	0.0001798	0	0	0	0.0001422	4.334e-05	0	2.911e-05	0	0.000198	5.605e-05	4.571e-05	0
Elizabethkingia	0.00109	0	0	0	0	0	0	0	0.0001796	0.0001072	0	0	0	0	0.0002293	0.0001109	0	0.0001354	0	0	0	0	0	0	7.74e-05	5.984e-05	0	0	0	5.35e-05	0	0.0001057
Xanthobacter	0	0	0	0	0	0	0	0	6.263e-05	0.0005218	0	7.336e-05	0	0	6.353e-05	0.0003033	4.99e-05	0	0	0	0	0.0001799	0	0	0.0001022	0.0002605	0	0	0	0	0	0.0002378
Mangrovibacillus	3.577e-05	3.176e-05	0	5.445e-05	0.0001016	0	3.387e-05	7.377e-05	8.143e-05	0.0001942	0.0001396	4.695e-05	0	0	8.286e-05	0.0001924	0.0001435	0	0	0	4.04e-05	8.996e-05	0	0	4.953e-05	8.095e-05	8.734e-05	0	0	3.567e-05	0.0001022	0.0001174
Tepidibacillus	2.385e-05	0	0	0	0.0001097	0	0	0	6.472e-05	0.0001391	0.0002212	9.097e-05	3.558e-05	0	6.629e-05	0.0001631	0.0002474	4.815e-05	0	0	0	4.217e-05	4.621e-05	0	9.907e-05	8.095e-05	0.0001456	0	0	2.802e-05	0.0001721	0.0001409
Hydrogenobacter	0	0	0	0.0006068	0	0	0	0	0	5.218e-05	5.004e-05	0	0	0	0	0.0001174	4.158e-05	0	0	0	0	2.811e-05	0	0	0	8.8e-05	4.234e-05	0	0	0	4.302e-05	7.634e-05
Desemzia	0	0	0	0	0	0.000284	0	0	0.0001274	0.0001333	5.004e-05	0.0004842	0	3.243e-05	9.667e-05	7.175e-05	4.366e-05	7.825e-05	0	3.702e-05	5.509e-05	4.498e-05	3.337e-05	0	0.0001269	5.632e-05	7.145e-05	3.061e-05	0	6.879e-05	0	6.166e-05
Actinopolymorpha	0	0	0	0	0	5.832e-05	0	0	0.0001232	0.0004812	0	0	0	0	0.0001713	0.0002348	0	0	0	0	0	0.0001265	0	0	0.0002508	0.000183	0	0	0	0	0	0.0002114
Turicibacter	0	0	0	0	0	0	0	0	0.0001503	0.0003131	0	0	0	0	0.000116	0.0003751	0	0	0	0	0	0	0	0	0.0006285	0	0	0	0	0.0003261	0	0
Oceanirhabdus	0	6.353e-05	3.645e-05	0	0	0	0	0.0003407	6.054e-05	0.0001478	3.687e-05	0	0	4.989e-05	2.762e-05	0.0001631	5.822e-05	3.01e-05	0	0.0001164	0	7.028e-05	0	0.0001138	3.715e-05	0.0001091	0	0	0.0001056	0	0	7.928e-05
Neorhizobium	0	3.494e-05	0	0	0	0	3.726e-05	0	0	0.0005189	6.32e-05	0	0	0	0	0.0003327	2.911e-05	0	9.646e-05	0	0	8.153e-05	0	0	0	0.0001865	4.499e-05	0	0	0	0.0001022	0.0002408
Alteromonas	0	0	0	0	0	0.0006517	6.097e-05	0	0.0001023	0.0002116	0	0	0	0	7.182e-05	0.0001174	0	0	0.0004954	0	0	0	0	0	7.43e-05	8.447e-05	0	0	0	0	0	8.808e-05
Halarcobacter	0	0	0.000112	0	0	0	0	0	0.0002735	8.116e-05	0	0	0	0	0.0002154	0.0001533	0	3.913e-05	0	0	0.0001175	0	0	0	0.0006811	0	0	0	0	8.407e-05	0	0
Luteipulveratus	0	0	0	0	0	0	0	0	0	0.0007479	3.423e-05	0	0	0	0	0.0002968	3.951e-05	0	0	0	0	0.0001068	0	0	0	0.000271	0	0	0	0	0	0.0002466
Wolbachia	0	7.941e-05	4.427e-05	0	0	0	7.113e-05	0.0001756	9.603e-05	0	7.637e-05	0	0	8.73e-05	0.000116	0	9.356e-05	0.0001234	0	0.0001745	7.713e-05	0	6.161e-05	0.0001565	0	0	0	3.827e-05	0.0001452	6.879e-05	8.335e-05	0
Schaalia	0	0.0002382	0	0	0	0	0	0	0.0001002	0.0002406	0	0	0	0	0.0001105	0.0001142	0	0	4.604e-05	0	0	5.06e-05	0	0	0.0001889	0.0001021	0.0001323	0.0001071	0	4.076e-05	0	0.0001409
Chryseomicrobium	0	0	0	3.63e-05	0	0	0	0.0001159	0.0001127	0.0003217	4.74e-05	0	0	0	8.839e-05	0.0003033	3.327e-05	0	0	0	0	9.839e-05	0	0	6.192e-05	0.0001725	0	0	0	0	4.033e-05	0.0002584
Polymorphospora	0	0	0	0	0	0	0	0	0	0.0006899	0	0	0	0	0	0.0002805	0	0	0	0	0	0.0001181	0	0	0	0.0002921	0	0	0	0	0	0.0003171
Ehrlichia	0	0	3.125e-05	0.0002152	0	0	0	0	0.0001294	6.377e-05	5.267e-05	0	0	0	4.972e-05	0.0001305	5.614e-05	0	0	0	0	8.153e-05	0	0	0.0003808	5.632e-05	3.97e-05	0	0	4.586e-05	4.571e-05	0.0001468
Magnetospirillum	0	0	0	0	0	0	0.0001999	0	0	9.855e-05	0	0	5.175e-05	0	0	0.0001142	0	0	0.001173	0	0	0.0001687	0	0	0	0	6.087e-05	0	0	0	0	6.166e-05
Halorientalis	0	0	0	0	0	0	0.001745	0	6.263e-05	0	0	0	0	0	6.629e-05	0	0	0	0	0	0	0	0	0	3.405e-05	0	0	0	0	0	0	0
Formosa	0	4.129e-05	0	0	4.012e-05	0	0	0.0001229	0.0002505	0	7.9e-05	3.228e-05	0	0	0.0001022	0	9.565e-05	8.728e-05	0	3.967e-05	0.0001543	0	0	0	0.0005263	0	0	0	4.752e-05	0.0001834	0	0
Devosia	0	0	0	0	0	0	0.0002676	0	0	9.275e-05	5.267e-05	0	0	0	0	0.0001729	0.0001934	0	0.000399	0	0	0.0003289	7.701e-05	0	0.0001269	7.744e-05	0	0	0	3.567e-05	0	5.579e-05
Pelagovum	0	0	0	0	0	0	0	0	9.603e-05	0	0.0002028	0	5.821e-05	0	0.0001077	4.566e-05	0.0001747	0.0001685	3.946e-05	0	0.0001543	0	0.0001129	0	7.74e-05	0	0.0001614	0.0001071	0	0.0001325	0.0002554	5.285e-05
Faecalibacter	0	0	0	0	0	0	0	0	0	0.0001942	0	0	0	0	0	0.0004012	0	3.913e-05	0	0	0	0.0001715	0	0	0	0.000447	0	0	0	0	0	0.000414
Finegoldia	0	7.306e-05	0	0	0	0	0	0.0002248	3.549e-05	0.0001159	8.427e-05	0	0	6.485e-05	0	0.0002022	0.0001081	0	0	7.669e-05	0	7.872e-05	0	0.0001102	3.715e-05	0.0001549	0	0	0.0001003	0	4.302e-05	0.0001057
Austwickia	0	0	0	0	0	0	0	0	0	0.0005449	0	0	0	0	0	0.0003881	2.703e-05	0	0	0	0	0.0001518	0	0	0	0.0002921	0	0	0	0	0	0.0002378
Erysipelothrix	0	0	0	0	0	0.0001166	0.0003083	0.0001897	0.0002359	0	0	0	0	4.24e-05	0.0002596	0	0	0	3.069e-05	0	0.0002608	0	0	9.601e-05	5.882e-05	0	0	0	6.599e-05	0.0001554	0	0
Caminicella	4.054e-05	0	0	3.63e-05	0	0	0	8.079e-05	3.967e-05	0.0001768	0.0001106	0	0	0	2.762e-05	0.0003131	5.614e-05	0	0	4.76e-05	0	0.0001406	0	4.267e-05	4.025e-05	0.0001795	5.293e-05	0	4.224e-05	0	2.958e-05	0.0002026
Anaerotruncus	0	0	0	0.0003889	0	0	0	0	0.000119	0.0001101	8.427e-05	0	0	0	9.115e-05	0.0001174	5.822e-05	0	0	0	0	7.028e-05	0	0	0	7.744e-05	0	0	0	0.0001019	3.495e-05	0
Novosphingopyxis	0	0	0	0.0004616	0	0	0	0	0	9.275e-05	6.847e-05	0	0	0	0	0.0001044	8.525e-05	0	0	0	0	5.623e-05	0	0	0	8.447e-05	0	0	0	0	4.302e-05	0.000138
Iamia	0	0	0	0	0	0	0	0	0.0001023	0.0004261	0	0	0	0	7.182e-05	0.0002838	0	0	0	0	0	0.000104	0	0	0.0001796	0.0002358	0	0	0	0	0	0.0002349
Frigidibacter	0	0	0	0	0	0	9.823e-05	0	6.472e-05	0	9.217e-05	0	0	0	6.353e-05	0.0001272	0.0001123	0.0001144	0.0001951	0	0.0001616	0.0001687	0.0001309	0	0	0	9.527e-05	0.000125	0	8.917e-05	0.0001586	6.459e-05
Conexibacter	0	0	0	0	0	0	0	0	0.000142	0.0004348	0	0	0	0	9.944e-05	0.0002022	0	0	0	0	0	9.277e-05	0	0	0.0002817	0.0001865	0	0	0	0	0	0.0002114
Pigmentiphaga	0	0	0	0	0	0.0002815	0	0	3.132e-05	0.0004348	0	2.935e-05	0	0	0	0.0002642	2.495e-05	0	4.384e-05	0	0	0.000104	0	0	8.978e-05	0.0002006	0	0	0	0	0	0.0001615
Dolosigranulum	4.292e-05	0	3.385e-05	0	0	0	0	0.0001194	0.0002902	0.0002116	0.000108	9.097e-05	0	0	0.0001685	0.0001174	0.000106	6.621e-05	0	2.645e-05	0	0	3.337e-05	4.978e-05	0	0	8.998e-05	0	0	0	8.066e-05	0
[Pantoea]	0	8.894e-05	0	0	0	0	0	0	0	0	0.0005478	0	0	0	0	0	0.000447	0	6.357e-05	0	0	0	0	0	0	0	0.0002885	0	0	0	0.000328	0
Chitinophaga	0.0001383	0	0	0	0	0.0001166	9.823e-05	0	0.0002109	4.638e-05	8.691e-05	0	6.145e-05	0	0.0002237	4.566e-05	6.238e-05	6.32e-05	3.288e-05	5.818e-05	5.142e-05	0	0.0001001	7.823e-05	7.121e-05	6.336e-05	0	9.184e-05	3.168e-05	4.586e-05	3.495e-05	3.23e-05
Haloglomus	0	0	0	0	0	0	0.001748	0	0	5.218e-05	0	0	0	0	0	0	0	0	0	0	0	0	0	0	0	0	0	0	0	0	0	0
Gymnodinialimonas	0	0	0	0	0	0	4.065e-05	0	0.0001378	0	0.0001422	0	5.498e-05	0	8.01e-05	0	0.0001455	0.0001565	4.604e-05	0	0.0002571	0	0.0001104	0	0	5.984e-05	0.0001482	0.000148	0	0.0001452	0.0001398	4.404e-05
[Mycobacterium]	0	0	0	0	0	0	0	0	0	0.0006145	0	0	0	0	0	0.0002805	0	0	0	0	0	7.309e-05	0	0	0	0.0002745	0	0	0	0	0	0.0003171
Promicromonospora	0	0	0	0	0	0	0	0	2.297e-05	0.000487	0	0	0	0	0	0.0002772	0	0	0	0	0	0.0001996	0	0	7.74e-05	0.0002499	0	0	0	0	0	0.0002701
Anaeromyxobacter	0	0	0	0.00021	0	0	0	0	0	0.0004377	0	0	0	0	0	0.0002674	4.574e-05	0	0	0	0	7.028e-05	0	0	0	0.0001337	0	0	0	0	0	0.0001497
Sulfurivermis	0	0	0	0	0	0	0.0003218	0	0	0	0	0	5.498e-05	0	0	0	0.0001206	0	0.001179	0	0	6.185e-05	3.337e-05	0	0	0	2.911e-05	3.061e-05	0	0	0	0
Haloprofundus	0	0	0	0	0	0	0.001765	0	0	0	0	0	0	0	0	0	0	0	0	0	0	0	0	0	0	0	0	0	0	0	0	0
[Enterobacter]	0	0	0	0	0	0	0	0	0	0	0.0005267	4.108e-05	0	0	0	0	0.0003348	7.223e-05	8.111e-05	0	0	0	0	0	0	0	0.0003626	0	0	0	0.000406	0
Vogesella	0	0	0	0	0	3.043e-05	0.0003421	0	0	0	0	4.695e-05	4.204e-05	0	0	0.0001142	7.901e-05	7.524e-05	0.0006927	0	0	0.0002193	6.161e-05	0	0	0	3.705e-05	4.337e-05	0	0	0	0
Antarctobacter	0	0	0	0	0	0.0003829	4.742e-05	0	5.846e-05	0	8.164e-05	3.521e-05	0.0001035	0	6.077e-05	0	0.000104	0.0001114	0.0001184	0	0.0001726	4.498e-05	5.391e-05	0	0	0	0.0001059	0.0001071	0	8.917e-05	9.41e-05	5.285e-05
Nannocystis	0	5.082e-05	0	0	0	0	0	0	0	0.0002116	4.214e-05	0	0	0	0	0.0005349	0	0	0	0	0	0.0002024	0	0	0	8.8e-05	0	0	0	0	0	0.0003729
Halorhabdus	0	0	0	0	0	0	0.001748	0	0	0	0	0	0	0	0	0	0	0	0	0	0	0	0	0	0	0	0	0	0	0	0	0
Bombilactobacillus	0	0	8.072e-05	0	0	0	0	0	0.0002735	9.275e-05	0.0002107	0	0	0	0.0003011	0	0.0001601	0	0	0	0.0001726	0	0	0	0.0001145	0	3.97e-05	0	0	0.0001681	0	0
Nitratireductor	0	0	0	0	0	0	0.0002947	0	0	8.116e-05	0	0	0	0	0	0.000137	0	0	0.0008878	0	0	0.0001153	4.621e-05	0	4.334e-05	0	0	0	0	0	0	0.0001145
Croceicoccus	0	0	0	0	0	0	0	0	0	4.928e-05	0.0001053	0	0	0	6.905e-05	0.0001402	0.0001414	0.0001083	0.0001447	0	0.0001616	0	0	0	7.43e-05	0.0001337	0.0001403	9.949e-05	0	0.000107	0.0001264	0.0001116
Jejubacter	0	3.176e-05	0	0	0	0.0001724	7.113e-05	0	0	0	0.0005399	4.108e-05	0	0	0	0	0.0003285	7.524e-05	3.069e-05	0	0	3.936e-05	0	0	0	0	0.0002382	0	0	0	0.0001613	0
Thioalkalivibrio	0	0	0	0	0	5.579e-05	7.791e-05	0	0	0.0002899	0	0	0	0	0	0.0001761	8.109e-05	3.612e-05	0.0005853	0	0	0.0001153	0	0	0	0.0001162	0	0	0	0	0	0.0001028
Wenzhouxiangella	0	0	0	0	0	0	0.0002845	0	0	0	0	0	0	0	0	0	4.158e-05	0	0.001302	0	0	9.277e-05	0	0	0	0	3.44e-05	0	0	0	0	0
Aquabacterium	0	0	0	0	0	3.297e-05	0.0002845	0	4.593e-05	0	0	0	4.204e-05	0	2.762e-05	0	0	0	0.001186	0	0	0	0	0	9.598e-05	0	3.176e-05	0	0	0	0	0
Salinicoccus	0	0	0	0	0.000123	0	0	0	0.0001065	9.855e-05	0.0002423	0	0	0	8.286e-05	0.0001011	0.0003306	0	0	0	4.407e-05	4.217e-05	0	0	5.882e-05	0	0.0001508	0	0	4.586e-05	0.000164	5.872e-05
Frigoriglobus	0	0	0	0.0003138	0	0	0	0	0	0.0001246	8.427e-05	0	0	0	0	0.0001696	8.109e-05	0	0	0	0	3.655e-05	0	0	3.096e-05	9.856e-05	4.499e-05	0	0	0	6.184e-05	0.000138
Viridibacillus	0	0	2.604e-05	4.667e-05	0	0	0	0	0.0001983	0.0002	6.847e-05	0	0	0	9.667e-05	0.000137	4.782e-05	0	0	0	0	6.185e-05	0	0	0.0002105	0.0001126	7.939e-05	0	0	5.35e-05	4.84e-05	0.0001116
Agrococcus	0	5.717e-05	0	0	0	0	0.0001761	0	0	0.0003015	5.267e-05	0	0	0	4.419e-05	5.871e-05	0	0	0.0007936	0	0	0	0	0	0	7.391e-05	0	0	0	0	0	0
Thalassobacter	0	0	2.864e-05	0	0	0	6.436e-05	4.918e-05	8.56e-05	3.478e-05	6.847e-05	5.576e-05	9.703e-05	0	7.734e-05	4.24e-05	7.069e-05	8.728e-05	6.138e-05	0	0.0001396	0	9.498e-05	0	4.334e-05	3.872e-05	0.0001376	9.184e-05	0	8.917e-05	0.0001264	6.166e-05
Crinalium	0	0.0001588	0	0	0	0	0	0.0006288	3.549e-05	0	0	0	0	0.0001522	0	0	0	0	0	6.082e-05	0	0	0	0.0001173	0	0	0	0	5.543e-05	0	0	0
Granulicatella	0	0	0	0	0	0	0.0004675	0	0.0001336	6.667e-05	9.217e-05	0	0.0001132	0	0.0001188	0	6.238e-05	0	2.85e-05	0	9.55e-05	0	5.391e-05	0	8.359e-05	0	0.0001059	0.0001225	0	8.662e-05	4.302e-05	4.991e-05
Defluviitalea	0	0	0	0	0	0	0	0	2.714e-05	0.0003188	0	0	0	0	0	0.0004892	0	0	0	0	5.142e-05	0.0001659	0	0	5.573e-05	0.0001971	0	0	0	5.605e-05	0	0.0001409
Gephyromycinifex	0	0	0	0	0	0	0	0	9.186e-05	0.0003159	0	0	0	0	0.0001215	0.000212	0	0	0	0	3.673e-05	0.0001209	0	0	0.0002384	0.0001971	0	0	0	0	0	0.0001938
Aliiroseovarius	0	0	0	0	0	0	0.0001118	0	5.428e-05	0	9.48e-05	4.695e-05	9.056e-05	0	9.944e-05	3.914e-05	0.0001455	8.728e-05	7.234e-05	0	0.0002094	3.936e-05	0.0001412	0	0	0	0.0001641	0.0001429	0	0.0001274	7.797e-05	0
[Actinomadura]	0	0	0	0	0	0	0	0	8.351e-05	0.0004261	0	0	0	0	4.696e-05	0.0002055	0	0	0	0	0	0.0001181	0	0	0.0001734	0.0001971	0	0	0	0	0	0.0002408
Parvimonas	0	5.082e-05	0	0	0	0	0	0.0001054	2.297e-05	0.0002058	6.32e-05	0	0	3.991e-05	0	0.000274	6.446e-05	0	0	4.231e-05	0	0.0001293	0	8.178e-05	0	0.0001267	3.97e-05	0	5.28e-05	0	0	0.0001468
Aquisalimonas	0	0	0	0	0	0	0.0002676	0	0	0	0	0	7.438e-05	0	0	6.523e-05	9.149e-05	0	0.0008418	0	4.407e-05	0.000208	5.134e-05	0	0	0	6.352e-05	0	0	0	0	0
Serpentinicella	0	0.0001302	0	0	0	0	0	8.431e-05	2.923e-05	9.275e-05	3.16e-05	0.000179	0	6.984e-05	0	0.0001631	4.158e-05	0.0002799	0	6.347e-05	0	5.341e-05	0	6.045e-05	0	6.688e-05	0	0	0	0	0	0
Methanosarcina	3.577e-05	0	0.0002474	0	0	0	7.452e-05	8.431e-05	0.000286	0	3.423e-05	0	0	0	0.0003066	0	6.03e-05	0	0	0	0	0	0	0	0	0	0	0	0	4.586e-05	0	0
Halorarius	0	0	0	0	0	9.637e-05	0.001477	0	0	0	0	0	0	0	0	0	0	0	3.727e-05	0	0	0	0	0	0	0	0	0	0	0	0	0
Mycoplasmopsis	0	5.4e-05	0.0001901	0	0	0	4.742e-05	0	0.0001441	9.855e-05	5.53e-05	6.162e-05	0	0	8.01e-05	9.132e-05	6.03e-05	0	0	0	0	0	0	0	8.049e-05	5.632e-05	0	0	0	4.331e-05	4.84e-05	5.579e-05
Thermococcus	0	0	0	0.0004045	0	0	0	0	0	4.928e-05	3.687e-05	0	0	0	0	0.0001109	6.446e-05	0	0	0	0	5.341e-05	0	0	0	8.447e-05	3.705e-05	0	0	0	6.722e-05	8.808e-05
Pontibacter	0	0	0	0.0003604	0	0	0	0	0	0.0001246	3.95e-05	0	0	0	0	0.0001142	3.535e-05	0	3.069e-05	0	0	3.655e-05	0	0	0	0.0001126	3.44e-05	0	0	0	3.495e-05	0.0001057
Kaistella	0	0	5.989e-05	0	0	0.0008013	0	0	0.0001294	0	0	0	0	0	0.0002072	0	0	5.718e-05	0	0	0	0	0	0	3.405e-05	0	0	0	0	0.0002369	0	0
Bacteriovorax	0	0	0.0004557	8.557e-05	0	0	0	0	0	0	0	0	0	0	0	3.262e-05	0	0	0	0	0	0	0	0	0	5.632e-05	3.97e-05	0	0	0	2.689e-05	0
Tritonibacter	0	0	0	0	0	0	0	0	0.0001482	0	0.0001448	0	8.409e-05	0	6.629e-05	0	0.0001206	0.0002047	8.111e-05	0	0.0002461	0	7.958e-05	0	0	0	7.145e-05	0.0001862	0	9.426e-05	0.0001129	0
Starkeya	0	0	0.0003021	0	0	0	8.468e-05	0	3.132e-05	0.0001072	0	0	0	0	0	5.545e-05	3.743e-05	0	0.0003091	0	0	0	0	0	0	4.928e-05	0	0	0	0	0	6.753e-05
Lacrimispora	0	3.494e-05	0	0	0	0	4.742e-05	9.133e-05	8.978e-05	0.0002203	5.004e-05	0	0	2.494e-05	2.762e-05	0.0002283	5.406e-05	0	0	3.438e-05	0	0	3.594e-05	5.689e-05	9.598e-05	0.0001197	0	4.337e-05	0	3.567e-05	0	0.0001086
Nissabacter	0	3.494e-05	0	0	3.477e-05	0.0002003	0	0	0	0	0.0004293	4.989e-05	0	0	0	0	0.0004013	7.524e-05	8.331e-05	0	0	0	0	0	0	0	0.0001456	0	0	0	9.141e-05	0
Azospira	0	0	0	0	0	0	0	0	0	0.0002725	0	0	0	0	0	0.0001174	0	0.0001234	0.0002302	0	0	0.0001012	0	0	0	0.0002253	7.41e-05	0	0	6.369e-05	7.529e-05	0.0001732
Yokenella	0	0	0	0	0	0.0001395	6.436e-05	0	0	0	0.0005083	0	0	0	0	0	0.0002932	3.612e-05	0	0	0	0	0	0	0	0	0.000299	0	0	0	0.0002796	0
Salinivibrio	0	0	0	0	0	0.0002485	0.0001694	0	0	5.507e-05	0	4.989e-05	6.792e-05	0	0	7.828e-05	7.901e-05	9.33e-05	0.0005217	0	0	9.839e-05	4.877e-05	0	0	0	3.176e-05	3.571e-05	0	0	0	0
Catenulispora	0	0	0	0	0	0	0	0	0	0.0004725	0	0	0	0	2.762e-05	0.0002968	0	0	0	0	0	0.0001377	0	0	0	0.0002253	0	0	0	0	0	0.0002055
Propionibacterium	0	0	0	0	0	9.637e-05	0	0	0.000167	0.000113	0	0	0	0	0.0001657	5.218e-05	0	0	0.000125	0	0.0001726	0	0	0	0.000192	6.336e-05	9.792e-05	0	0	0.0001681	5.915e-05	6.753e-05
Chondrinema	0	9.529e-05	0	0	0	3.55e-05	0	0.0004145	0	0	0	0.0001291	0	8.231e-05	0	0	0	0.00031	0	6.082e-05	0	0	0	4.623e-05	0	0	0	0	0	0	0	0
Sorangium	0	0	0	0	0	0	8.468e-05	0	0	0.0004087	5.53e-05	0	0	0	0	0.0001631	6.862e-05	0	4.604e-05	0	0	7.872e-05	0	0	7.43e-05	0.0002041	0	0	0	0	0	0.0002085
Robbsia	0	0	0	0	0	0	0.0002473	0	0	0	0	0	5.498e-05	0	0	0	3.951e-05	0	0.001136	0	0	4.217e-05	2.824e-05	0	0	0	0	4.337e-05	0	0	0	0
Superficieibacter	0	0	0	0	0	0.0002308	5.081e-05	0	0	0	0.0004609	3.228e-05	0	0	0	0	0.0003015	4.514e-05	0	0	0	0	0	0	0	0	0.0002514	0	0	0	0.0002043	0
Petroclostridium	0	4.129e-05	0	0	2.942e-05	0	0	0.0003372	0	0	7.11e-05	0	0	8.98e-05	0	3.262e-05	8.733e-05	0	0	0.0001613	0	0	0	0.0001636	0	4.928e-05	5.028e-05	0	0.0001795	0	0	4.404e-05
Alloalcanivorax	0	0	0	0	0	0	0.0002473	0	0	0	0	0	0.0001197	0	0	0	5.822e-05	0	0.001011	0	0	3.373e-05	6.931e-05	0	0	0	3.97e-05	0	0	0	0	0
Paludibacterium	0	0	0	0	0	0	0.0002134	0	2.297e-05	0	0	0	3.558e-05	0	0	0	0	0	0.00125	0	0	0	0	0	0	0	3.176e-05	0	0	0	0	0
Allorhizobium	0	0	0	0	0	0	0	0.0001019	0	0.0003362	0	3.815e-05	0	0	0	0.0002674	0	5.718e-05	0	0	0	0.0001012	0	0	0	0.0002006	0	0	0	0	0	0.000185
Sarcina	0	8.894e-05	0	0	0	0	0	0.0003478	4.384e-05	3.478e-05	0	0	0	0.0001272	3.867e-05	3.262e-05	0	0	0	0.0001534	0	0	0	0.0001458	6.501e-05	0	0	0	0.0001689	0	0	0
Methylocella	0	0	0	0	0	0	0.0002541	0	0	0	0	6.749e-05	0	0	0	0	2.287e-05	0	0.001142	0	0	4.498e-05	0	0	0	0	0	0	0	0	0	0
Polaromonas	0	0	0	0	0	0	0.0002608	0	0	0	0	0	6.145e-05	0	0	4.892e-05	5.406e-05	0	0.0009668	0	0	9.558e-05	4.877e-05	0	0	0	0	0	0	0	0	0
Lentibacter	0	0	0	0	0	0	0.0001728	0	0	6.087e-05	5.53e-05	0	6.145e-05	0	3.038e-05	7.502e-05	4.99e-05	6.019e-05	0.0006204	0	0	3.936e-05	4.877e-05	0	0	0	0	7.653e-05	0	6.114e-05	3.764e-05	5.579e-05
Vallitalea	0	4.447e-05	0	0	0	0	0	0.0002178	3.132e-05	0.0001246	5.794e-05	0	0	2.744e-05	0	0.0001663	4.158e-05	0	0	8.462e-05	0	6.466e-05	0	0.0001067	0	0.0001162	0	0	7.919e-05	0	0	0.0001086
Gottschalkia	0	0	0	0	0	0	0	0.0001194	0	0.0001275	5.267e-05	0	0	0	6.077e-05	0.000287	5.406e-05	0	0	4.231e-05	0	0.0001237	0	0	4.644e-05	0.0001901	0	0	5.543e-05	2.802e-05	0	0.0001409
Leminorella	0	0	0	0	0	0	0.0001829	0	0	0	0.0001606	0	0	0	0	0	0.0002017	4.514e-05	0.0008001	0	0	0	0	0	0	0	7.41e-05	0	0	0	3.226e-05	0
Salinigranum	0	0	0	0	0	0	0.001463	0	0	0	0	0	0	0	0	0	0	0	0	0	0	0	0	0	0	0	0	0	0	0	0	0
Porphyrobacter	0	0	0	0	0	0.000246	0	0	0	0.0003565	0	0	0	0	0	0.0002544	0	0	0	0	0	0.0001349	0	0	0	0.0002006	0	0	0	0	0	0.000138
Eleftheria	0	0	0	0	0	0.000175	0.0001389	0	0	4.638e-05	0	0	5.498e-05	0	0	0	0	0	0.001011	0	0	5.623e-05	2.824e-05	0	0	0	0	0	0	0	0	0
Oceanisphaera	0	0	0	0.0003682	0	0	4.404e-05	0	0	8.116e-05	6.32e-05	0	0	0	0	0.0001011	4.782e-05	0	5.042e-05	0	0	3.373e-05	0	0	0	5.632e-05	0	0	0	0	0	5.872e-05
Paramixta	0	4.764e-05	0	0	6.419e-05	0.0001319	0	0	0	0	0.0004056	5.576e-05	0	0	0	0	0.0003576	6.019e-05	0	0	0	0	0	0	0	0	0.000172	0	0	0	0.0001129	0
Megasphaera	0	0	0	0.0003163	0	0	0	0	0	6.377e-05	4.74e-05	0	0	0	0	0.0001239	4.366e-05	0	0	0	0	4.217e-05	0	0	0	0.0001021	4.764e-05	0	0	0	5.646e-05	0.0001204
Fuscovulum	0	0	0	0	0	0	0	0	3.967e-05	0	0.0001238	0	0.0001229	0	9.115e-05	0	4.574e-05	0.0001144	0	0	0.0002571	0	0.0001412	0	0	0	0.0001879	0.000102	0	0.0001299	0.0001344	4.698e-05
Pyrococcus	0	0	0	0	0	0	0	0	0	0	0	0	0	0.000202	0	0	0	0	0	0.0001005	0	0.0005004	0	0.0001173	0	0.0001619	9.527e-05	0	0.0001425	0	2.689e-05	0.0001468
Alkalilimnicola	0	0	0	0	0	0	0.00021	0	0	0	0	0	6.792e-05	0	0	5.218e-05	5.822e-05	0	0.0009076	0	0	0.0001096	0	0	3.405e-05	0	5.028e-05	0	0	0	0	0
Thomasclavelia	0	0	0.0001667	0	0	0	0	0.0001019	4.802e-05	0.0001015	0	0	0	0	0	0.0001924	2.079e-05	4.815e-05	0	0	0	3.936e-05	0	4.267e-05	3.096e-05	9.151e-05	0	0	0	5.095e-05	0	0.0001028
Pleurocapsa	0	0	0	0.0003993	0	0	0	0	0	3.478e-05	6.847e-05	0	0	0	0	8.48e-05	3.535e-05	0	0	0	0	3.655e-05	0	0	0	6.688e-05	0	0	0	2.802e-05	3.226e-05	6.753e-05
Ferribacterium	0	0	0.0001458	0	0	0	7.113e-05	0	5.219e-05	5.507e-05	6.057e-05	0.0002142	0	0	0	0.0001239	8.109e-05	3.913e-05	4.604e-05	0	0	0.0001153	4.107e-05	0	0	5.632e-05	0	5.357e-05	0	0	0	0
Desulfoscipio	0	0	0	0.000306	0	0	0	0	0	9.566e-05	5.53e-05	0	0	0	0	0.0001142	7.485e-05	3.311e-05	0	0	0	6.466e-05	0	0	0	9.503e-05	2.911e-05	0	0	0	0	7.634e-05
Blastochloris	0	0	0	0	0	0	0	0	3.758e-05	0.0004319	0	0	0	0	3.038e-05	0.0002087	0	0	0	0	0	0.0001012	0	0	0.0001145	0.000169	0	0	0	0	0	0.0001791
Mycetocola	0	0	0	0	0	0	0	0	0	0.0004725	0	0	0	0	0	0.0002283	0	0	6.796e-05	0	0	0.0001125	0	0	0	0.0001513	0	0	0	0	0	0.0002261
Paraoerskovia	0	0	0	0	0	0	0	0	4.176e-05	0.0004319	0	0	0	0	0	0.0002903	0	0	0	0	0	7.59e-05	0	0	0	0.0002288	0	0	0	0	0	0.0001703
Gilliamella	0	0	0.0001745	0	0	0	7.113e-05	0	0.0002025	0	5.53e-05	0	0	0	0.0002348	0	6.03e-05	0	0	0	0	0	0	0	0.0002477	0	0	0	0	3.312e-05	3.495e-05	0
Halococcus	0	0.0001779	0	0	0	0	0.001003	0	0	0	0	0	0	0	0	0	0	0	0	0	0	0	0	0	0	0	0	0	0	0	0	0
Plantibacter	0	0	0	0	0	0	0	0	0.0003153	0	0	0	0	0	0.0004861	0	0	0	0.0004625	6.611e-05	0	0	0	0	0	0	0	0	0	6.624e-05	0	0
Congregibacter	0	0	0	0	0	0	0.0002134	0	0	0	0	0	5.498e-05	0	0	0	0	0	0.001155	0	0	0	0	0	0	0	0	3.061e-05	0	0	0	0
Gilvimarinus	0	0	0	0	0	7.1e-05	0.0002574	0	0	0	0	0	7.762e-05	0	0	0	2.911e-05	3.913e-05	0.0008878	0	0	0	0	0	4.334e-05	0	3.44e-05	0	0	0	0	0
Arcobacter	0	0	0	0	0	0	0	0.0003162	0.0002443	0.0001246	0	0	0	0	0.0001188	0	0	9.631e-05	0	0	0	0	0	0	0.000291	0	0	0	0	0	0	0
Herbiconiux	0	0	0	0	0	0	9.146e-05	0	0	0.0004116	0	0	0	0	3.315e-05	0	0	0	0.0003639	0	0	0	0	0	0	0.0001936	0	0	0	0	0	0.000185
Halapricum	0	0	0	0	8.827e-05	0	0.00124	0	0	0	0	0	0	0	0	0	0	0	2.631e-05	0	0	0	0	0	0	0	0	0	0	0	0	0
Halomicronema	0	0	0	0.000433	0	0	0	0	0	5.218e-05	2.633e-05	0	0	0	0	7.828e-05	2.703e-05	0	0	0	0	0	0	0	0	3.872e-05	0	0	0	0	0	7.928e-05
Occultella	0	0	0	0	0	9.637e-05	0	0	0	0.0003942	0	0	0	0	0	0.0002348	0	0	0	0	0	0.0001237	0	0	0	0.0002077	0	0	0	0	0	0.0001703
Floricoccus	2.862e-05	0	0	0	0	0	0	8.079e-05	3.549e-05	0.0001072	3.423e-05	0	4.851e-05	5.737e-05	4.419e-05	8.48e-05	5.406e-05	3.01e-05	2.85e-05	6.347e-05	0	6.747e-05	0.0001335	6.756e-05	0	6.688e-05	3.44e-05	9.184e-05	2.64e-05	4.586e-05	2.689e-05	9.102e-05
Pacificitalea	0	0	0	0	0	0	0	0	8.351e-05	0	9.217e-05	0	0	0	4.696e-05	6.197e-05	0.000106	0.0001083	5.042e-05	0	0.0001947	0	0.0001053	0	0	0	0.0001138	0.000102	0	0.0001427	0.0002043	0
Zymomonas	0	0	0	0.0003838	0	0	0	0	0	5.507e-05	7.637e-05	0	0	0	0	5.871e-05	4.574e-05	0	0	0	0	4.779e-05	0	0	4.334e-05	3.872e-05	0	0	0	0	0	4.698e-05
Salinimonas	0	0	0	0	0	9.382e-05	0.0002371	0	0	0	0	0	3.881e-05	0	0	0	4.158e-05	5.417e-05	0.0008637	0	0	5.623e-05	0	0	0	0	0	0	0	0	0	0
Pasteurella	0	0	0	0	0	0	0	0	9.812e-05	0.0002232	0.0001317	0	0	0	9.115e-05	0.0002022	3.951e-05	3.913e-05	0	0	0	8.153e-05	0	0	0	0.0001971	0	0	0	0	0	0.0001174
Sedimenticola	0	0	0	0	3.477e-05	0	9.484e-05	0	0	0.0001971	0	0	0	0	0	9.458e-05	2.079e-05	0	0.0005371	0	0	6.466e-05	0	0	0	0.0001162	0	0	0	0	0	0.0001145
Thermanaerosceptrum	0	0	0	0.0003241	0	0	0	0	0	6.087e-05	3.423e-05	0	0	0	0	0.0001076	4.782e-05	0	0.0002368	0	0	0	0	0	0	0	0	0	0	0	0	4.991e-05
Thalassococcus	0	0	0	0	0	0	9.146e-05	0	5.637e-05	3.188e-05	8.427e-05	3.815e-05	6.792e-05	0	5.248e-05	5.545e-05	6.654e-05	0.0001023	7.673e-05	0	0.0001212	3.655e-05	8.985e-05	0	0	0	0.0001085	8.418e-05	0	7.898e-05	8.604e-05	3.817e-05
Rhodanobacter	0	0	0	6.483e-05	0	0.0001953	0	0	2.923e-05	0.0002667	0	0	0	0	0	0.0001239	0	0	0.0002872	0	0	0	0	0	4.025e-05	8.447e-05	0	0	0	0	0	7.928e-05
Ezakiella	0	0	0	0	0	0	0	0	2.923e-05	0.0001942	8.954e-05	0	0	0	0	0.0003327	7.485e-05	0	0	0	0	0.0001321	0	0	0	0.0002041	0	0	0	0	0	0.0001439
Pelobacter	0	0	0	0.0002878	0	3.043e-05	0	0	0	6.087e-05	4.74e-05	0	0	0	0	0.000137	3.951e-05	0	0	0	0	3.092e-05	0	0	0	7.04e-05	4.499e-05	0	0	0	5.646e-05	7.928e-05
Haloterrigena	0	0	0	0	0	0	0.0009857	0	5.428e-05	5.218e-05	0	0	0	0	6.077e-05	4.24e-05	0	0	0	0	0	0	0	0	0.0001115	0	0	0	0	0	0	0
Actinomarinicola	0	0	0	0	0	0	0.0006741	0	0	0	0	0	6.468e-05	0	0	0	0	0	0.0001052	0	6.611e-05	0	0.0001925	0	0	0	0	0.0002296	0	7.643e-05	0	0
Cohaesibacter	0	0	0.0002291	0.0001815	0	0	5.081e-05	0	0	0	2.633e-05	0	0	0	2.762e-05	0	0	0	0.0001381	0	0	0	0	0	0	0	0	0	0	0	3.495e-05	0
Occallatibacter	0	0	0	0.0003527	0	0	0	0	0	3.768e-05	4.214e-05	0	0	0	0	8.806e-05	4.158e-05	0	0	0	0	4.217e-05	0	0	0	7.04e-05	5.293e-05	0	0	0	0	6.166e-05
Cellulophaga	0	0	7.291e-05	0	0	0	5.42e-05	5.269e-05	0.0002818	0	0	0	0	0	0.0001353	0	0	0	0	0	5.877e-05	0	0	0	0.0003622	0	0	0	0	0.0001452	0	0
Mumia	0	0	0	0	0	0	3.726e-05	0	0	0.0004232	0	0	0	0	0	0.0001892	0	0	0	0	0	0.0001546	0	0	3.096e-05	0.0002358	0	0	0	0	0	9.102e-05
Mycoavidus	0	0	0	0.0003734	0	0	0	0	0	3.478e-05	5.267e-05	0	0	0	0	0.0001076	2.703e-05	0	0	0	0	2.811e-05	0	0	0	8.447e-05	0	0	0	0	0	3.23e-05
Baekduia	0	7.941e-05	0	0	0	0	0	0	0	0.0003217	0	0	0	0	0	0.0001533	0	0	0.0001359	0	0	7.59e-05	0	0	0	9.151e-05	0	0	0	0	0	0.0002173
Ruminococcus	0	0	0.0002474	4.927e-05	0	0	0	0.00013	2.923e-05	0	3.95e-05	0	0	0	0	0	4.574e-05	0	0	3.173e-05	0	0	0	4.623e-05	3.405e-05	0	3.97e-05	0	3.96e-05	0	2.689e-05	0
Anaeromicropila	0	9.212e-05	0	0	0	0	0	0.0002564	7.724e-05	6.377e-05	0	0	0	6.735e-05	8.839e-05	3.588e-05	0	0	0	9.256e-05	0	0	0	8.178e-05	5.263e-05	0	0	0	9.767e-05	4.586e-05	0	0
Cnuibacter	0	0	0	0	0	0	0	0	0	0.0003739	0	0	0	0	0	0.0002544	0	0	0	0	0	9.558e-05	0	0	0	0.0001901	0	0	0	0	0	0.0002143
Methyloversatilis	0	0	0.000164	0	0	0	0.0001016	0	0	0	2.897e-05	0	0	0	0	0	3.951e-05	0	0.000559	0	0	3.373e-05	0	0	0	0	4.234e-05	0	0	0	6.991e-05	0
Thermoclostridium	0	0	0	0.0003397	0	0	0	0	0	5.507e-05	5.53e-05	0	0	0	0	7.175e-05	8.525e-05	0	0	0	0	4.779e-05	0	0	0	0	3.705e-05	0	0	0	3.764e-05	5.872e-05
Allochromatium	0	0	0	0	0	0	0.0002541	0	3.967e-05	0	0	0	6.145e-05	0	0	6.197e-05	4.99e-05	0	0.0007103	0	0	0.0001293	0	0	0	0	0	0	0	0	0	0
Cystobacter	0	0	0	0	0	0.0002739	0.0001321	0	4.593e-05	8.406e-05	0	0	0	0	0	4.892e-05	0	0	0.0005459	0	0	0	0	0	7.43e-05	5.984e-05	0	0	0	0	0	0
Sandaracinus	0	0	0	0	0	0	6.436e-05	9.133e-05	0	0.0002754	0	0	0	0	0	0.0001924	0	0	4.604e-05	0	0	8.153e-05	0	4.623e-05	0	9.856e-05	0	0	0	0	0	0.0002114
Halothiobacillus	0	0	0	0	0	0.0002764	0.0001592	0	0	0	0	0	0	0	0	0	0	0	0.000798	0	0	5.06e-05	0	0	0	0	0	2.551e-05	0	0	0	0
Photorhabdus	0	0.0001048	0	0	0	8.876e-05	0	0.0001159	0	3.188e-05	0.0001132	4.108e-05	0	6.735e-05	4.696e-05	0	4.99e-05	8.427e-05	0	5.025e-05	0	0	0	7.467e-05	3.405e-05	0	5.822e-05	0	6.863e-05	4.586e-05	0	0
Usitatibacter	0	0	0	0	0	0	0.0001829	0	0	0	4.214e-05	0	4.528e-05	0	0	0	0	0	0.0009185	0	0	0	4.621e-05	0	0	3.52e-05	2.646e-05	0	0	0	0	0
Phototrophicus	0	0	0	0.0003604	0	0	0	0	0	6.377e-05	2.633e-05	0	0	0	0	6.523e-05	6.446e-05	0	0	0	0	3.655e-05	0	0	0	4.928e-05	0	0	0	0	0	4.991e-05
Chitinimonas	0	0	0	0	0	5.325e-05	0.0002947	0	2.923e-05	0	0	0	7.115e-05	0	0	0	3.951e-05	0	0.0007936	0	0	0	0	0	0	0	0	0	0	0	0	0
Immundisolibacter	0	0	0	0	0	0.0002815	0.00021	0	2.505e-05	0	0	0	3.881e-05	0	0	0	5.822e-05	0	0.0005678	0	0	3.655e-05	0	0	3.096e-05	0	0	3.316e-05	0	0	0	0
Thiomicrospira	0	0	0	0	0	5.072e-05	9.823e-05	0	0	3.768e-05	0	7.923e-05	0	0	2.762e-05	3.914e-05	4.782e-05	0.0001023	0.0005371	0	0	7.59e-05	0	0	5.263e-05	0	0	0	0	0	2.958e-05	4.11e-05
Azorhizobium	0	0	0.0002213	0	0	0	0.0001389	0	0	4.638e-05	0	0	4.851e-05	0	0	8.154e-05	4.574e-05	0	4.604e-05	0	0	0.0001096	0	0	0	4.576e-05	0	0	0	0	0	5.285e-05
Halorhodospira	0	0	0	0.0003838	0	0	0	0	0	4.348e-05	0	0	0	0	0	4.24e-05	5.198e-05	0	0	0	0	3.655e-05	0	0	0	5.632e-05	0	0	0	0	0	4.11e-05
Egicoccus	0	0	0	0	0	0	0	0	5.846e-05	0.0003073	0	0	0	0	4.419e-05	0.0001696	0	0	0	0	0	8.715e-05	0	0	0.0001424	0.0001373	0	0	0	0	0	0.0001468
Oscillibacter	0	0	0	0.0002671	0	0	0	0	0	6.087e-05	3.687e-05	0	0	0	0	0.0001305	4.366e-05	0	0	0	0	0	0	0	0	8.095e-05	3.44e-05	0	0	0	5.378e-05	8.514e-05
Geminocystis	0	0	0	0	0	0	0	0	0.0001733	0	0	0	0	0	9.115e-05	0	0	0	0	0	0.0001616	0	0	0	0.0006378	0	0	0	0	0.0001707	0	0
Jeonjuvirus	0	0	0	0	3.477e-05	0	4.065e-05	0	0	0	0.0003924	0	0	0	0	0	0.0002973	3.01e-05	0	0	0	0	0	0	0	0	0.0001985	0	0	0	0.000242	0
Bdellovibrio	0	0	0.0001016	7.261e-05	0	0.0001192	0	0.0001089	0.0001441	4.058e-05	0	0	0	0	5.801e-05	0	0	0	0	0	0	4.217e-05	0	0	9.907e-05	0	2.646e-05	3.316e-05	0	0	2.958e-05	0
Scandinavium	0	3.176e-05	0	0	3.745e-05	0	0	0	0	0	0.000395	4.989e-05	0	0	0	0	0.0002058	6.32e-05	5.48e-05	0	0	0	0	0	0	0	0.0002011	0	0	0	0.0001264	0
Svornostia	0	0	0	0.0001789	0	0	0	0	0	8.406e-05	5.004e-05	0	0	0	0	0.0001109	6.238e-05	0	0	0	0	6.185e-05	0	0	7.74e-05	0.0001126	0	0	0	0	5.378e-05	9.102e-05
Sphingorhabdus	0	0	0	0	0	0	0	0	0	0.0003478	0	0	0	0	0	0.0002479	0	0	0	0	0	7.028e-05	0	0	0	0.0002147	0	0	0	0	0	0.0001527
Rhodospirillum	0	0	0	0	0	9.382e-05	0	0	0	0.0003565	0	0	0	0	0	0.0001566	0	0	7.234e-05	0	0	0.0001153	0	0	0	0.0001443	0	0	0	0	0	0.0001292
Fontisphaera	0	0	0	0.0003215	0	0	0	0	0	6.667e-05	3.423e-05	0	0	0	0	6.849e-05	3.327e-05	0	0	0	0	3.655e-05	0	0	0	4.224e-05	0	0	0	0	3.226e-05	4.698e-05
Methylophilus	0	0	0	0	0	0	0	0	0	0	0	0.0002054	0	0	0	0	8.317e-05	0.0002227	0	0	0	0	0	0	0	0	8.469e-05	0	0	9.426e-05	0.000371	8.221e-05
Thermus	0	0	0	0	0	0	7.452e-05	0	0.0001274	0.0001449	0	0	0	0	0	4.566e-05	0	0	0.0003573	0	0	3.655e-05	0	0	0.0002693	0	0	0	0	0	0	6.459e-05
Myroides	0	0	0	0	0	0	0.0001999	7.728e-05	2.714e-05	0	0	0	0.0001294	0	0	8.154e-05	7.901e-05	0	0.0001162	0	0	5.623e-05	0.0001258	0	0	5.632e-05	4.764e-05	9.949e-05	0	0	6.184e-05	0
Stappia	0	0	0	0	0	0	0	0	4.176e-05	0.0002087	0	0	0	0	0	0.0001826	8.733e-05	6.019e-05	0	0	8.448e-05	8.153e-05	0	0	6.192e-05	4.928e-05	4.499e-05	0	0	3.567e-05	0	0.0001233
Ramlibacter	0	0	2.864e-05	0	0	0	0	0	0	0.0002493	0	4.989e-05	0	0	0	0.0001435	3.119e-05	3.311e-05	4.823e-05	0	0	0.0001125	0	0	0	0.0001126	3.176e-05	0	0	0	0	0.0001497
Polynucleobacter	0	0	0	4.927e-05	3.477e-05	0.0003271	0	0.0001159	2.297e-05	0	7.9e-05	5.576e-05	0	0	0	0	8.733e-05	4.213e-05	8.988e-05	0	0	0	0	0	0	0	5.028e-05	0	0	0	7.26e-05	0
Trabulsiella	0	0	0	0	0	0	0	0	0	0	0.0004582	2.935e-05	0	0	0	0	0.0002578	0	2.411e-05	0	0	0	0	0	0	0	0.0002329	0	0	0	0.0001775	0
Thioflavicoccus	0	0	0	0	0	0	0.0001592	0	0	0	0	0	5.175e-05	0	0	0	0	0	0.0009602	0	0	0	0	0	0	0	0	0	0	0	0	0
Desulforamulus	0	0	0	0.0001245	0	0	0	0.0001405	0	0.0001159	5.004e-05	0	0	0	4.696e-05	9.785e-05	3.535e-05	0	0	0	0	0	0	6.045e-05	0	5.28e-05	0	0	0	0	0	0.0001116
Sphingosinicella	0	0	0	0.0002074	0	0	0	0	0	0.0001855	0	0	0	0	0	0.0001272	0	0	5.261e-05	0	0	0	0	0	0	8.447e-05	0	0	0	0	0	0.0001028
Stieleria	0	0	0	0	0	0	0	0	0	0	0	0	0	0	0	0	0	0	0.001164	0	0	0	0	0	0	0	0	0	0	0	0	0
Thermosipho	0	0	0	0	0	0	0	0	0	0	0	0.0002582	0	0	0	0	0	0.0007133	0	0	0	0	0	0	0	0	0	0	0	0	0	0
Chimaeribacter	0	0	0	0	0	5.579e-05	0	0	0	0	0.0003423	0.0001115	0	0	0	0	0.0002495	8.427e-05	7.015e-05	0	0	0	0	0	0	0	0.0001112	0	0	0	0.0001049	0
Sphaerobacter	0	0	0	0.0002878	0	0	0	0	0	5.218e-05	4.214e-05	0	0	0	0	7.828e-05	3.743e-05	0	0	0	0	0	0	0	0	6.336e-05	2.646e-05	0	0	0	5.109e-05	4.11e-05
Haploplasma	0	0	0	0	5.35e-05	0	6.097e-05	0	0.0001628	0.0001159	5.267e-05	0	0	0	0.0001215	7.828e-05	3.743e-05	0	0	0	0	3.655e-05	0	0	0.00013	8.095e-05	0	0	0	3.821e-05	3.764e-05	3.523e-05
Cetobacterium	0	6.035e-05	5.208e-05	0	0	0	0	0.0001932	7.724e-05	4.638e-05	0	0	0	4.739e-05	4.696e-05	5.545e-05	0	0	0	0.000119	0	0	0	7.112e-05	3.096e-05	0	0	0	3.696e-05	0	0	0
Kosmotoga	0	0	0	0.0002697	0	0	0	0	0	6.957e-05	3.95e-05	0	0	0	0	7.502e-05	5.198e-05	0	0	0	0	4.217e-05	0	0	0	4.928e-05	0	0	0	0	2.958e-05	5.872e-05
Erythrobacter	2.623e-05	0	0	0	0	0.0002333	0	0	0	5.507e-05	6.847e-05	0	0	0	0	9.458e-05	8.941e-05	5.718e-05	0.0002148	0	0.0001836	0	0	0	0	7.04e-05	0	0	0	0	0	0
Caproicibacter	0	8.576e-05	0	0	0	0	0	0.0003899	0	0	0	0	0	4.989e-05	0	0	0	0	0	9.52e-05	0	0	0	9.956e-05	0	0	0	0	0.0001056	0	0	0
Thermovibrio	0	0	0	0.0002749	0	0	0	0	0	5.507e-05	3.95e-05	0	0	0	0	8.154e-05	4.782e-05	0	0	0	0	0	0	0	0	4.576e-05	2.646e-05	0	0	0	0	9.982e-05
Fodinisporobacter	0	0	0	4.667e-05	0	0	0	0.0001019	0.0001294	0.0001101	3.423e-05	0	0	0	4.419e-05	0	2.079e-05	3.913e-05	0	0	6.611e-05	0	0	4.978e-05	0.0002012	0	0	0	0	8.407e-05	3.495e-05	0
Tybeckvirus	0	0	0.0002344	0	0	0	0	0	7.933e-05	0	0	0	0	0	5.524e-05	0	0	0	0	0	0.0001763	0	0	0	4.334e-05	0	0	0	0	0.0001325	0	0
Agarilytica	2.862e-05	0	0	0	6.419e-05	0	0.0001321	0	0	4.058e-05	3.16e-05	0	0.0001358	0	0	4.24e-05	0	3.311e-05	8.988e-05	0	0	5.623e-05	0.0001643	0	0	6.688e-05	0	0.0001633	0	0	0	6.166e-05
Apilactobacillus	0	0	0	0	0	0	0	0	0.0002589	7.536e-05	0.0001633	0	0	0	9.944e-05	0	9.356e-05	0	0	0	0.0001286	0	0	0	0.0002136	0	0	0	0	4.586e-05	0	0
Actinotalea	0	0	0	0	0	0	0	0	0	0.0003304	0	0	0	0	0	0.0001598	4.99e-05	0	0	0	0	7.309e-05	0	0	0	0.000169	0	0	0	0	0	0.0001762
Glaciihabitans	0	0	0	0	0	0	0	0	0	0.0003044	0	0	0	0	0	0.0002283	3.743e-05	0	0	0	0	6.185e-05	0	0	0	0.0001584	0	0	0	0	0	0.0001615
Tahibacter	0	0	0	0	0	0	0	0	0	0.000342	0	0	0	0	0	0.0002087	0	0	0.0001008	0	0	0.0001096	0	0	0	9.503e-05	0	0	0	0	0	0.0001086
Halovivax	0	0	0	0	0	0	0.0009044	0	0	0.0001072	0	0	0	0	0	3.262e-05	0	0	0	0	0	0	0	0	0	0	0	0	0	0	0	0
Marivirga	0	0	5.729e-05	0	0	3.804e-05	0.0001355	0	5.846e-05	5.507e-05	0	0	0	0	4.143e-05	0	0	0	0.0005963	0	0	0	0	0	0	0	0	0	0	0	0	0
Calothrix	0	8.258e-05	0	0	8.559e-05	0	0	0.0001932	0	3.768e-05	0.0001343	0	0	0	0	3.588e-05	0.0001144	0	0	0	0	0	0	0	0	0	3.97e-05	0	0	0	7.797e-05	4.11e-05
Knoellia	0	0	0	0	0	0	3.726e-05	0	0	0.0003044	0	0	0	0	0	0.0001957	0	0	8.988e-05	0	0	5.341e-05	0	0	0	9.856e-05	0	0	0	0	0	0.0001644
Yimella	0	0	0	0	0	0	0	0	0	0.0003131	0	0	0	0	0	0.0001859	0	0	0	0	0	7.59e-05	0	0	0	0.0001795	0	0	0	3.312e-05	0	0.0001497
Thalassomonas	0	0	0	0.0002126	0	0	0	0	0	4.348e-05	6.057e-05	0	0	0	0	7.828e-05	2.287e-05	0	0	0	0	4.217e-05	0	0	4.953e-05	8.095e-05	2.646e-05	0	0	0	4.571e-05	7.047e-05
Helicovermis	0	0	0	0	0	0	0	0.0001019	2.505e-05	3.188e-05	0	0	0	8.481e-05	0	5.218e-05	3.119e-05	0	0	0.0001983	0	0	0	0.0001956	3.715e-05	3.52e-05	0	0	0.0002059	0	0	2.936e-05
Abyssicoccus	0	0	0	0	0	0	0	0	0.0002589	0.0002087	0	0	0	0	0.0001326	5.218e-05	0	0	0	0	5.509e-05	3.092e-05	0	0	0.0001455	4.928e-05	0	0	0	0	0	4.698e-05
Heliorestis	0	0	0	0.0002204	0	0	0	0	0	6.377e-05	3.687e-05	0	0	0	0	6.523e-05	7.069e-05	3.311e-05	0	0	0	2.811e-05	0	0	0	5.984e-05	0	0	0	0	2.958e-05	9.102e-05
Halorarum	0	0	0	0	0	0	0.0009112	0	2.297e-05	0	0	0	0	0	3.591e-05	0	0	0	0	0	0	0	0	0	7.43e-05	0	0	0	0	0	0	0
Denitrificimonas	0	0	0	0	0	0.001004	0	0	0	0	0	2.935e-05	0	0	0	0	0	5.417e-05	0	0	0	0	0	0	0	0	0	0	0	0	0	0
Natronococcus	0	0	0	0	0	0	0.0009823	0	0	0	0	0	0	0	0	0	0	0	6.357e-05	0	0	0	0	0	0	0	0	0	0	0	0	0
Solimonas	0	0	0	0	0	0	0.0001287	0	0	0	0	0	4.204e-05	0	0	0	0	0	0.0008746	0	0	0	0	0	3.405e-05	0	0	0	0	0	0	0
Tateyamaria	0	0	0	0	0	0	4.404e-05	0	4.176e-05	0	7.9e-05	0	5.175e-05	0	8.286e-05	0	7.277e-05	5.417e-05	5.042e-05	0	0.0001579	0	8.985e-05	0	0	0	9.792e-05	7.398e-05	0	8.407e-05	0.0001183	0
Bacterioplanes	0	0	0	0	0	0.0003094	0.0001321	0	0	0	0	0	5.821e-05	0	0	7.828e-05	6.03e-05	3.612e-05	8.768e-05	0	4.407e-05	0.0002193	3.594e-05	0	0	0	0	0	0	0	0	0
Anaeropeptidivorans	0	8.576e-05	0	0	0	0	0	0.0003653	0	0	0	0	0	4.739e-05	0	0	0	0	0	9.256e-05	0	0	0	0.0001102	0	0	0	0	6.335e-05	0	0	0
Halalkalicoccus	0	0	0	0	0	0	0.001023	0	0	0	0	0	0	0	0	0	0	0	0	0	0	0	0	0	0	0	0	0	0	0	0	0
Salinibaculum	0	0	0	0	0	0	0.001023	0	0	0	0	0	0	0	0	0	0	0	0	0	0	0	0	0	0	0	0	0	0	0	0	0
Hartmannibacter	0	0	0	5.705e-05	0	0	4.065e-05	0	0	0.0002058	0	0	0	0	0	0.0001305	4.99e-05	0	0	0	0	0.0001349	0	0	0	9.151e-05	0	0	0	0	0	0.0001468
Periweissella	0	0	2.864e-05	0	0	0	0	0	4.593e-05	6.087e-05	0.0003476	0	3.558e-05	0	3.591e-05	7.175e-05	0.0001393	0	0	0	0	0	0	0	4.644e-05	5.632e-05	0	0	0	4.84e-05	0	3.23e-05
Caldicellulosiruptor	0	7.941e-05	0	0	0	0	0	0.0003232	3.549e-05	4.058e-05	4.477e-05	0	0	0	0	0	0	0	0	7.934e-05	0	0	0	0	4.953e-05	0	0	0	0.0001056	0	0	0
Marivivens	0	0	0	0	0	0	5.081e-05	0	2.923e-05	0.0001072	5.267e-05	0	3.881e-05	0	0	8.48e-05	0	7.524e-05	4.384e-05	0	7.713e-05	4.779e-05	3.337e-05	0	0	8.095e-05	6.881e-05	5.102e-05	0	2.802e-05	5.915e-05	5.285e-05
Telluria	0	0	0	0	0	4.565e-05	8.807e-05	0	0	0	0.0002054	0	4.851e-05	0	0	6.523e-05	0.0001705	5.417e-05	0.000125	0	0	0.0001799	3.337e-05	0	0	0	0	0	0	0	0	0
Rhodovastum	0	0	0	0	0	0	0.000166	0	0	0	0	0	7.438e-05	0	0	0	0	0	0.0008023	0	0	0	0	0	0	0	0	0	0	0	0	0
Acetoanaerobium	0	5.082e-05	0	0	0	0	0	0.0001511	0	0.0001015	0	0	0	3.741e-05	0	0.0001402	0	0	0	5.554e-05	0	3.936e-05	0	5.689e-05	0	7.04e-05	0	0	6.071e-05	0	0	6.166e-05
Solidesulfovibrio	0	0	0	0	0	3.55e-05	0.0001389	0	3.132e-05	0	0	2.935e-05	3.558e-05	0	0	0.0001044	0.0001206	0	0.0001688	0	0	0.0002193	0	0	6.501e-05	0	2.911e-05	0	0	3.312e-05	0	0
Runella	0	0	0	0.0002593	0	0	0	0	3.132e-05	3.478e-05	3.16e-05	0	0	0	0	7.828e-05	2.911e-05	0	0	0	0	3.092e-05	0	0	0	4.576e-05	0	0	0	0	3.226e-05	3.817e-05
Silvanigrella	0	0	0	0	0	0	0	0.0001827	0	0	0	0.0001203	0	4.739e-05	0	0	0	0.0004394	0	4.231e-05	0	0	0	0	0	0	0	0	0	0	0	0
Pararhizobium	0	0	0.0001406	9.335e-05	0	5.579e-05	0	0	0	0	0	0	0	0	0	3.914e-05	7.277e-05	0	8.768e-05	0	0	3.373e-05	4.877e-05	0	0	0	3.44e-05	0	0	0	4.033e-05	0
Okeanomitos	0	4.129e-05	0	0	0	0	0	0.0003759	0	0	0	0	0	0	0	0	0	0	0	0.0002036	0	0	0	0	0	0	0	0	0.0001689	0	0	0
Silicimonas	0	0	0	0	0	0	0	0	4.593e-05	0	0.0001001	0	0	0	4.696e-05	6.197e-05	6.446e-05	4.815e-05	0	0	0.0001249	0	4.107e-05	0	0	6.336e-05	9.263e-05	6.888e-05	0	0.0001121	8.066e-05	5.872e-05
Komagataeibacter	0	0	0	0	0	0	0.0001355	0	0	0.0001159	0	4.989e-05	0	0	0	5.871e-05	6.446e-05	0	0.0003573	0	0	5.623e-05	0	0	4.334e-05	4.576e-05	0	0	0	0	0	3.817e-05
Idiomarina	0	0	0	0	0	0.0001953	0.0005115	0	0	0	0	0	4.851e-05	0	0	3.914e-05	2.703e-05	0	6.577e-05	0	0	0.0001209	0	0	0	0	0	0	0	0	0	0
Gleimia	0	0	0	0.0002956	0	0	0	0	0	0	0	0	0	0	0	9.458e-05	3.535e-05	0	0	0	0	0	0	0	0	7.391e-05	0	0	0	0	0	4.698e-05
Acidithiobacillus	0	0	0	8.298e-05	6.419e-05	0.0001521	0	0	0	0	7.11e-05	0	0	0	0	3.588e-05	9.772e-05	0	0.000171	0	0	3.936e-05	0	0	0	4.224e-05	3.97e-05	0	0	0	7.26e-05	0
Pseudocitrobacter	0	0	0	0	4.012e-05	0	0	0	2.088e-05	0	0.0003713	3.521e-05	0	0	0	0	0.0001809	8.427e-05	0	0	0	0	0	0	0	0	0.0001482	0	0	0	9.679e-05	0
Protaetiibacter	0	0	0	0	0	0	0	0	0	0.0002783	0	4.402e-05	0	0	0	0.0001044	0	0.0001144	0	0	0	5.623e-05	0	0	0	0.0001056	0	0	0	0	0	0.0001468
Salinirubellus	0	0	0	0	0	0	0.0009688	0	0	0	0	0	0	0	0	0	0	0	0	0	0	0	0	0	0	0	0	0	0	0	0	0
Zobellella	0	0	0	0	0	0	0.0001728	0	0	0	0	0	7.762e-05	0	0	0	0	3.612e-05	0.0007037	0	0	0	0	0	0	0	0	0	0	0	0	0
Siansivirga	0	0	0	0	0	0	0	0	9.186e-05	0.0001275	0	0	0	0	3.867e-05	0.0001566	0	0	0	0	0	9.558e-05	0	0	8.669e-05	9.856e-05	0	0	0	0	0	0.0001732
Aggregatimonas	0	0	0	0	0	0	5.759e-05	0	0	0	0	0	0.0001294	0	0	0	0	0	6.357e-05	0	0	0	0.0004492	0	0	0	0	0.000398	0	0	0	0
Methylovirgula	0	0	0	0	0	0	0.0001152	0	0	0	0	0	0	0	0	0	0	5.417e-05	0.0007563	0	0	0	4.364e-05	0	0	0	0	0	0	0	0	0
Peptacetobacter	0	4.129e-05	0	0	0	0	0	0.0001405	6.054e-05	0.0001159	3.16e-05	4.402e-05	0	0	4.143e-05	6.849e-05	3.119e-05	7.223e-05	0	0	0	4.498e-05	0	0	0	7.744e-05	0	0	0	0	0	0
Obesumbacterium	0	0	0	0	0	9.637e-05	0	0	0	0	7.11e-05	0.0002876	0	0	0	0	7.901e-05	0.0003461	0	0	0	0	0	0	0	0	0	0	0	0	0	0
Melissococcus	0	0	7.551e-05	0	0	0	0	0	9.186e-05	4.348e-05	3.423e-05	0	0	0	9.391e-05	4.24e-05	3.743e-05	0	0	0	0	3.655e-05	4.877e-05	0	3.715e-05	4.576e-05	5.822e-05	4.592e-05	0	5.35e-05	0	5.872e-05
Halomicrococcus	0	0	6.249e-05	0	0	0	0.0007622	0	0	0	0	0	0	0	0	0	0	0	0	0	0	0	0	0	0	0	0	0	0	0	0	0
Thalassolituus	0	0	0	0	0	0.0006771	0	0	0	0	0	0	0	0	0	0	0	6.922e-05	0.0001118	0	0	9.839e-05	0	0	0	0	0	0	0	0	0	0
Egibacter	0	0	0	0	0	0	0	0	9.603e-05	0.0002174	0	0	0	0	6.905e-05	9.458e-05	0	0	4.165e-05	0	0	4.217e-05	0	0	0.0001145	9.151e-05	0	0	0	0	0	7.34e-05
Undibacterium	0	0	0	0	0	0.0001116	0.0001287	0	0	0	0	0	0	0	0	0	0	3.913e-05	0.0006598	0	0	0	0	0	0	0	0	0	0	0	0	0
Orientia	0	5.082e-05	0	0	0	0	0	0.0001019	0.000119	7.536e-05	0	7.336e-05	0	2.494e-05	0	0	0	0.0001685	0	3.173e-05	0	0	0	0	0.0001115	0	0	0	0	0	0	0
Collimonas	0	0	0	0	0	0.0005021	0	0	0	0	0	0	0	0	0	0	0.0002578	3.311e-05	0.0001535	0	0	0	0	0	0	0	0	0	0	0	0	0
Desulfofundulus	0	0	0	0.0001997	0	0	0	0	0	3.768e-05	7.374e-05	0	0	0	0	0.0001076	4.99e-05	0	0	0	0	3.373e-05	0	0	0	0	3.176e-05	0	0	0	0	6.459e-05
Thiosocius	0	0	0	0	0	0.0001496	0.0001694	0	0	0	0	0	3.234e-05	0	0	0	0	0	0.0005853	0	0	0	0	0	0	0	0	0	0	0	0	0
Aristaeella	0	0	0	0	0	0	3.387e-05	0	0	0.000142	0	0	0	0	0	0.0001076	0	0	0.0002828	0	0	6.747e-05	0	4.267e-05	0	7.391e-05	0	0	0	0	0	0.0001028
Miniimonas	0	0	0	0	0	0	0	0	4.593e-05	0.0002203	0	0	0	0	0	0.0001076	0	0	0	0	0	7.028e-05	0	0	0.0001362	9.503e-05	0	0	0	0	0	0.0001439
Mesomycoplasma	0	0	5.989e-05	0	0	0	0	5.269e-05	0.0001879	3.478e-05	0	0	0	0	0.0001713	8.48e-05	0	0	0	0	0	0	6.161e-05	0	4.025e-05	0	0	0	0	0	0	4.698e-05
Mariniflexile	0	0	0	0	0	0	0	0.0002002	3.549e-05	0	0	0	0	9.229e-05	3.038e-05	0	0	0	0	0.0001216	0	0	0	8.89e-05	0.0001362	0	0	0	8.975e-05	3.821e-05	0	0
Echinicola	0	0	0	0	0	0	0	0.0001335	0.0001441	0	0	0	0	3.243e-05	0	0	0	8.728e-05	0	0	0	0	0	0	0.0003065	5.28e-05	0	0	0	5.859e-05	0	0
Halioglobus	0	0	0	0	2.675e-05	5.325e-05	0.000105	0	0	0	3.95e-05	0	0	0	0	5.545e-05	0.0001435	0	0.0002543	0	0	8.434e-05	0	0	0	0	6.616e-05	0	0	0	7.529e-05	0
Desulfoglaeba	0	0	0	0.0002645	0	0	0	0	0	3.188e-05	3.687e-05	0	0	0	0	5.871e-05	0	0	0	0	0	0	0	0	0	6.688e-05	0	0	0	0	0	3.523e-05
Helcobacillus	0	0	0	0	0	0	0	0	4.176e-05	0.0002812	0	0	0	0	6.353e-05	0.0001305	0	0	0	0	0	0	0	0	8.359e-05	0.0001021	0	0	0	0	0	8.514e-05
Anaerococcus	0	0	4.166e-05	0	0	0	0	0.0002705	0.0001127	6.667e-05	0	0	0	0	4.419e-05	0	0	0	0	7.14e-05	0	0	0	7.112e-05	0	0	0	0	0	0	0	0
Nordella	0	0	0	0	0	0	0.0001558	0	0	0	0	0	4.851e-05	0	0	0	0	0	0.0007125	0	0	0	0	0	0	0	0	0	0	0	0	0
Larmunavirus	0	0	0	0	0	0	0	0	0.00019	0	0	0	0	0	0.0001547	0	0	0	0	0	0.0001359	0	0	0	0.0002136	0	0	0	0	0.0001936	0	0
Crateriforma	0	0	0	0	0	0	0	0	0	0.0002696	3.16e-05	0	0	0	0	0.0001761	0	0	0	0	0	4.498e-05	0	0	0	0.0001197	0	0	0	0	0	0.0001174
Natronosalvus	0	0	0	0	0	0	0.0008638	0	0	0	0	0	0	0	0	0	0	0	0	0	0	0	0	0	0	0	0	0	0	0	0	0
Microvirga	0	0	0	0	0	7.861e-05	0	0	0	0.0002812	0	0	0	0	0	0.0001566	0	0	2.631e-05	0	0	7.872e-05	0	0	0	4.928e-05	0	0	0	0	0	9.982e-05
Chitinibacter	0	0	0	0	0	0	0.000227	0	0	0	0	0	0	0	0	0	0	0	0.0006555	0	0	0	0	0	0	0	0	0	0	0	0	0
Sulfurimonas	0	0	2.864e-05	0	0	7.354e-05	5.42e-05	0.000144	8.768e-05	0	3.95e-05	0	0	0	9.115e-05	0	4.99e-05	4.213e-05	0	0	0	0	0	3.556e-05	3.405e-05	0	2.646e-05	0	3.168e-05	0	0	0
Anaerobutyricum	0	0	0	0	0	0	0	0	3.34e-05	8.986e-05	0.0001475	0	0	0	0	0.0001011	0.0001684	0	0	0	0	0	0	0	0	5.984e-05	7.145e-05	0	0	0	7.26e-05	7.634e-05
Natrialba	0	0	0	0	0	0	0.0003794	0	3.758e-05	0	0	0	0	0	0	0	0	0	0.0004121	0	0	0	0	0	3.405e-05	0	0	0	0	0	0	0
Treponema	0	0	4.166e-05	0	2.942e-05	3.043e-05	0	0	9.812e-05	0	8.164e-05	0	0	0	3.867e-05	0	7.485e-05	0	0.0001293	0	0	0	0	0	0.0001424	0	3.705e-05	0	0	3.312e-05	4.84e-05	0
Rhodoluna	0	0	0	0	0	6.593e-05	0	0	0	0.0003304	0	0	0	0	0	0.0001207	0	0	0	0	0	5.341e-05	0	0	0	6.336e-05	0	0	0	0	0	0.0001145
Loktanella	0	0	0	0	0	0	0	0	8.351e-05	3.478e-05	7.374e-05	5.282e-05	0	0	5.524e-05	0	5.198e-05	9.33e-05	2.631e-05	0	6.979e-05	0	3.851e-05	0	4.953e-05	0	3.176e-05	5.612e-05	0	6.624e-05	6.453e-05	0
Roseicitreum	0	0	0	0	0	0	5.42e-05	0	2.297e-05	0	6.847e-05	0	0	0	3.038e-05	0	3.951e-05	9.631e-05	8.988e-05	0	9.916e-05	0	5.647e-05	0	0	0	7.675e-05	9.439e-05	0	6.624e-05	8.066e-05	0
Profundibacter	0	0	0	7.001e-05	0	0	0	0	3.967e-05	0	7.11e-05	0	0	0	3.315e-05	4.566e-05	6.862e-05	3.311e-05	2.631e-05	0	8.08e-05	0	3.851e-05	0	3.715e-05	0	5.558e-05	3.061e-05	0	6.369e-05	6.722e-05	0
Paludisphaera	0	0	0	0	0	0	9.823e-05	0	0	0.0001536	0	0	0	0	0	0.0001044	0	0	0.0002148	0	0	3.655e-05	0	0	0	8.8e-05	0	0	0	0	0	8.514e-05
Bythopirellula	0	0	0	0.0002282	0	0	0	0	0	3.188e-05	2.897e-05	0	0	0	0	6.523e-05	2.079e-05	0	0	0	0	2.811e-05	0	0	0	8.8e-05	0	0	0	0	0	0
Halomontanus	0	0	0	0	0	0	0.0005657	0	2.505e-05	0	2.633e-05	0	0	0	0	0	3.743e-05	0	0.0001359	0	0	0	0	0	4.953e-05	0	0	0	0	0	0	0
Haematobacter	0	0	0	0	0	0.0001851	0	0	3.758e-05	0	7.374e-05	0	0	0	0	0	5.614e-05	8.126e-05	0.0001162	0	0.0001322	0	0	0	0	0	8.204e-05	0	0	9.426e-05	0	0
Desulfotomaculum	0	0	0	0	0	0	0	0	2.923e-05	0	0	0.0003932	0	0	0	7.502e-05	3.951e-05	0.0001896	0	0	0	4.498e-05	0	0	0	0	0	0	0	0	0	0
Aestuariispira	0	0	0	0	0	0	0	0	0	0.0002551	0	0	0	0	0	0.0001924	0	0	4.384e-05	0	0	4.217e-05	0	0	0	0.0001126	2.646e-05	0	0	0	0	5.872e-05
Fimbriimonas	0	0	0	0	0	0	0.0001795	0	0.0001691	0	0	0	0	0	0.0001326	0	2.703e-05	0	4.165e-05	0	0.0001506	0	2.824e-05	0	0	0	0	5.612e-05	0	6.624e-05	0	0
Halothece	0	0	0	0.0001763	0	0	0	0	0	4.058e-05	0	0	0	0	0	0.0001044	3.119e-05	0	0	0	0	3.092e-05	0	0	0	5.984e-05	0	0	0	0	4.571e-05	5.285e-05
Capnocytophaga	0	0	0	0	0	0	0	0.0001054	0.0001357	0	0	9.097e-05	0	0	0	0	0	0.0001023	0	0	0	0	0	0	0.0003127	0	0	0	0	0	0	0
Tatumella	0	0	0	0	0	0	0	0	3.967e-05	0	0.0002739	7.63e-05	0	0	0	0	0.0001934	5.718e-05	0	0	0	0	3.851e-05	0	0	0	7.675e-05	0	0	0	7.529e-05	0
Ignatzschineria	0	0	0	0	0	0	0	0	3.132e-05	0	2.897e-05	0	0	0	3.315e-05	0	0	0	0	0	4.407e-05	0	0	0	0	0	0	0	0	0.0007439	0	0
Ciceribacter	0	0	0	0	0	0	4.742e-05	0.0001721	0	0	0	9.977e-05	0	0	0	0	3.951e-05	0.0002468	0	0	0	8.153e-05	0	0	0	0	0	0	0	0	0	0
Segniliparus	0	0	0	0	0	0	0	0	2.923e-05	0.0002029	0	0	0	0	0	0.0001663	0	0	0	0	0	5.904e-05	0	0	3.405e-05	9.856e-05	0	0	0	0	0	0.0001233
Neotabrizicola	0	0	0	0	0	0	4.742e-05	0	6.263e-05	0	8.427e-05	0	0	0	4.419e-05	0	4.366e-05	6.621e-05	4.604e-05	0	8.448e-05	0	6.674e-05	0	4.025e-05	0	7.145e-05	4.592e-05	0	4.84e-05	7.797e-05	0
Miniphocaeibacter	0	0	0	0	0	0	0	0	0	0.0001044	6.584e-05	0	0	0	0	0.0001761	4.99e-05	0	0	0	0	7.872e-05	0	0	0	0.0001619	0	0	0	0	0	9.102e-05
Aquitalea	0	0	0	0	0	0.0005579	8.13e-05	0	0	0	0	0	0	0	0	0	0	4.213e-05	5.261e-05	0	0	9.277e-05	0	0	0	0	0	0	0	0	0	0
Tabrizicola	0	0	0	0	0	0	0	0	3.549e-05	0	7.11e-05	5.869e-05	6.468e-05	0	4.419e-05	0	4.366e-05	3.913e-05	3.727e-05	0	0.0001286	0	4.877e-05	0	0	0	6.881e-05	0	0	6.114e-05	7.797e-05	4.991e-05
Nodularia	0	0	0	5.964e-05	0	0	0	0	0.0001566	6.957e-05	0	0	0	0	0.0001989	0	0	0	0	0	6.979e-05	0	0	0	7.74e-05	0	0	0	0	6.624e-05	0	0
Melittangium	0	0	0	0	0	0	0	0	0	0.000287	0	0	0	0	0	0.00015	0	0	0	0	0	4.498e-05	0	0	0	0.0001091	0	0	0	0	0	9.982e-05
Microvirgula	0	0	0	0	0	0.0007024	0	0	0	0	0	6.162e-05	0	0	0	0	0	3.01e-05	0	0	0	0	0	0	0	0	3.176e-05	0	0	0	0	0
Metasolibacillus	0	0	0	0	0	0	0	0	0.0003111	0	0	0	0	0	0.0003315	0	0	0	0	0	0	0	0	0	0	0	0	0	0	0.0001325	0	0
Fontisubflavum	0	0	0	0	0	0	5.42e-05	0	4.384e-05	0	7.374e-05	0	5.175e-05	0	5.524e-05	0	4.782e-05	7.223e-05	4.604e-05	0	8.08e-05	0	7.958e-05	0	0	0	3.97e-05	4.847e-05	0	3.821e-05	4.84e-05	3.523e-05
Halanaerobium	0	0	0	0	0	0	0	0	7.098e-05	0.0001304	7.11e-05	0	0	0	0	7.828e-05	9.98e-05	3.01e-05	0	3.173e-05	0	0.000104	0	0	0	8.095e-05	0	0	0	0	0	3.817e-05
Vaginimicrobium	0	0	0	0	0	0	0	0	0	0.0002783	0	0	0	0	0	0.0001631	0	0	0	0	0	7.872e-05	0	0	0	9.503e-05	0	0	0	0	0	7.047e-05
Mannheimia	0	0	0	0	3.745e-05	8.115e-05	0	0	0	6.377e-05	0.0001317	0	0	0	0	8.48e-05	0.0001185	0	0	0	0	0	0	0	0	8.447e-05	5.822e-05	0	0	0	4.302e-05	4.404e-05
Acidianus	0	0	0	0	0	0	4.742e-05	0	6.681e-05	6.957e-05	3.423e-05	0	3.881e-05	0	6.353e-05	4.24e-05	3.743e-05	0	2.192e-05	0	0	3.373e-05	0.0001848	0	0	0	0	8.163e-05	0	0	0	7.34e-05
Gemmata	0	0	0.0001693	0	0	0	0	0	0	0.0001246	0	0	0	0	0	3.914e-05	0	0	3.507e-05	0	0	0	0	0	0	4.928e-05	0	0	0	0	0	4.11e-05
Oricola	0	0	0	0	0	0	0.0001423	0	0	0	0	0	0	0	0	9.458e-05	3.327e-05	0	0.0003288	0	0	0.0001125	3.851e-05	0	0	0	3.176e-05	0	0	0	0	0
Aliamphritea	0	0	0	0	0	0.0001014	0.000149	0	0	0	0	0	0	0	0	5.218e-05	4.158e-05	5.718e-05	0.0002368	0	0	0.0001349	0	0	0	0	0	0	0	0	0	0
Enterobacteriaceae	0	0	2.604e-05	0	0	0	0	0	0.000286	0	4.477e-05	0	0	0	0.0001215	0	4.366e-05	0	0	0	0	0	0	0	0.00013	0	2.646e-05	0	0	0	3.495e-05	0
Brachyspira	0	0	8.072e-05	0	0	0	0	0	0.0001169	0	0	6.456e-05	0	0	3.867e-05	0	0	0.0001023	0	0	0	0	0	0	0.0002012	0	0	0	0	0	0	0
Cloacibacterium	0	0	0.0002864	0	0	0	0	0	0	0	0	0	0	0	0	0	0	0	0	0	0	0	0	0	0	0	0	0	0	0	0	0
Porphyromonas	0	0	0	0	0	0.0006923	0	0	2.297e-05	0	0	0	0	0	0	0	0	3.612e-05	0	0	0	0	0	0	4.025e-05	0	0	0	0	0	0	0
Hyphomonas	0	0	0	0	0.0001658	0	0	0	7.516e-05	0.0001188	0	0	0	0	4.972e-05	8.154e-05	3.327e-05	0	0	0	0	3.936e-05	0	0	0	5.984e-05	0	0	0	0	0	3.817e-05
Halanaeroarchaeum	0	0	0	0	0	0	0.0007588	0	0	0	0	0	0	0	0	0	0	0	0	0	0	0	0	0	0	0	0	0	0	0	0	0
Alkalibacterium	0	0	0	8.038e-05	0	0	0	0	0	0	0.0001501	0	0	0	0	0	9.149e-05	0	0	0	0	0	0	0	8.359e-05	0	0.0001112	0	0	4.331e-05	0.0001049	0
Saxibacter	0	0	0	0	0	5.325e-05	0	0	0	0.0002493	0	0	0	0	0	0.0001174	0	0	0	0	0	4.498e-05	0	0	0	9.856e-05	0	0	0	0	0	0.0001028
Emergencia	0	0	0	0	4.815e-05	0.0002232	0	0	4.384e-05	0	5.794e-05	0	0	0	5.248e-05	0	7.069e-05	0	0	0	3.673e-05	0	0	0	0.0001176	0	6.087e-05	0	0	5.095e-05	0	0
Phreatobacter	0	0	0	0	0	0	4.742e-05	0	0	0.0001536	0	0	0	0	0	4.566e-05	0	0	0.0004012	0	0	0	0	0	0	0	0	0	0	0	0	7.047e-05
Dysgonomonas	0	0	0	0.0002204	0	0	0	0	3.758e-05	3.188e-05	2.633e-05	0	0	0	4.696e-05	3.262e-05	0	0	0	0	0	0	0	0	3.096e-05	0	0	0	0	0	0	0
Magnetococcus	0	0	0	0	0	0	0.0001118	5.972e-05	0	0	0	4.695e-05	0	0	0	0	0	3.01e-05	0.000445	0	0	0	0	0	0	0	2.646e-05	0	0	0	0	0
Allocoprobacillus	0	3.812e-05	0	0	0	0	0	5.62e-05	0.0001023	7.247e-05	0	0	0	0	6.905e-05	0.0001011	0	0	0	0	0	0	0	0	9.598e-05	0	0	0	0	3.567e-05	0	4.991e-05
Thermodesulfobacterium	0	0	0	0	0	0	0	0.000274	0	0	6.584e-05	0	0	0	0	0	4.366e-05	0	0	7.405e-05	0	0	0	9.245e-05	0	0	0	0	2.64e-05	0	4.571e-05	0
Halopiger	0	0	0	0	0	0	0.0004607	0	0	9.855e-05	0	0	0	0	0	9.785e-05	0	0	0	0	0	3.655e-05	0	0	0	0	0	0	0	0	0	0
Subtercola	0	0	0	0	0	0	0	0	0	0.0002522	0	0	0	0	0	0.0001729	0	0	0	0	0	3.936e-05	0	0	0	0.0001091	0	0	0	0	0	5.872e-05
Richelia	0	0	0	0	0	0	0	0	9.395e-05	0	0	0	0	0	8.01e-05	0	0	0	0	0	8.448e-05	0	0	0	0.0003901	0	0	0	0	9.171e-05	0	0
Aphroditevirus	0	0	0	0	0	0	0.0001084	0	0	0	0	0	3.881e-05	0	0	0	0	0	0.0005831	0	0	0	2.567e-05	0	0	0	0	0	0	0	0	0
unidentified	0	0	3.385e-05	0	0	0	0	0	3.34e-05	0	0.0001106	0	0	0	5.524e-05	0	8.733e-05	0	0	0	0	3.655e-05	0	0	0.0001176	0	0.0001297	0	0	0	8.335e-05	0
Paroceanicella	0	0	0	0	0	0	0	0	4.802e-05	0	7.9e-05	7.63e-05	0	0	4.143e-05	0	0	8.427e-05	0.0001096	0	0.0001102	0	0	0	0	0	0	0	0	5.095e-05	6.453e-05	5.872e-05
Dokdonella	0	0	0	0	0	7.1e-05	0.0001355	0	0	0	0	0	0	0	0	6.197e-05	5.406e-05	0	0.000331	0	0	7.872e-05	0	0	0	0	0	0	0	0	0	0
Caldinitratiruptor	0	0	0	0	0	0	0	0	0	0.0002145	0	0	0	0	0	0.0001044	0	0	0	0	0	4.498e-05	0	0	0	0.0001408	0	0	0	0	0	0.0001292
Pontivivens	0	0	0	0	0	0	0	0	3.549e-05	0	3.16e-05	0	6.145e-05	0	0	0	7.069e-05	5.718e-05	0.0001206	0	0.0001139	0	4.621e-05	0	0	0	5.558e-05	3.061e-05	0	6.114e-05	7.529e-05	0
Blastopirellula	0	0	0	2.593e-05	0	0	0	0	0	0.0001594	0	0	0	0	0	0.0001272	0	0	6.138e-05	0	0	3.655e-05	0	0	0	9.151e-05	0	0	0	0	0	0.0001057
Thiorhodovibrio	0	0	0	0	0	0.0001217	9.146e-05	0	0	0	0	0	4.204e-05	0	0	3.588e-05	4.158e-05	0	0.0002652	0	0	0.0001377	0	0	0	0	0	0	0	0	0	0
Acutalibacter	0	0	0	0	0	0	0	0	2.297e-05	9.855e-05	0	0	0	0	3.591e-05	0.000137	0	0	0	0	0	5.904e-05	0	0	5.263e-05	0.0001126	0	0	0	0	0	0.0001262
Defluviimonas	0	0	0	0	0	0	0	0	3.132e-05	0	6.847e-05	4.989e-05	0	0	0	0	4.99e-05	4.213e-05	0	0	0.0001028	0	7.188e-05	0	0	0	4.764e-05	7.143e-05	0	7.643e-05	6.184e-05	7.047e-05
Oryzisolibacter	0	0	0	0	0	5.832e-05	9.484e-05	0	0	0	0	0	0	0	0	0	0	0	0.0005831	0	0	0	0	0	0	0	0	0	0	0	0	0
Lonsdalea	0	0	0	0	0	0	0	0	0	0	0.0002054	8.803e-05	0	0	0	0	0.0001851	3.612e-05	4.165e-05	0	0	0	0	0	0	0	0.0001085	0	0	0	5.915e-05	0
Rhodophyticola	0	0	0	0	0	0	0	0	3.132e-05	0	4.477e-05	0	0	0	6.629e-05	0	4.782e-05	5.718e-05	3.727e-05	0	0.0001175	0	6.418e-05	0	0	0	6.616e-05	5.612e-05	0	7.388e-05	8.066e-05	0
Desulfuromonas	0	0	0	0	0	2.789e-05	0	0	4.593e-05	0.000142	0	0	0	0	0	0.0001468	0	0	4.604e-05	0	0	0	0	0	8.669e-05	9.151e-05	0	0	0	0	0	5.285e-05
Marichromatium	0	0	0	0	0	0	0.0001761	0	0	0	0	0	0	0	0	8.154e-05	8.317e-05	0	0.0001776	0	0	0.0001884	0	0	0	0	0	0	0	0	0	0
Megamonas	0	0	0	0	0	4.311e-05	0	5.269e-05	0.0001086	5.507e-05	0	0	0	0	0.0001105	4.892e-05	0.000104	3.01e-05	0	0	0	5.904e-05	0	0	0	0	0	0	0	0	0	3.817e-05
Brooklawnia	0	0	0	0	0	0	0	0	2.505e-05	0.0001449	0	0	0	0	0	0.0001044	0	0	0	0	5.877e-05	4.779e-05	0	0	0	7.04e-05	0	0	0	7.388e-05	0	0.0001262
Parasedimentitalea	0	0	0	0	0	0.0001927	0	0	3.132e-05	0	6.584e-05	0	0	0	0	0	5.406e-05	0	7.015e-05	0	0.0001396	0	3.08e-05	0	0	0	4.234e-05	4.337e-05	0	4.076e-05	4.302e-05	0
Thiobacillus	0	0	0	0	0	0.0002942	6.775e-05	0	0	0	0	0	0	0	0	0	0	0	0.0003354	0	0	3.655e-05	0	0	0	0	0	0	0	0	0	0
Pseudoroseomonas	0	0	0	0	0	0.0002206	7.113e-05	0	2.714e-05	0	0	0	0	0	0	0	0	0	0.0003771	0	0	0	0	0	0	0	3.44e-05	0	0	0	0	0
Urbifossiella	0	0	0	0	0	0	0	0	0	0.0002116	0	0	0	0	0	0.0001337	0	0	0	0	0	5.341e-05	0	0	0	0.0001091	0	0	0	0	0	0.0001086
Sulfidibacter	0	0	0	0	0	0	8.807e-05	0	0	4.638e-05	0	0	3.234e-05	0	0	0	2.911e-05	0	0.0003201	0	0	0	0	0	6.811e-05	4.224e-05	0	0	0	4.84e-05	0	2.936e-05
Guyparkeria	0	0	0	0	0	0	6.775e-05	0	0	0	0	4.108e-05	0	0	0	3.914e-05	3.535e-05	7.223e-05	0.0003749	0	0	6.185e-05	0	0	0	0	0	0	0	0	0	0
Natronorubrum	0	0	0	0	0	0	0.0006978	0	0	0	0	0	0	0	0	0	0	0	0	0	0	0	0	0	0	0	0	0	0	0	0	0
Falsirhodobacter	0	0	0	0	0	0	5.42e-05	0	2.505e-05	0	0	0	0	0	0	4.892e-05	5.614e-05	0	3.288e-05	0	8.815e-05	6.747e-05	6.674e-05	0	0	0	7.41e-05	4.847e-05	0	5.605e-05	5.378e-05	5.285e-05
Micropruina	0	0	0	0	0	0	0	0	0	0.0001855	0	3.521e-05	0	0	0	7.828e-05	4.366e-05	0	0	0	0	4.217e-05	4.621e-05	0	0	8.095e-05	0	0	0	7.388e-05	0	5.872e-05
Solicola	0	0	0	0	0	0	0	0	4.593e-05	0.0001304	0	0	0	0	5.248e-05	0.0001076	0	0	0	0	0	3.655e-05	0	0	0.0001424	4.928e-05	0	0	0	0	0	7.047e-05
Humisphaera	0	0	0	0	0.0001097	0	0.0001287	0	0	0	0	0	0	0	0	0	2.079e-05	0	0.0004187	0	0	0	0	0	0	0	0	0	0	0	0	0
Thiocapsa	0	0	0	0	0	0	4.404e-05	0	0	0.0001101	0	0	0	0	0	0.0001272	2.911e-05	0	0.000114	0	0	6.466e-05	0	0	0	9.503e-05	0	0	0	0	0	5.579e-05
Gemmatimonas	0	0	0	0	0	0	0	0	0	0.0002493	0	0	0	0	0	0.0001239	0	0	0	0	0	5.06e-05	0	0	0	0.0001056	0	0	0	0	0	7.634e-05
Plesiomonas	0	0	2.604e-05	0	0	0.0003271	0	0	0	0	7.637e-05	0	0	0	0	0	4.782e-05	6.019e-05	5.042e-05	0	0	0	0	0	3.096e-05	0	0	0	0	0	3.226e-05	0
Aequorivita	0	4.764e-05	0	0	0	0	0	0.0002213	0	0	0	0	0	8.481e-05	0	0	0	5.116e-05	0	3.702e-05	0	0	0	4.267e-05	0	0	0	0	3.696e-05	0	0	0
Pseudolysobacter	0	0	0	0	0	0	0.0001728	0	0	0	0	0	0	0	0	3.588e-05	5.822e-05	0	0.0003091	0	0	0.0001125	0	0	0	0	0	0	0	0	0	0
Muribaculum	0	0	0.0001797	0	2.942e-05	0.0001699	0	0	0	0	0	0	0	0	0	0	0	0	0	0	0	0	0	0	0	0	0	0	0	0	0	0
Stigmatella	0	0	0	0	0	0	0	0	0	0.0002029	0	0	0	0	0	0.0001402	0	0	0	0	0	6.466e-05	0	0	0	8.095e-05	0	0	0	0	0	0.0001057
Halopenitus	0	0	0	0	0	0	0.0006097	0	0	0	0	0	4.528e-05	0	0	0	0	0	2.631e-05	0	0	0	0	0	0	0	0	0	0	0	0	0
Rhadinovirus	0	0.0001302	0	0	0	0	0	0.0001054	0	0	0	7.923e-05	0	0	0	0	0	0.0001174	0	0	0	0	0	0	0	0	0	0	0	0	0	0
Claveliimonas	0	0	0	0	0	0	0	0	3.549e-05	8.116e-05	8.691e-05	0	0	0	0	0.0001076	4.99e-05	0	0	0	0	5.06e-05	0	0	0	5.28e-05	3.176e-05	0	0	0	6.991e-05	6.753e-05
Varunaivibrio	0	0	0	0	0	0	0	0	0	0.0001971	0	0	0	0	0	0.0001207	2.495e-05	0	0	0	0	8.434e-05	0	0	0	7.744e-05	0	0	0	0	0	9.102e-05
Pelagerythrobacter	0	0	0	0	0	0.0005782	0	0	0	0	0	5.576e-05	0	0	0	0	0	5.417e-05	0	0	0	0	0	0	0	0	0	0	0	0	0	0
Alteracholeplasma	0	0	0	0	0	0	0	0.0001054	2.505e-05	0	0	2.935e-05	0	5.986e-05	0	0	0	0.0001505	0	4.231e-05	0	0	0	6.401e-05	3.096e-05	0	0	0	6.863e-05	3.057e-05	0	0
Aminipila	0	0	0	0	0	0	0	4.215e-05	0.0001023	9.855e-05	0	0	0	0	5.248e-05	0.0001011	0	0	0	2.909e-05	4.775e-05	0	0	0	9.598e-05	0	0	0	0	4.331e-05	0	0
Solitalea	0	3.494e-05	0	0	0	0	0	0.00013	5.846e-05	0	0	3.228e-05	0	0	0	0	0	7.223e-05	0	0	0	0	0	0	0.0001827	0	0	0	0	3.567e-05	0	0
Winogradskyella	0	0	0	0	0	0	0	0	3.549e-05	0	0	0	0	2.744e-05	0	0	0	4.815e-05	0	0	0	0	0	4.978e-05	5.263e-05	0	0.0003599	0	0	0	0.0001183	0
Limnobacter	0	0	0	0	0	0	9.823e-05	0	0	0	0	0	0	0	0	0	0	0	0.000548	0	0	3.373e-05	0	0	0	0	0	0	0	0	0	0
Bacterioplanoides	0	0	0	0	0	2.789e-05	8.807e-05	0	0	0	0	0	3.558e-05	0	0	0	2.287e-05	0	0.0005086	0	0	0	0	0	0	0	0	0	0	0	0	0
Archangium	0	3.176e-05	0	0	0	2.536e-05	5.081e-05	0	2.297e-05	4.928e-05	0	0	0	0	0	5.218e-05	4.574e-05	0	0.0001052	0	0	8.434e-05	0	0	0	5.984e-05	0	0	0	0	7.797e-05	0
Aggregatibacter	0	0	0	0	0	0.0004412	0	0	0.0001106	0	0	0	0	0	7.182e-05	0	0	0	0	0	0	0	0	0	0	0	5.293e-05	0	0	0	0	0
Nitrogeniibacter	0	0	0	0	0	0.0002637	6.436e-05	0	0	5.218e-05	0	4.108e-05	0	0	0	5.218e-05	2.703e-05	0	0.0001074	0	0	4.779e-05	0	0	0	0	0	0	0	0	0	0
Kaistia	0	0	0	0	0	0	5.081e-05	0	0	0.0001304	0	0	0	0	4.143e-05	7.175e-05	3.743e-05	0	3.507e-05	0	0	7.872e-05	0	0	0	9.151e-05	0	0	0	0	0	6.753e-05
Gynuella	0	0.0002668	0	0	0	0	4.065e-05	0	0	0	0	0	0	0	0	0	0	0	0	0	0	0	0	0	0	0	0	0	0	0	0	0
Rhodocaloribacter	0	0	0	0	0	0	0	0	0	0.0002145	0	0	0	0	0	0.0001076	0	0	0	0	0	6.466e-05	0	0	3.405e-05	8.095e-05	0	0	0	0	0	7.34e-05
Thiothrix	0	3.494e-05	0	0	0	0.0002358	0.0001287	0	0	0	0	0	0	0	0	3.914e-05	5.406e-05	0	0	0	0	8.715e-05	0	0	0	0	3.705e-05	0	0	0	0	0
Tepidiforma	0	4.447e-05	0.0001901	0	0	0	0	0	0	0	0	0	0	0	0	0	0	0	3.727e-05	0	0	0	0	0	0	0	0	0	0	0	0	0
Luteolibacter	0	0	0	0	2.675e-05	0	0	0	0	0.0001362	0	0	0	0	0	7.828e-05	0	0	0.0001447	0	0	3.936e-05	0	0	0	8.095e-05	0	0	0	0	0	7.928e-05
Intestinibacter	0	0	0	0	0	0	0	5.972e-05	7.307e-05	0.000113	3.95e-05	0	0	0	5.524e-05	3.588e-05	2.911e-05	0	0	0	0	3.936e-05	0	3.911e-05	0	9.151e-05	0	0	0	0	0	0
Suicoccus	0	0	0	0	0	0.0003043	0	0	2.923e-05	0	0	5.282e-05	0	0	4.972e-05	0	0	8.728e-05	0	0	4.407e-05	0	0	0	0	0	0	0	0	4.331e-05	0	2.936e-05
Roseitalea	0	0	0	0	0	0	6.097e-05	0	2.714e-05	0	0	0	0	0	3.038e-05	0	3.119e-05	3.612e-05	0.0002565	0	6.979e-05	0	0	0	0	0	3.176e-05	7.398e-05	0	0	4.571e-05	0
Christiangramia	0	0	0	0	0	0	0	0.0001405	5.846e-05	0	0	0	0	0	3.867e-05	0	0	0	0	0	0	0	0	6.756e-05	0.0002136	0	0	0	0	6.114e-05	0	0
Vulcanimicrobium	0	0	0	0	7.757e-05	0	0	0	0	0.0001391	0	0	0	0	0	6.849e-05	0	0	6.138e-05	0	0	3.936e-05	0	0	0	8.8e-05	0	0	0	0	0	8.808e-05
Quatrionicoccus	0	0	8.072e-05	0	0	0	5.081e-05	0	0	4.928e-05	0	0.0001379	0	0	0	0	3.951e-05	0	3.288e-05	0	0	0	4.877e-05	0	0	5.28e-05	0	0	0	0	0	0
Labrenzia	0	0	0	0	0	0	0	0	4.384e-05	0.0001391	0	0	0	0	5.524e-05	6.523e-05	0	0	4.384e-05	0	0	3.373e-05	0	0	0	0.0001162	0	0	0	0	0	7.634e-05
Sulfurihydrogenibium	0	0	0	0	4.815e-05	0	0	0	0	3.478e-05	0	6.456e-05	0	0	0	4.566e-05	5.822e-05	0.0002588	0	0	0	0	0	0	4.334e-05	0	0	0	0	0	0	0
Gemmatirosa	0	0	0	0	0	0	0	0	0	0.0001768	0	0	0	0	0	0.0001305	0	0	3.507e-05	0	0	7.028e-05	0	0	0	7.744e-05	0	0	0	0	0	6.166e-05
Salinarchaeum	0	0	0	0	0	0	0.0006199	0	0	0	0	0	0	0	0	0	0	0	0	0	0	0	0	0	0	0	0	0	0	0	0	0
Meiothermus	0	0	0.0002031	0	0	0	0	0	3.34e-05	0	0	0	0	0	3.591e-05	0	0	0	0	0	0	0	0	0	0	0	0	0	0	0	0	0
Parazoarcus	0	0	0	0	0	6.847e-05	0.0001016	0	0	0	0	0	0	0	0	0	0	3.612e-05	0.0004165	0	0	0	0	0	0	0	0	0	0	0	0	0
Rugamonas	0	0	0	0	0	0	7.113e-05	0	0	6.667e-05	0	0	0	0	0	0	3.119e-05	0	0.0004056	0	0	0	0	0	0	0	0	0	0	0	0	3.523e-05
Zobellia	0	0.0001207	0	6.483e-05	0	0	0	0	0	0	0	0	0	0	0	5.218e-05	0	0	0	0	0	0	0	0	0	4.224e-05	0	0	0	0	0	6.459e-05
Natribaculum	0	0	0	0	0	0	0.0006097	0	0	0	0	0	0	0	0	0	0	0	0	0	0	0	0	0	0	0	0	0	0	0	0	0
Acuticoccus	0	0	0.0001276	0	0	0	0	0	5.011e-05	0	0	0	0	0	0	0	0	0	6.357e-05	0	0	0	0	0	0.0001207	0	0	0	0	0	3.764e-05	0
Saccharophagus	0	0	0	0	0	7.861e-05	0.0001186	0	0	0	0	0	0	0	0	0	0	0	0.0004297	0	0	0	0	0	0	0	0	0	0	0	0	0
Ruoffia	0	0	0	0	0	0	0	0	6.054e-05	5.797e-05	0	0	0	0	9.391e-05	4.24e-05	2.287e-05	3.01e-05	0	0	4.407e-05	0	0	0	4.953e-05	4.576e-05	4.499e-05	0	0	3.057e-05	2.958e-05	2.936e-05
Maribacter	0	3.812e-05	0	0	0	0	3.387e-05	0.000144	8.978e-05	0	0	3.815e-05	0	0	0	0	0	6.621e-05	0	0	0	0	0	0	0	0	0	0	0	6.879e-05	0	0
Aquibium	0	0	0	0	0	0	0	0	0	0.0001855	0	0	0	0	0	9.785e-05	3.119e-05	0	0	0	0	5.623e-05	0	0	0	8.447e-05	0	0	0	0	0	8.221e-05
Limnohabitans	0	0	0	0	0	0.0006289	0	0	0	0	0	0	0	0	0	0	0	0	0	0	0	0	0	0	0	0	0	0	0	0	0	0
Geosporobacter	2.862e-05	0	0	0	8.827e-05	0	3.726e-05	0	0	4.928e-05	7.11e-05	0	0	0	0	8.154e-05	7.069e-05	3.311e-05	0	0	0	0	0	0	0	4.928e-05	0	0	0	0	0	2.936e-05
Tunturibacter	0	0	0	0	0	0	0	0	0	0.0002087	0	0	0	0	0	0.0001142	0	0	0	0	0	3.655e-05	0	0	0	7.391e-05	0	0	0	0	0	8.221e-05
Sanyastnella	0	0	0.0002213	0	0	0	0	0	0	0	0	0	0	0	0	0	0	0	0	0	0	0	0	0	0	0	0	0	0	0	0	0
Blochmannia	0	0	0	0	0	0	0	0	7.516e-05	0	0	0	0	0	7.734e-05	0	0	0	0	0	8.815e-05	0	0	0	0.0002477	0	0	0	0	0.0001172	0	0
Symbiopectobacterium	0	0	0	0	0	0	0	0	0	0	0.0001764	0	0	0	0	0	0.0001227	5.718e-05	9.864e-05	0	0	0	0	0	0	0	8.204e-05	0	0	0	5.915e-05	0
Polyangium	0	0	0	0	0	0	0	0	0	0.0001826	0	0	0	0	0	9.132e-05	0	0	0	0	0	7.872e-05	0	0	0	9.856e-05	0	0	0	0	0	7.047e-05
Allobranchiibius	0	0	0	0	0	0	0	0	0	0.0001478	0	0	0	0	0	0.0001566	0	0	0	0	0	5.341e-05	0	0	0	9.503e-05	0	0	0	0	0	6.166e-05
Euzebya	0	0	0	0	0	0	0	0	0	0.0001768	0	0	0	0	0	8.806e-05	2.495e-05	0	0	0	0	0.0001377	0	0	0	4.224e-05	0	0	0	0	0	6.166e-05
Halovenus	0	0.0001334	0	0	0	0	0.0002812	0	0	0	0	0	0	0	0	0	0	0	0	0	0	0	0	0	0	0	0	0	0	0	0	0
Teredinibacter	0	0	0	0	0	0.0003778	0	0	4.384e-05	0	0	0	0	0	4.143e-05	0	0	4.815e-05	8.331e-05	0	0	0	0	0	0	0	0	0	0	0	0	0
Varicellovirus	0	0	0	0	0	0	0	0	0	0.0002435	0	0	0	0	0	0.0001076	0	0	0	0	0	0	0	0	0	8.095e-05	0	0	0	0	0	6.166e-05
Niabella	0	0	0	0	0	0	0.0001457	0	0	0	0	0	0	0	0	0	0	0	0.0004428	0	0	0	0	0	0	0	0	0	0	0	0	0
Metallosphaera	0	0	0	0	0	0	0	0.0001089	0	0	0	6.456e-05	0	0	0	0	0	0.0002378	0	3.173e-05	0	0	0	0	0	0	0	0	3.432e-05	0	0	0
Termitidicoccus	0	0	0	0	0	0	9.484e-05	0	2.923e-05	0	0	0	0	0	0	0	0	0	0.0004012	0	0	0	0	0	5.882e-05	0	0	0	0	0	0	0
Rickettsia	0	6.988e-05	0	0	0	0	0	0.0001932	4.802e-05	0	0	0	0	0	4.696e-05	0	0	0	0	0	0	0	0	0	0	0	0	0	0	3.057e-05	0	0
Poseidonibacter	0	0	0	0	0	0	0	0	3.967e-05	0	0	0.0001203	0	0	0.0001132	0	0	9.028e-05	0	0	0	0	0	0	0.0001238	0	0	0	0	6.114e-05	0	0
Aestuariibius	0	3.494e-05	0	0	0	0	0	0.0001019	3.132e-05	0	0	0	0	0	0	0	3.327e-05	3.612e-05	0	4.496e-05	0	0	6.161e-05	0	0	0	3.44e-05	3.316e-05	5.016e-05	3.057e-05	0	0
Oerskovia	0	0	0	0	0	7.354e-05	0	0	9.186e-05	0	6.584e-05	0	0	0	0.0001271	0	0	0	0	0	0	0	0	0	0.0002074	0	0	0	0	0	0	0
Caproiciproducens	0	0	0	0	0	0	0.0001457	0	0	0	0	0	0	0	0	0	0	0	0.0004362	0	0	0	0	0	0	0	0	0	0	0	0	0
Lautropia	0	0	0	0	0	0	0	0	0	0	0	0	0	0	0	0	0	0	0	0	0	6.747e-05	0	0	0	0	0.000127	0.000176	5.016e-05	5.859e-05	6.991e-05	6.166e-05
Rubrivivax	0	0	0	0	0	0	6.436e-05	0	0	5.218e-05	0	0	0	0	0	0.0001011	7.693e-05	0	4.604e-05	0	0	9.277e-05	0	0	0	5.984e-05	0	0	0	0	0	3.817e-05
Alysiella	0	0	0	0	0	0	0	0	5.846e-05	0	0	0	0	0	3.591e-05	0	0	0	0	0	5.142e-05	0	0	0	0.0003622	0	0	0	0	6.624e-05	0	0
Methanococcus	0	0	0	0	0	0	4.404e-05	3.513e-05	2.297e-05	0	0	0	7.115e-05	0	0	0	0	9.33e-05	0	0	0	0	0.0001694	0	0	0	0	0.000148	0	0	0	0
Sphingomicrobium	0	6.67e-05	0	0	0	0	0	6.675e-05	8.351e-05	0	0	0	0	0	7.734e-05	0	0	0	0	0	0	0	0	0	0.0001455	0	0	0	0	0	0	0
Maricaulis	0	0	0	0	0	0	0.0001457	0	0	0	0	0	0	0	0	8.154e-05	4.99e-05	0	3.288e-05	0	0	0.0001574	2.824e-05	0	0	0	3.44e-05	0	0	3.312e-05	0	0
Frateuria	0	0	0	0	2.675e-05	0	0	0	0	2.899e-05	0	4.402e-05	0	0	0	4.566e-05	3.119e-05	0.0001023	7.234e-05	0	0	8.434e-05	0	0	0	4.224e-05	0	0	0	0	0	3.817e-05
Sphingosinithalassobacter	0	0	0	0	0	0	0.0001287	0	0	0	0	0	5.175e-05	0	0	9.132e-05	7.485e-05	0	0	0	0	0.0002137	0	0	0	0	0	0	0	0	0	0
Hyphomicrobium	0	0	0	0	0	0.0004514	0	0	3.34e-05	0	0	0	0	0	3.315e-05	0	0	0	2.192e-05	0	0	0	0	0	4.025e-05	0	0	0	0	0	0	0
Aceticella	0	0	0	3.63e-05	0	0	4.065e-05	0	0	7.536e-05	2.897e-05	0	0	0	0	6.523e-05	4.158e-05	0	0	0	0	5.06e-05	0	0	0	5.28e-05	0	0	0	0	2.689e-05	5.579e-05
Pelagibacterium	0	0	0	0	0	0	8.807e-05	0	0	0	0	0	0	0	0	0	0	0	0.0004845	0	0	0	0	0	0	0	0	0	0	0	0	0
Nitrosopumilus	0	4.129e-05	0	0	0	0	0	0.0001897	3.34e-05	0	0	3.815e-05	0	0	0	0	0	9.028e-05	0	0	0	0	0	0	0	0	0	0	0	0	0	0
Chania	0	0	0	0	3.477e-05	4.818e-05	0	0	0	0	0.0001238	6.456e-05	0	0	0	0	9.149e-05	4.514e-05	2.85e-05	0	0	0	0	0	0	0	6.881e-05	0	0	0	3.764e-05	0
Ochrobactrum	0	0	0	0	0	0	0	0	0.0001002	0	0	0	0	0	9.667e-05	0	0	0	0	0	0.0001836	0	0	0	4.953e-05	0	0	0	0	0.0001376	0	0
Petrocella	0	0	0	0	0	0	0	0	0	0.0001304	0	3.521e-05	0	0	0	6.197e-05	0	6.922e-05	0	0	0	3.655e-05	0	0	5.573e-05	4.576e-05	0	0	0	0	0	4.991e-05
Chryseolinea	0	0	0	0	0	0	0.0001253	0	0	0	0	0	0	0	0	0	0	0	0.0004319	0	0	0	0	0	0	0	0	0	0	0	0	0
Terriglobus	0	0	0	0	0	0	0.0001016	0	0	0	0	0	0	0	0	0	0	0	0.000456	0	0	0	0	0	0	0	0	0	0	0	0	0
Marixanthomonas	0	0	0	0.0002023	0	0	0	0	0	0	0	0	0	0	0	0	5.406e-05	0	0	0	0	0	0	0	0	0	0	0	0	0	0	0
Malaciobacter	0	0	0	0	0	0	0	0	6.681e-05	0	6.847e-05	0	0	0	0	0	0.0001081	4.815e-05	0	0	0	0	3.594e-05	0	0.0002074	0	0	0	0	0	0	0
Audreyjarvisvirus	0	0	0	0	0	0	0	0	0.0001211	0	4.477e-05	0	0	0	0.0001409	0	0	0	0	0	0.0001102	0	0	0	0	0	0	0	0	0.0001248	0	0
Methylobacillus	0	0	0	0.0001685	0	0	0	0	0	0	0	0	0	0	0	0	0	0	2.85e-05	0	0	0	0	0	0	3.52e-05	2.911e-05	0	0	0	0	2.936e-05
Natrarchaeobaculum	0	0	0	0	0	0	0.0005284	0	0	0	0	0	0	0	0	0	0	0	0	0	0	0	0	0	0	0	0	0	0	0	0	0
Nitrosospira	0	0	0	0	0	0.0001369	5.759e-05	0	0	0	0	0	0	0	0	0	0	0	0.0003529	0	0	0	0	0	0	0	0	0	0	0	0	0
Planktothricoides	6.677e-05	0	0	0.0001089	0	0	0	0	0	3.188e-05	0	0	4.851e-05	0	0	3.588e-05	0	0	0	0	0	0	6.418e-05	0	0	0	0	4.082e-05	0	0	0	0
Allomeiothermus	0	0	0	0	0	0	7.113e-05	0	0	3.768e-05	0	0	0	0	0	4.892e-05	2.703e-05	0	0.0002324	0	0	0.0001068	0	0	0	0	0	0	0	0	0	0
Paraglaciecola	0	0	2.864e-05	0	0	6.086e-05	8.13e-05	0	0	0	0	0	0	0	0	0	0	0	2.631e-05	0	0.0001102	0	8.985e-05	0	0	0	0	8.163e-05	0	4.331e-05	0	0
Dictyoglomus	0	0	8.333e-05	0	0	0	0	0	2.714e-05	0	0	0	0	2.744e-05	3.867e-05	3.262e-05	0	0	0	0	4.407e-05	0	0	4.978e-05	0	0	0	0	3.432e-05	5.605e-05	0	0
Flammeovirga	0	0	0	0	0	0	0	0.0001019	0	6.087e-05	0	0	0	0	0	7.175e-05	0	3.01e-05	0	0	0	3.373e-05	0	0	0	5.632e-05	0	0	0	2.548e-05	0	5.285e-05
Leptothrix	0	0	0	0	0	0.0002029	0	0	0	0.000142	0	0	0	0	0	5.871e-05	0	0	0	0	0	0	0	0	0	0	0	0	0	0	0	7.928e-05
Pirellula	0	6.988e-05	3.906e-05	0	0	0	0	0.0001089	0	0	0	0	0	3.991e-05	0	0	0	0	0	5.554e-05	0	0	0	0	0	0	0	0	0	0	0	0
Melioribacter	0	0	0	0	0	0	0	0	0	0.0001681	0	0	0	0	0	0.0001207	0	0	0	0	0	3.373e-05	0	0	0	7.04e-05	0	0	0	0	0	5.285e-05
Limnochorda	0	0	0	0	0	0	0	0	5.428e-05	9.566e-05	4.214e-05	0	0	0	3.315e-05	3.588e-05	2.287e-05	0	0	0	0	0	0	0	8.978e-05	3.872e-05	0	0	0	0	3.495e-05	2.936e-05
Intestinimonas	0	0	0	0	0.0002006	0	0	0	0	0	6.32e-05	0	0	0	0	0	6.238e-05	0	0	0	0	0	0	0	4.025e-05	0	3.705e-05	0	0	0	5.646e-05	0
Aquirufa	0	0	0	0	0	0	0	0.0001054	0	0	5.267e-05	0	0	3.991e-05	0	0	6.03e-05	0	0	4.76e-05	0	0	0	6.756e-05	0	0	3.44e-05	0	0	0	6.722e-05	0
Melaminivora	0	0	0	0	0	0	6.775e-05	0	0	0	0	0	0	0	0	0	0	0	0.0001688	0	6.244e-05	0	0	0	0.00013	0	0	0	0	9.681e-05	0	0
Beutenbergia	0	0	0	0	0	0	0	0	0	0.0001623	0	0	0	0	0	6.849e-05	2.911e-05	0	0	0	0	4.217e-05	0	0	0	7.04e-05	0	0	0	0	0	7.047e-05
Halalkaliarchaeum	0	0	0	0	0	0	0.0004979	0	0	0	0	0	0	0	0	0	0	0	0	0	0	0	0	0	0	0	0	0	0	0	0	0
Geobacter	0	0.0001906	0	0	0	0	0	0	0	0	0	0	0	0	0	0	0	0	6.357e-05	0	0	0	0	0	0	0	0	0	0	0	0	0
Pontibrevibacter	0	0	0	0	0	0	0	0	0	0	0.000108	0	0	0	4.419e-05	0	7.277e-05	0	0	0	8.815e-05	0	5.134e-05	0	0	0	6.616e-05	0	0	4.331e-05	5.109e-05	0
Pusillimonas	0	0	0	0	0	0	9.146e-05	0	0	0	0	0	0	0	0	6.849e-05	8.941e-05	3.01e-05	3.288e-05	0	0	0.0001715	0	0	0	0	0	0	0	0	0	0
Methylocystis	0	0	0	0	0	0.000109	4.065e-05	0	3.967e-05	0	0	0	0	0	2.762e-05	0	0	0	0.0001929	0	0	0	0	0	9.288e-05	0	0	0	0	0	0	0
Desulfolutivibrio	0	0	0	0	0	0	7.113e-05	0	0	8.986e-05	0	0	0	0	0	5.545e-05	0	0	0.0001885	0	0	2.811e-05	0	0	0	0	0	0	0	0	0	3.523e-05
Bartonella	0	0	0	0	0	0	0	8.431e-05	0	0	0	0	0	5.737e-05	0	0	0	0	0	0	0	0	0	0	0.0001176	0.0001197	0	0	2.904e-05	4.331e-05	0	0
Arenimonas	0	0	0	0	0	0	6.097e-05	0	0	4.348e-05	0	0	0	0	0	4.892e-05	0	0	0.0002784	0	0	5.06e-05	0	0	0	0	0	0	0	0	0	0
Salinilacihabitans	0	0	0	0	0	0	0.0004878	0	0	0	0	0	0	0	0	0	0	0	0	0	0	0	0	0	0	0	0	0	0	0	0	0
Agathobacter	0	5.082e-05	0	4.927e-05	0	0	0	6.323e-05	0	0	0	0	0	0	0	0	0	0	0	0	0	0	0	0	0.0001084	0	0	0	5.543e-05	0	0	0
Xylophilus	0	0	0	0	0	0.0001217	4.742e-05	0	0	3.478e-05	0	0	0	0	0	7.828e-05	4.99e-05	0	7.453e-05	0	0	6.747e-05	0	0	0	0	0	0	0	0	0	0
Hypericibacter	0	0	0	0	0	0	7.791e-05	0	0	0	0	0	6.145e-05	0	0	6.523e-05	7.277e-05	0	9.864e-05	0	0	8.434e-05	0	0	0	0	2.911e-05	0	0	0	0	0
Natronobeatus	0	0	0	0	0	0	0.0002473	0	0	4.638e-05	0	0	0	0	3.315e-05	4.892e-05	0	0	0	0	0	0	0	0	3.405e-05	0	0	0	0	0	0	4.698e-05
Gelria	0	0	0	0.0001297	0	0	0	0	0	0	3.687e-05	0	0	0	0	3.262e-05	3.951e-05	0	0	0	0	0	0	0	0	4.576e-05	0	0	0	0	0	0
Desulfococcus	0	0	0	0	0	0	0	0	0	0.0001913	0	0	0	0	0	8.806e-05	0	0	0	0	0	4.217e-05	0	0	0	4.928e-05	0	0	0	0	0	4.11e-05
Oceanidesulfovibrio	0	0	0	0	0	0	0	0	0	0.0001304	0	0	0	0	0	4.566e-05	0	0	7.673e-05	0	0	3.936e-05	0	0	0	7.744e-05	0	0	0	0	0	5.872e-05
Salegentibacter	0	0	0	0	0	0	0	0	0.0001232	0.0001652	0	0	0	0	5.801e-05	0	0	0	0	0	0	0	0	0	8.669e-05	0	0	0	0	0	0	0
Granulicella	0	3.176e-05	0	0	0	0	4.065e-05	0	0	0	0	0	0	0	0	0	0	0	0.0003683	0	0	0	0	0	0	0	0	0	0	0	0	0
Salinispirillum	0	0	0	0	0	0	0.0001389	0	0	0	0	0	7.762e-05	0	0	0	6.238e-05	0	7.673e-05	0	0	5.341e-05	5.904e-05	0	0	0	0	3.061e-05	0	0	0	0
Filifactor	0	3.176e-05	0	0	0	0	0	0	0.0001399	0.0001159	0	0	0	0	7.734e-05	0	0	0	0	3.173e-05	0	0	0	0	0	0	0	0	0	0	0	0
Koleobacter	0	0	0	0	0	0.0001471	0	5.62e-05	4.384e-05	0	2.897e-05	0	0	0	3.315e-05	0	5.614e-05	0	0	0	0	0	0	0	0	0	2.646e-05	0	2.904e-05	0	3.226e-05	0
Phocaeicola	0	0	0.0001276	0	0	0	0	0	5.428e-05	0	0	0	0	0	6.629e-05	0	0	0	0	0	0	0	0	0	0	0	0	0	0	0	0	0
Aquihabitans	0	0	0	0	0	0	0	0	3.967e-05	9.855e-05	0	0	0	0	0	8.48e-05	0	0	0	0	0	0	0	0	0.0001022	5.632e-05	0	0	0	0	0	3.817e-05
Alicycliphilus	0	0	0	0	0	0	0	0	0	0.0001507	0	0	0	0	0	0	0	0	0.0001052	0	0	0.0001068	0	0	0	0	0	0	0	0	0	7.34e-05
Halosolutus	0	0	0	0	0	0	0.0004641	0	0	0	0	0	0	0	0	0	0	0	0	0	0	0	0	0	0	0	0	0	0	0	0	0
Spizizenvirus	0	0	0	0	0.0001391	0	0	0	0	0	0.000129	0	0	0	0	0	0.0001268	0	0	0	0	0	0	0	0	0	0	0	0	0	3.764e-05	0
Mitsuaria	0	0	0	0	0	0	6.775e-05	0	0	0	0	0	0	0	0	0	0	0	0.0003771	0	0	3.092e-05	0	0	0	0	0	0	0	0	0	0
Mycetohabitans	0	0	0	0	0	0.0002485	0	0	2.505e-05	0	0	0	0	0	4.696e-05	0	2.287e-05	0	3.507e-05	0	0	0	0	0	9.598e-05	0	0	0	0	0	0	0
Phascolarctobacterium	0	0	0	0.0001011	0	4.818e-05	0	0	0	2.899e-05	0	0	0	0	0	0	3.535e-05	0	0	0	0	2.811e-05	0	0	0	0	0	0	0	0	3.226e-05	4.11e-05
Qingshengfaniella	0	0	0	0	0	0	0	0	0	0	2.897e-05	0	0	0	3.038e-05	0	0	4.815e-05	4.384e-05	0	0.0001286	0	2.824e-05	0	0	0	3.97e-05	2.806e-05	0	6.114e-05	4.302e-05	0
Denitratisoma	0	0	0	0	0	0	8.807e-05	0	0	0	0	0	4.528e-05	0	0	7.175e-05	3.743e-05	0	9.427e-05	0	0	0.0001209	0	0	0	0	0	0	0	0	0	0
endosymbiont	0	0	0	0	0	0	5.081e-05	8.079e-05	2.505e-05	0	6.32e-05	0	0	0	3.315e-05	3.262e-05	6.446e-05	0	0	0	0	3.373e-05	0	0	0	0	0	0	2.64e-05	0	0	0
Sulfuricella	0	0	0	0	0	0	0.0001084	0	0	0	0	0	0	0	0	0	0	0	0.0003507	0	0	0	0	0	0	0	0	0	0	0	0	0
Helcococcus	0	0	0	0	0	0	0	0	0.0001211	7.247e-05	0	0	0	0	9.391e-05	0	3.535e-05	0	0	0	0	0	0	0	4.953e-05	0	0	0	0	5.35e-05	0	0
cyanobacterium	0	0	8.333e-05	0	0	0	0	0	5.428e-05	3.188e-05	0	0	0	0	7.182e-05	3.914e-05	0	0	0	0	0	0	0	0	0	0	0	0	0	0	0	0
Pseudogulbenkiania	0	0	0	0	0	0	0	0	0	0.0001565	0	0	0	0	0	9.458e-05	0	0	3.727e-05	0	0	5.341e-05	0	0	0	4.576e-05	0	0	0	0	0	0
Geoalkalibacter	0	0	0	0	0	0	0	0.0002424	2.505e-05	0	0	0	0	0	0	0	0	0	0	0	0	0	0	0	5.263e-05	0	0	0	0	0	0	0
Isosphaera	0	0	0	0	0	0	0	0	0	0.0001246	0	0	0	0	0	9.132e-05	0	0	3.069e-05	0	0	0	0	0	0	5.28e-05	0	0	0	0	0	7.928e-05
Hydrogenovibrio	0	0	0	0	0	0.0002561	0	0	6.263e-05	5.218e-05	0	0	0	0	0	0	0	0	0	0	0	0	0	0	6.192e-05	0	0	0	0	0	0	0
Mesoplasma	0	0	5.208e-05	0	0	0	5.081e-05	5.972e-05	3.34e-05	0	3.16e-05	0	0	0	2.762e-05	0	2.495e-05	0	0	0	0	0	0	0	3.405e-05	0	0	0	0	0	0	0
Neptuniibacter	0	0	0	0	0	0.0003652	0	0	0	0	0	0	0	0	0	0	3.119e-05	0	2.192e-05	0	0	3.373e-05	0	0	0	0	0	0	0	0	0	0
Eggerthella	0	0	0	0	0	0	0	0	0	0.0001594	0	0	0	0	0	6.849e-05	0	0	0	0	0	3.373e-05	0	0	0	5.28e-05	0	0	0	0	0	5.872e-05
Marisediminicola	0	0	0	0	0	7.608e-05	0	0	0	0.0001044	0	0	0	0	0	7.175e-05	0	0	0	0	0	0	0	0	0	6.336e-05	0	0	0	0	0	6.753e-05
Mediterraneibacter	0	0	0	0	0	0	0	0	7.724e-05	0	0	0	0	0	8.839e-05	0	0	0	0	0	9.55e-05	0	0	0	9.907e-05	0	0	0	0	7.388e-05	0	0
Cognatishimia	0	0	0	0	0	0	0	0	0	0	6.847e-05	0	0	0	0	0	2.911e-05	3.311e-05	0	0	8.815e-05	0	4.107e-05	0	0	0	4.764e-05	3.571e-05	0	4.076e-05	6.722e-05	0
Adhaeribacter	0	0	0	0	0	0	0	0	0.0001044	6.377e-05	0	0	0	0	0.0001105	0	0	0	0	0	0	0	0	0	8.978e-05	0	0	0	0	3.821e-05	0	0
Halobiforma	0	0	0	0	0	0	0.0004234	0	0	0	0	0	0	0	0	0	0	0	0	0	0	0	0	0	0	0	0	0	0	0	0	0
Roseiflexus	0	0	0	7.52e-05	0	0	0	4.567e-05	0	0	0	0	0	2.744e-05	0	4.892e-05	0	0	2.631e-05	3.967e-05	0	0	0	0	0	0	0	0	3.168e-05	0	0	0
Amphritea	0	0	0	0	0	0.0001547	0	0	6.054e-05	0	0	4.108e-05	0	0	6.353e-05	0	0	3.612e-05	0	0	3.673e-05	0	0	0	0	0	0	0	0	3.057e-05	0	0
Tellurirhabdus	0	0	0	0	0	0	0	6.323e-05	0	9.275e-05	0	0	0	0	0	0	0	0	6.577e-05	3.967e-05	0	0	0	3.556e-05	0	3.52e-05	0	0	4.752e-05	0	0	0
Klumppvirus	0	0	0	0	0	5.832e-05	0	0	6.89e-05	0	0	0.0001321	0	0	5.524e-05	0	0	8.427e-05	0	0	0	0	0	0	0	0	0	0	0	0	0	0
Thiopseudomonas	0	0	0	0	0	0.0004438	0	0	0	0	0	0	0	0	0	0	0	0	0	0	0	0	0	0	0	0	0	0	0	0	0	0
Succinivibrio	0	0	0	0	0	0.0003373	0	0	3.132e-05	0	0	0	0	0	3.038e-05	0	0	3.01e-05	0	0	0	0	0	0	0	0	0	0	0	0	0	0
Salaquimonas	0	0	0	0	0	7.354e-05	8.468e-05	0	0	0	0	0	0	0	0	0	0	0	0.000274	0	0	0	0	0	0	0	0	0	0	0	0	0
Sphaerospermopsis	0	5.717e-05	0	0	0	0	0	0	0	0	0	8.51e-05	0	0	0	0	0	0.0001655	0	0	0	0	0	0	0	0	0	0	0	0	0	0
Limnobaculum	0	4.447e-05	0	0	0	0	0	4.567e-05	0	0	0.0001027	0	0	0	0	0	4.99e-05	4.815e-05	0	0	0	0	0	0	0	0	3.97e-05	0	0	0	0	0
Mucispirillum	0	0	0	0	3.745e-05	0	0	0	3.549e-05	7.536e-05	0	0	3.558e-05	0	0	9.132e-05	2.911e-05	3.01e-05	0	0	0	0	3.851e-05	0	0	0	0	0	0	0	0	0
Capillimicrobium	0	0	0	0	0	0	0	0	3.34e-05	9.855e-05	0	0	0	0	0	4.892e-05	0	0	0	0	0	2.811e-05	0	0	5.263e-05	5.984e-05	0	0	0	0	0	4.991e-05
Rhodoligotrophos	0	0	0	0	0	0	8.468e-05	0	0	0	0	0	0	0	0	6.197e-05	6.654e-05	0	2.85e-05	0	0	0.0001377	0	0	0	0	0	3.061e-05	0	0	0	0
Flavonifractor	0	0	0	0	0	0	0	0	0	0.0001478	0	0	0	0	0	9.132e-05	0	0	0	0	0	0	0	0	0	6.688e-05	0	0	0	0	0	4.404e-05
Paralcaligenes	0	0	0	3.371e-05	0	0.0003423	0	0	0	0	0	0	0	0	0	0	0	0	0	0	0	0	0	0	0	0	0	0	0	0	0	0
Gudongella	0	0	0	0	0	0	0	0.0001054	0	4.058e-05	0	0	0	0	0	6.197e-05	0	0	0	0	0	0	0	0	0	4.224e-05	0	0	4.224e-05	0	0	3.817e-05
Solibaculum	0	0	0	0	0	0	0	7.377e-05	0	4.928e-05	0	0	0	0	0	4.892e-05	2.911e-05	0	0	5.289e-05	0	0	0	0	9.907e-05	0	0	0	0	0	0	0
Georhizobium	0	0.000162	0	0	0	0	0	0	0	0	0	0	0	0	0	0	0	0	0	0	0	0	0	0	0	0	0	0	0	3.567e-05	0	0
Azonexus	0	0	7.291e-05	0	0	0	5.42e-05	0	0	0	0	9.097e-05	0	0	0	0	0	4.815e-05	0	0	0	0	0	0	0	0	0	0	0	0	0	0
Tepiditoga	0	0	0	0	4.012e-05	0	0	0	0	4.348e-05	5.267e-05	0	0	0	3.867e-05	3.588e-05	3.535e-05	0	0	0	0	3.092e-05	0	0	0	4.576e-05	0	0	0	0	0	4.11e-05
Hwangdonia	0	0	0	0	0	0	0	0	8.978e-05	8.986e-05	0	0	0	0	0.0001105	0	0	0	0	0	0	0	0	0	3.715e-05	0	0	0	0	4.84e-05	0	0
Methylomagnum	0	0	0	0	0	0	0.0001321	0	0	0	0	0	3.558e-05	0	0	4.566e-05	3.535e-05	0	4.823e-05	0	0	0.0001012	0	0	0	0	0	0	0	0	0	0
Filimonas	0	0	0	0	0	0.0002663	0	0	0	0	0	9.391e-05	0	0	0	0	0	3.913e-05	0	0	0	0	0	0	0	0	0	0	0	0	0	0
Methylacidimicrobium	0	0	0	0	0	0	9.146e-05	0	0	0	0	0	0	0	0	0	0	0	0.0003113	0	0	0	0	0	0	0	0	0	0	0	0	0
Barnesiella	0	0.0001588	0	0	0	0	0	0	0	0	0	0	0	0	0	0	0	0	3.069e-05	0	0	0	0	0	0	0	0	0	0	0	0	0
Gluconacetobacter	0	0	0	0	0	0.0003778	0	0	0	0	0	0	0	0	0	0	0	0	0	0	0	0	0	0	3.405e-05	0	0	0	0	0	0	0
Kytococcus	0	0	0	0	0	0	0	0	5.637e-05	0	0	0	0	0	9.391e-05	0	0	0	5.042e-05	0	3.673e-05	0	0	0	0.0001548	0	0	0	0	0	0	0
Hydrogenophilus	0	0	0	0	0	0	7.452e-05	0	0	0	0	0	0	0	0	0	0	0	0.0002959	0	0	3.092e-05	0	0	0	0	0	0	0	0	0	0
Lachnoanaerobaculum	0	0	0	0	0	0	0	0	0.0001127	2.899e-05	0	0	0	0	4.696e-05	4.566e-05	0	0	0	0	0	0	7.188e-05	0	0	0	0	8.418e-05	0	0	0	0
Desulfofarcimen	0	3.494e-05	0	0	0	0	0	0.0001651	0	0	0	0	0	0	0	0	0	0	0	0	0	0	0	3.556e-05	0	0	0	0	2.904e-05	0	0	0
Caminibacter	0	0	0	0	0	0	0	0	6.472e-05	0.0001246	0	0	0	0	4.419e-05	0	0	3.612e-05	0	0	0	0	0	0	7.74e-05	0	0	0	0	0	0	0
Psychromonas	0	0	0	0	0	0.0003018	0	0	0	0	0	0	0	0	4.696e-05	0	0	0	0	0	0	0	0	0	4.644e-05	0	0	0	0	0	0	0
Pseudactinotalea	0	0	0	0	0	0	0	0	0	0.0001333	0	0	0	0	0	5.871e-05	0	0	3.288e-05	0	0	0	0	0	0	6.688e-05	0	0	0	0	0	4.11e-05
Sulfurospirillum	0	0	0.0001042	0	2.675e-05	0	0	0	2.505e-05	0	0	0	0	0	0	0	0	0	4.165e-05	0	0	0	0	0	0	0	0	0	0	0	0	0
Methylogaea	0	0	0	0	0	0.0003449	5.081e-05	0	0	0	0	0	0	0	0	0	0	0	0	0	0	0	0	0	0	0	0	0	0	0	0	0
Citrifermentans	0	0	0	0	0	0.0003981	0	0	0	0	0	0	0	0	0	0	0	0	0	0	0	0	0	0	0	0	0	0	0	0	0	0
Selenobaculum	0	0	0	0	0	0	0	4.215e-05	6.681e-05	5.797e-05	0	0	0	0	5.248e-05	3.262e-05	0	0	0	0	0	0	0	0	5.263e-05	0	0	0	0	3.312e-05	0	0
Citromicrobium	0	0	0	0	0	0	8.13e-05	0	0	0	0	0	0	0	0	9.458e-05	6.03e-05	0	2.85e-05	0	0	9.839e-05	0	0	0	0	0	0	0	0	0	0
Aureispira	0	0	5.729e-05	0	0	0	0	0	6.263e-05	0	0	0	0	0	4.419e-05	0	0	5.116e-05	0	0	0	0	0	0	4.644e-05	0	0	0	0	0	0	0
Dermatobacter	0	0	0	0	0	0	0	0	5.846e-05	0	0	0	0	0	0.0001077	0	0	0	0	0	0	0	0	0	0.0001981	0	0	0	0	0	0	0
Tequatrovirus	0.0002289	0	0	0	0	0	0.0001152	0	0	5.218e-05	0	0	0	0	0	0	0	0	0	0	0	0	0	0	0	0	0	0	0	0	0	0
Gluconobacter	0	0	0	0	0	0	0	0	0	0.0001681	0	0	0	0	0	0.0001044	0	0	0	0	0	0	0	0	0	3.872e-05	0	0	0	0	0	0
Saccharibacillus	0	0	0	0	7.489e-05	0	0	0	0	3.768e-05	0.0001159	0	0	0	0	0	2.703e-05	0	0	0	0	0	0	0	0	0	4.764e-05	0	0	0	0	3.817e-05
Thiocystis	0	0	0	0	0	0.0002333	0	0	0	0	0	0	0	0	0	0	0	0	0.0001491	0	0	0	0	0	0	0	0	0	0	0	0	0
Skermanella	0	0	0	0	0	0	6.097e-05	0	0	0	0	0	0	0	0	0	0	0	0.0003113	0	0	0	0	0	0	0	0	0	0	0	0	0
Chelativorans	0	0	0	0	0	0	0.0001084	0	0	0	0	0	0	0	0	6.523e-05	5.822e-05	0	0	0	0	0.0001237	0	0	0	0	0	0	0	0	0	0
Desulfobacula	0	0.0001143	0	0	0	0	0	0	0	0	0	0	0	0	0	0	0	5.718e-05	0	0	0	3.373e-05	0	0	0	0	0	0	0	0	0	0
Limnoglobus	0	0	0	0	0	0	0	0	0	0.0001565	0	0	0	0	0	6.849e-05	0	0	0	0	0	0	0	0	0	5.28e-05	0	0	0	0	0	2.936e-05
Musicola	0	0	0	0	0	0	0	0	0	0	7.374e-05	2.935e-05	0	0	0	0	9.565e-05	7.524e-05	0	0	0	0	0	0	0	0	5.028e-05	0	0	0	2.689e-05	0
Sphaerotilus	0	0	0	0	0	0.0001395	0	0	0	5.507e-05	0	0	0	0	0	7.175e-05	2.703e-05	0	0	0	0	4.779e-05	0	0	0	0	0	0	0	0	0	0
Curvibacter	0	0	0	0	0	0	0	0	0	0	0	0	0	0	0	0	0	0	0.0003661	0	0	0	0	0	0	0	0	0	0	0	0	0
Planktothrix	0	0	0	0	7.489e-05	0	0	0	0	0	0	6.456e-05	0	0	0	0	0	0	0	0	0	0	0	0	0.0001424	0	0	0	0	0	5.378e-05	0
Jiella	0	0	0	0	0	0	0	0	0	0	0.0001159	0	0	0	0	0	0.000106	0	0	0	0	0	0	0	0	0	9.263e-05	0	0	0	5.109e-05	0
Advenella	0	0	0	0	0	0	0	0	0	4.928e-05	0	0	0	0	0	4.892e-05	0	0	0.0001228	0	0	0	0	0	0	5.984e-05	0	0	0	0	0	4.404e-05
Flexistipes	0	0	0	0.0001297	0	0	0	0	0	0	3.687e-05	0	0	0	0	0	0	0	0	0	0	0	0	0	0	0	0	0	0	0	0	0
Fulvivirga	0	0	0	0	0	0	0	4.215e-05	0	0	0	0	0	6.984e-05	0	0	0	0	0	3.967e-05	0	0	0	0	0	0.0001408	0	0	3.168e-05	0	0	0
Hoeflea	0	0	0	0	0	0	0	0	3.758e-05	0	0	0	0	0	0	0	0	0	0	0	4.775e-05	0	0	0	0.0001765	0	0	0	0	5.095e-05	0	3.817e-05
Hylemonella	0	0	0	0	0	0	0	0	0	0.0001015	0	0	0	0	0	5.218e-05	0	0	0	0	0	4.217e-05	0	0	0	6.336e-05	0	0	0	0	0	4.698e-05
Ammonifex	0	0	0	0.0001271	0	0	0	0	0	0	0	0	0	0	0	3.262e-05	0	0	0	0	0	0	0	0	0	0	0	0	0	0	0	0
Chelatococcus	0	0	0	0	0	0.0001065	0	0	0	0	0	0	0	0	0	0	0	0	0.0002499	0	0	0	0	0	0	0	0	0	0	0	0	0
Proteinivorax	0	0	0	0	0	0	0	0.0001159	0	0	3.95e-05	0	0	0	0	0	0	0	0	5.554e-05	0	0	0	5.334e-05	0	0	0	0	3.168e-05	0	0	0
Glaciecola	0	0	0	0	0	0.0003601	0	0	0	0	0	0	0	0	0	0	0	0	0	0	0	0	0	0	0	0	0	0	0	0	0	0
Borreliella	0	0	0	0	0	0	0	0	6.472e-05	7.536e-05	0	0	0	0	4.419e-05	0	0	3.311e-05	0	0	0	0	0	0	9.907e-05	0	0	0	0	0	0	0
Hydrogenimonas	0	0	0	0	0	0	0	0	0	0.0001015	0	0	0	0	0	8.806e-05	0	0	0	0	0	0	0	0	4.644e-05	5.984e-05	0	0	0	0	0	0
Caeruleovirus	0	0	0	0	0	0	0	0	0	0	0.0001027	0	0	0	0	0	0.000106	0	0	0	0	0	0	0	0	0	5.293e-05	0	0	0	8.873e-05	0
Thermodesulfatator	0	0	0	0.00014	0	0	0	0	0	0	0	0	0	0	0	0	0	0	0	0	0	0	0	0	0	0	0	0	0	0	0	0
Sepunavirus	0	0	0	0	4.547e-05	0	0	0	0	0	5.53e-05	0	0	0	0	0	7.069e-05	0	0	0	0	0	0	0	0	0	5.028e-05	0	0	0	0.0001156	0
Kineothrix	0	3.176e-05	0	0	2.942e-05	0	0	4.918e-05	0	0	0	0	0	0	0	0	4.366e-05	0	0	0	0	0	0	0	4.644e-05	0	3.44e-05	0	0	0	3.495e-05	0
Thermatribacter	0	0	0	0	0	0	0	0	0.0001086	9.855e-05	0	0	0	0	3.867e-05	0	0	0	0	0	0	0	0	0	6.501e-05	0	0	0	0	0	0	0
Mangrovimonas	0	4.447e-05	0	0	0	0	0	0.0001124	0	0	0	0	0	0	0	0	0	5.718e-05	0	0	0	0	0	0	0	0	0	0	0	0	0	0
Rhizorhabdus	0	0	0.0001016	0	0	0	0	0	6.054e-05	0	0	0	0	0	0	0	0	0	0	0	0	0	0	0	0	0	0	0	0	0	0	0
Niveispirillum	0	0	0	0	0	0	6.436e-05	0	6.472e-05	0	0	0	0	0	3.867e-05	0	0	0	3.946e-05	0	0	0	0	0	8.978e-05	0	3.705e-05	0	0	0	0	0
Thiomicrorhabdus	0	0	0	0	0	0	0	0	5.846e-05	8.116e-05	3.95e-05	0	0	0	0	0	0	0	8.768e-05	0	0	0	0	0	0	4.576e-05	0	0	0	0	0	0
Gloeobacter	0	0	0	0	0	0	6.436e-05	0	0	0	0	0	0	0	0	0	0	0	0.0002762	0	0	0	0	0	0	0	0	0	0	0	0	0
Neoehrlichia	0	0	0	0	0	0	0	0	0	0	4.214e-05	0	0	0	0	3.262e-05	3.119e-05	0	0	0	0	0	0.0001053	0	0	3.52e-05	0	0.0001071	0	0	0	0
Lignipirellula	0	0	0	3.371e-05	0	0.0002637	0	0	0	0	0	0	0	0	0	0	0	0	0	0	0	0	0	0	0	0	0	0	0	0	0	0
Bernardetia	0	0	0	0	0	0	0	9.485e-05	2.297e-05	0	0	3.521e-05	0	0	0	0	0	6.32e-05	0	0	0	0	0	0	5.573e-05	0	0	0	0	0	0	0
Tsuneonella	0	0	0	0	0	0	0	0	0	8.406e-05	0	0	0	0	0	5.871e-05	0	0	7.673e-05	0	0	0	0	0	0	7.744e-05	0	0	0	0	0	0
Halobacteriovorax	0	0	9.374e-05	0	0	0	3.726e-05	0	0	0	0	0	0	0	0	0	0	0	0	0	0	0	0	0	0	0	0	0	0	0	0	3.817e-05
Granulosicoccus	0	0	0	0	0	0	0	0	0	0	0	0	0	0	0	0	0	0	0.0001074	0	4.04e-05	0	0	0	0.0001145	0	0	0	0	8.152e-05	0	0
Rhodothermus	0	0	0	0	0	0	0.0001118	0	0	0	0	0	0	0	0	0	0	0	0.0002236	0	0	0	0	0	0	0	0	0	0	0	0	0
Thermotoga	0	0	0	0	5.884e-05	0	0	0	0	0	6.057e-05	0	0	0	0	0	4.158e-05	3.311e-05	0	0	0	0	0	0	0	0	3.705e-05	0	0	0	8.066e-05	0
Borrelia	0	0	0	0	0	0	0	0	5.846e-05	0	0	0	0	0	9.115e-05	0	0	0	0	0	0	0	0	0	0.0001672	0	0	0	0	0	0	0
Syntrophomonas	0	0	0	0	4.815e-05	0	0	0.0001124	0	0	0	0	0	0	0	0	3.743e-05	0	0	2.645e-05	0	0	0	0	0	0	0	0	3.432e-05	0	0	0
Desulfurobacterium	0	0	0	0	0	0	0	0.0001159	4.176e-05	0	0	0	0	0	0	0	0	0	0	2.645e-05	5.142e-05	0	0	0	0	0	0	0	3.696e-05	0	0	0
Halohasta	0	0	0	0	0	0	0.0003184	0	0	0	0	0	0	0	0	0	0	0	0	0	0	0	0	0	0	0	0	0	0	0	0	0
Mangrovibacter	0	0	0	0	0	0	0	0	0	0	0.0001448	0	0	0	0	0	6.446e-05	0	0	0	0	0	0	0	0	0	6.616e-05	0	0	0	5.378e-05	0
Thiospirochaeta	0	0	0	0	0	0	3.387e-05	0	2.923e-05	0	0	0	0	0	0	0	0	0	0	0	4.04e-05	0	3.594e-05	0	0.0001579	0	0	3.316e-05	0	0	0	0
Pelistega	0	0	0	0	0	0	0	0	8.768e-05	6.957e-05	0	0	0	0	5.248e-05	0	0	0	0	0	0	0	0	0	8.669e-05	0	0	0	0	0	0	0
Agarivorans	0	0	0	0	0	0.000175	0	0	0	0	0	0	0	0	0	0	0	3.612e-05	0	0	0	0.0001096	0	0	0	0	0	0	0	0	0	0
Thiohalobacter	0	0	0	0	0	0	0	0	0	0	0	0	0	0	0	0	0	0	0.0003244	0	0	0	0	0	0	0	0	0	0	0	0	0
Breoghania	0	0	0	0	0	0.0002054	0	0	0	0	0	0	0	0	0	0	2.703e-05	0	6.138e-05	0	0	0	3.337e-05	0	0	0	0	0	0	0	0	0
Methyloligella	0	0	0	0	0	0	0	0	0	4.638e-05	0	0	0	0	0	0	0	0	8.988e-05	0	0	4.498e-05	0	0	0	6.688e-05	0	0	0	0	0	4.404e-05
Acidiferrobacter	0	0	0	0	0	7.1e-05	0.0001186	0	0	0	0	0	5.821e-05	0	0	0	2.495e-05	0	0	0	0	4.217e-05	0	0	0	0	0	0	0	0	0	0
Piscirickettsia	0	0	0	0	8.559e-05	0	0	0	0	0	3.95e-05	0	0	0	0	0	7.069e-05	0	0	0	0	0	0	0	0	0	4.499e-05	0	0	0	4.302e-05	0
Mahella	0	0	0	0	0	0	0	0	0	0	0.0002107	0	0	0	0	0	9.356e-05	0	0	0	0	0	0	0	0	0	0	0	0	0	0	0
Halothermothrix	0	0	0	0	0	0	0	0	7.098e-05	7.536e-05	0	0	0	0	2.762e-05	3.588e-05	0	0	0	0	0	0	0	0	6.192e-05	0	0	0	0	0	0	0
Acidihalobacter	0	0	0	0	0	0	9.146e-05	0	0	0	0	0	0	0	0	4.24e-05	0	0	7.892e-05	0	0	8.153e-05	0	0	0	0	0	0	0	0	0	0
Methylotuvimicrobium	0	0	0	0	0	0.0003119	0	0	0	0	0	0	0	0	0	0	0	0	0	0	0	0	0	0	0	0	0	0	0	0	0	0
Ignavigranum	0	0	0	0	0	0	0	0	0.0001169	3.188e-05	0	0	0	0	6.905e-05	0	0	0	0	0	0	0	0	0	3.096e-05	0	0	0	0	3.567e-05	0	0
Halogeometricum	0	0	0	0	0	0	0.0002947	0	0	0	0	0	0	0	0	0	0	0	0	0	0	0	0	0	0	0	0	0	0	0	0	0
Halococcoides	0	0	0	0	0	0	0.0002947	0	0	0	0	0	0	0	0	0	0	0	0	0	0	0	0	0	0	0	0	0	0	0	0	0
Purivirus	0	0	0	0	0	0	0	0.0002002	0	0	0	0	0	0	0	0	0	0	0	0	0	0	0	0	0	0	0	0	0	0	0	0
Desulfurispirillum	0	0	0	0	0	0	0	0	0	5.507e-05	0	0	0	0	0	5.871e-05	0	0	2.631e-05	0	0	3.655e-05	0	0	0	5.28e-05	0	0	0	0	0	3.523e-05
Parvibaculum	0	0	0	0	0	0	0.0001016	0	0	0	0	0	6.145e-05	0	0	0	8.941e-05	0	0	0	0	5.341e-05	0	0	0	0	0	0	0	0	0	0
Parolsenella	0	0	0	0	0	0	0	0	0	5.507e-05	0	0	0	0	0	0	0	0	0.0002346	0	0	0	0	0	0	0	0	0	0	0	0	0
Planktomarina	0	0	3.125e-05	0	0	0.0001572	0	0	0	0	0	0	0	0	0	0	3.327e-05	0	0	0	0	0	0	0	0	0	0	0	0	0	2.689e-05	0
Brasilonema	0	0	0	0	0	0.0002054	0	0	0	0	0	0	0	0	0	0	0	0	0	0	0	0	0	0	9.598e-05	0	0	0	0	0	0	0
Methylomarinovum	0	0	0	0	0	0	0	0	0	2.899e-05	0	0	0	0	0	0	0	0	0.0002302	0	0	0	0	0	0	0	0	0	0	0	0	2.936e-05
Nitrospira	0	0	0	5.445e-05	0	3.297e-05	0	0	0	0	0	0	0	0	0	0	0	0	0.0001315	0	0	0	0	0	0	0	0	0	0	0	0	0
Sinanaerobacter	0	0	0	0	0	0	0	0	0	0	7.637e-05	0	0	0	0	4.566e-05	8.109e-05	0	0	0	0	0	0	0	0	0	2.646e-05	0	0	0	5.915e-05	0
Gardnerella	0	0	0	0	0	0	0	0	0	0	0.0002107	0	0	0	0	0	8.317e-05	0	0	0	0	0	0	0	0	0	0	0	0	0	0	0
Nitrosococcus	0	0	0	8.557e-05	0	0	4.404e-05	0	0	0	0	0	0	0	0	0	0	0	3.727e-05	0	0	0	0	0	0	0	0	0	0	0	0	0
Lutimonas	0	0	0	0	0	0	0	0	0.0001712	0	0	0	0	0	0.0001022	0	0	0	0	0	0	0	0	0	0	0	0	0	0	0	0	0
Ferrovibrio	0	0	0	0	0	0.0002713	0	0	0	0	0	0	0	0	0	0	0	0	2.85e-05	0	0	0	0	0	0	0	0	0	0	0	0	0
Oryzomicrobium	0	0	0	0	0	0	4.404e-05	0	0	0	0	0	0	0	0	8.154e-05	2.703e-05	0	2.85e-05	0	0	9.277e-05	0	0	0	0	0	0	0	0	0	0
Actinobacillus	0	0	0	0	0	0.0001217	0	0	5.011e-05	4.638e-05	0	0	0	0	0	0	0	0	0	0	0	0	0	0	6.192e-05	0	0	0	0	0	0	0
Thiomonas	0	0	0	0	0	0.0001902	0	6.675e-05	0	0	0	0	0	0	0	0	0	0	0	0	0	0	0	0	0	0	0	0	0	0	0	0
Nibribacter	0	9.212e-05	0	0	0	6.847e-05	0	0	0	0	0	0	0	0	0	0	0	0	0	0	0	0	0	0	0	0	0	0	0	0	0	0
Kordia	0	0	0	0	0	0	0	0	0	4.928e-05	0	0	0	0	0	7.828e-05	0	0	0	0	0	0	0	0	0	5.984e-05	0	0	0	0	0	4.991e-05
Olleya	0	6.67e-05	0	0	0	0	0	5.62e-05	0	0	0	0	0	0	0	0	0	0	0	3.702e-05	0	0	0	0	0	0	0	0	0	0	0	0
Friedmanniella	0	0	0	0	0	0	0	0	0	0.0001565	0	0	0	0	0	6.849e-05	0	0	0	0	0	0	0	0	0	0	0	0	0	0	0	0
Tamlana	0	0	0	0	0	0	0	5.62e-05	0	0	0	0	0	2.744e-05	0	0	0	0	0	4.496e-05	0	0	0	8.534e-05	0	0	0	0	3.96e-05	0	0	0
Demequina	0	0	0	0	0	0	0	0	5.846e-05	0	0	0	0	0	4.143e-05	0	0	0	2.85e-05	0	0	5.06e-05	0	0	8.669e-05	0	0	0	0	0	0	0
Marinitoga	0	0	0	0	0	0	0	0	0	4.638e-05	0	0	0	0	0	8.154e-05	0	0	0	2.909e-05	0	0	0	0	0	7.744e-05	0	0	0	0	0	0
Sneathiella	0	0	0	0	0	0	0	0	6.263e-05	4.058e-05	0	0	0	0	6.077e-05	0	0	0	0	0	0	0	0	0	8.978e-05	0	0	0	0	0	0	0
Gallibacterium	0	0	0	0	0	0	0	0	5.219e-05	4.638e-05	0	0	0	0	4.972e-05	0	0	0	0	0	0	0	0	0	0.0001053	0	0	0	0	0	0	0
Methanobrevibacter	0	6.67e-05	0	0	0	0	0	0	0	0	0	0	0	0	0	3.262e-05	0	0	0	0	0	0	0	0	0	0	0	0	3.168e-05	0	0	4.11e-05
Peptoclostridium	0	0	0	0	0	0	0	6.323e-05	2.505e-05	0	3.687e-05	0	0	0	0	3.588e-05	3.743e-05	0	0	0	0	0	0	0	3.096e-05	0	0	0	0	0	0	0
Peptoniphilus	0	0	5.729e-05	0	0	0	0	0	0	0	0	0	0	0	0	0	0	0	0	0	0	0	0	0	4.334e-05	0	0	0	0	7.133e-05	0	0
Magnetospira	0	0	0	0	0	0	0	0	0	0	0	0	0	0	0	0	0	0	0.0002368	0	0	3.092e-05	0	0	0	0	0	0	0	0	0	0
Flagellimonas	0	0	0	0	4.547e-05	0	0	0	0	0	6.057e-05	0	0	0	0	0	8.525e-05	0	0	0	0	0	0	0	0	0	2.911e-05	0	0	0	3.226e-05	0
Natranaeroarchaeum	0	0	0	0	0	0	0.0002574	0	0	0	0	0	0	0	0	0	0	0	0	0	0	0	0	0	0	0	0	0	0	0	0	0
Erysipelatoclostridium	0	3.812e-05	0	0	0	0	0	7.026e-05	0	0	0	0	0	0	0	0	0	0	0	3.173e-05	0	0	0	3.911e-05	0	0	0	0	0	0	0	0
Nicoliella	0	0	4.166e-05	0	0	0	0	0	2.297e-05	0	0	0	0	0	3.038e-05	0	0	0	0	0	6.611e-05	0	0	0	0	0	0	0	0	3.312e-05	0	0
Luteitalea	0	0	0	0	0	2.536e-05	0	0	2.088e-05	8.116e-05	0	0	0	0	0	4.892e-05	0	0	2.411e-05	0	0	0	0	0	3.096e-05	0	0	0	0	0	0	0
Dactylococcopsis	0	0	0	0	0	0	0	5.269e-05	0	0	0	0	0	4.739e-05	0	0	0	0	0	6.347e-05	0	0	0	4.267e-05	0	0	0	0	3.696e-05	0	0	0
Natrialbaceae	0	0	0	0	0	0	0.0002541	0	0	0	0	0	0	0	0	0	0	0	0	0	0	0	0	0	0	0	0	0	0	0	0	0
Rockefellervirus	0	0	0	0	0	0	0	0	0	4.638e-05	0	0	0	0	0	7.175e-05	0	0	0	0	0	0	0	0	0	5.28e-05	0	0	0	0	0	4.991e-05
Sedimentisphaera	0	0	0	0	3.477e-05	0	0	4.567e-05	0	0	3.687e-05	0	0	0	0	0	4.99e-05	0	0	0	0	0	0	0	0	0	2.646e-05	0	0	0	3.495e-05	0
Venatoribacter	0	0	0	0	0	0.0002257	3.726e-05	0	0	0	0	0	0	0	0	0	0	0	0	0	0	0	0	0	0	0	0	0	0	0	0	0
Natrononativus	0	0	0	0	0	0	0.0002507	0	0	0	0	0	0	0	0	0	0	0	0	0	0	0	0	0	0	0	0	0	0	0	0	0
Persephonella	0	0	0	0	0	0	0	0	4.176e-05	0	0	0	0	0	4.143e-05	0	0	8.427e-05	0	0	0	0	0	0	3.715e-05	0	0	0	0	2.802e-05	0	0
Nitrospirillum	0	0	0	0	8.559e-05	0.0001217	0	0	0	0	0	0	0	0	0	0	0	0	2.631e-05	0	0	0	0	0	0	0	0	0	0	0	0	0
Arcticibacterium	0	7.306e-05	0	0	0	0	0	0	0	0	0	3.521e-05	0	0	0	0	0	3.913e-05	0	0	0	0	0	0	0	0	0	0	0	0	0	0
Pseudorhodobacter	0	0	0	0	0	0	0	0	0	0	3.423e-05	0	0	0	0	0	0	3.311e-05	0	0	5.509e-05	0	5.134e-05	0	0	0	0	0	0	5.35e-05	3.495e-05	0
Conchiformibius	0	0	0	0	0	0	9.484e-05	0	0	0	0	0	0	0	0	0	3.535e-05	0	3.946e-05	0	0	8.153e-05	0	0	0	0	0	0	0	0	0	0
Glaciimonas	0	0	0	0	0	9.129e-05	0	0	0	0	0	0	0	0	0	5.545e-05	0	0	3.727e-05	0	0	5.904e-05	0	0	0	0	0	0	0	0	0	0
Simplicispira	0	0	0	0	0	0	4.404e-05	0	3.549e-05	0	0	5.869e-05	0	0	0	0	0	5.417e-05	0	0	0	3.936e-05	0	0	0	0	0	0	0	0	0	0
Gimibacter	0	0	0	0	0	3.297e-05	6.097e-05	0	0	0	0	0	0	0	0	4.24e-05	2.911e-05	0	0	0	0	7.309e-05	0	0	0	0	0	0	0	0	0	0
Acanthamoeba	0	0.0001048	0	0	0	0	0	0	0	0	0	0	0	0	0	0	0	0	0	0	0	0	0	0	0	0	0	0	0	0	0	0
Kovacikia	0	0	0	0	0	0	0	8.431e-05	3.132e-05	0	0	0	0	0	0	0	0	3.612e-05	0	0	0	0	0	0	0	0	0	0	0	4.331e-05	0	0
Saprospira	0	0	0	0	0	0	0	0	2.505e-05	0	0	0.0001555	0	0	0	0	0	4.514e-05	0	0	0	0	0	0	0	0	0	0	0	0	0	0
Effusibacillus	0	0	0	3.63e-05	0	0	0	3.864e-05	0	0	0	0	0	0	0	5.545e-05	2.911e-05	0	0	0	0	0	0	0	0	0	0	0	0	0	0	0
Thermoleophilum	0	0	0	0	0	0	3.726e-05	0	0	3.768e-05	0	0	0	0	0	0	0	0	0.00016	0	0	0	0	0	0	0	0	0	0	0	0	0
Pyxidicoccus	0	0	0	0	0	0	0	0	0	8.986e-05	0	0	0	0	0	4.566e-05	0	0	0	0	0	2.811e-05	0	0	0	0	0	0	0	0	0	4.404e-05
Methyloceanibacter	0	0	0	0	0	0	5.081e-05	0	0	0	0	0	0	0	0	0	3.119e-05	0	0.00016	0	0	0	0	0	0	0	0	0	0	0	0	0
Lichenihabitans	0	6.67e-05	0	0	0	0	0	0	0	3.768e-05	0	0	0	0	0	0	0	0	0	0	0	0	0	0	0	0	0	0	0	0	0	3.523e-05
Rickettsiales	0	0	0	0	0	0	0	0	2.505e-05	3.188e-05	0	0	0	0	0	0	0	0	0	0	0	0	0	0	0.0001486	0	0	0	0	2.548e-05	0	0
Cyanobium	0	0	0	0	0	0	0	0	0	0	0	0	0	0	0	0.0001109	0	0	0	0	0	0.0001068	0	0	0	0	0	0	0	0	0	0
Lachnoclostridium	0	0	0	0	0	0	0	3.864e-05	2.505e-05	0	0	0	0	0	0	0	0	0	0	3.967e-05	0	0	0	3.556e-05	4.644e-05	0	0	0	3.696e-05	0	0	0
Anaplasma	3.577e-05	0	0	0	3.477e-05	0	4.404e-05	0	0	0	0	5.282e-05	0	0	0	0	3.951e-05	0	0	0	0	0	2.567e-05	0	0	0	0	0	0	0	0	0
Methylacidiphilum	0	3.494e-05	0	0	0	0	0	3.513e-05	5.011e-05	0	0	0	0	0	0	0	0	0	0	0	0	0	0	0	4.953e-05	0	0	0	0	0	0	0
Parasphingorhabdus	0	0	0	0	0	0.0001902	0	0	0	0	0	0	0	0	0	0	0	4.213e-05	0	0	0	0	0	0	0	0	0	0	0	0	0	0
Antarcticibacterium	0	0	3.125e-05	0	0	0	0	0	7.098e-05	0	0	0	0	0	4.143e-05	0	2.911e-05	0	0	0	0	0	0	0	0	0	0	0	0	0	0	0
Metamycoplasma	0	0	0	0	0	0	0	0	0	0	7.9e-05	0	0	0	0	0	5.406e-05	5.417e-05	0	0	0	0	0	0	3.405e-05	0	0	0	0	0	0	0
Trichlorobacter	0	0	0	0	0	0	0	0	0	0	0	0	0	0	0	0	0	0	0.0002017	0	0	0	0	0	3.405e-05	0	0	0	0	0	0	0
Paraconexibacter	0	0	0	0	0	0	4.404e-05	0	0	0	0	0	0	0	0	5.218e-05	3.951e-05	0	0	0	0	8.715e-05	0	0	0	0	0	0	0	0	0	0
Tannockella	0	0	0	0	0	0	0	0	3.132e-05	4.928e-05	0	0	0	0	0	4.24e-05	0	0	0	0	0	0	0	0	0	4.224e-05	0	0	0	0	0	3.523e-05
Chitinivorax	0	0	0	0	0	0	0	0	0	0	0	0	0	0	0	7.502e-05	0	0	0	0	0	9.558e-05	0	0	4.644e-05	0	0	0	0	0	0	0
Aminobacter	0	0	0	0	0	0	0	0	5.011e-05	0.0001449	0	0	0	0	0	0	0	0	0	0	0	0	0	0	0	0	0	0	0	0	0	0
Gulosibacter	0	0	0	0	0	0	0	0	0	0.0001072	0	0	0	0	0	8.154e-05	0	0	0	0	0	0	0	0	0	0	0	0	0	0	0	0
Permianibacter	0	0	0	0	0	4.311e-05	5.42e-05	0	0	0	0	0	0	0	0	0	0	0	0.0001337	0	0	0	0	0	0	0	0	0	0	0	0	0
Nitrosomonas	0	0	0	0	0	0.0002003	0	0	0	0	0	0	0	0	0	0	0	0	3.507e-05	0	0	0	0	0	0	0	0	0	0	0	0	0
Ferrigenium	0	3.494e-05	0	0	0	0	7.452e-05	0	0	0	0	0	3.881e-05	0	0	0	0	0	3.507e-05	0	0	0	0	0	0	0	0	0	0	0	0	0
Abiotrophia	0	0	0	0	0	0	0	0	2.297e-05	0	4.214e-05	0	0	0	3.315e-05	0	3.743e-05	0	0	0	0	0	0	0	0	0	3.97e-05	0	0	0	5.109e-05	0
Trichocoleus	0	0	0	0	0	0	0	0	3.967e-05	0	0	6.162e-05	0	0	0	0	0	6.019e-05	0	0	0	0	0	0	4.334e-05	0	0	0	0	0	0	0
Sediminibacterium	0	0	0	0	0	0	0	9.485e-05	0	0	0	2.935e-05	0	0	0	0	0	0	0	0	0	0	0	5.334e-05	0	0	0	0	0	0	0	0
Anaerolinea	0	0	0	9.076e-05	0	0	0	0	0	0	0	0	0	0	0	0	0	0	0	0	0	0	0	0	0	0	0	0	0	0	0	0
Jarrellvirus	0	0	0	0	0	0	0	0	0	4.348e-05	0	0	0	0	0	4.566e-05	0	0	0	0	0	0	0	0	0	5.984e-05	0	0	0	0	0	4.11e-05
Parasphaerochaeta	0	9.529e-05	0	0	0	0	0	0	0	0	0	0	0	0	0	0	0	0	0	0	0	0	0	0	0	0	0	0	0	0	0	0
Sulfuriferula	0	0	0	0	0	0	0	0	0	0	0	0	0	0	0	0	2.911e-05	0	0.0001469	0	0	4.779e-05	0	0	0	0	0	0	0	0	0	0
Aquirhabdus	0	0	0	0	0	0.0002282	0	0	0	0	0	0	0	0	0	0	0	0	0	0	0	0	0	0	0	0	0	0	0	0	0	0
Alkalimarinus	0	0	0	0	0	2.789e-05	4.065e-05	0	0	0	0	0	0	0	0	0	0	0	0.0001096	0	0	4.498e-05	0	0	0	0	0	0	0	0	0	0
Dyadobacter	0	0	0	6.483e-05	0	0	0	0	0	0	0	0	0	0	0	0	0	0	0	0	0	0	0	0	5.882e-05	0	0	0	0	0	0	0
Natronobacterium	0	0	0	0	0	0	0.0002134	0	0	0	0	0	0	0	0	0	0	0	0	0	0	0	0	0	0	0	0	0	0	0	0	0
Abyssibius	0	0	0	0	0	0	0	0	2.923e-05	0	0	0	0	0	0	0	3.743e-05	0	2.85e-05	0	0	0	3.337e-05	0	0	0	3.705e-05	0	0	0	5.915e-05	0
Thermochromatium	0	0	0	0	0	0.0002232	0	0	0	0	0	0	0	0	0	0	0	0	0	0	0	0	0	0	0	0	0	0	0	0	0	0
Cuniculiplasma	0	0	0	0	0	0	0	0	8.143e-05	4.058e-05	0	0	0	0	4.972e-05	0	0	0	0	0	0	0	0	0	0	0	0	0	0	2.802e-05	0	0
Flagellatimonas	0	0	0	0	0	0	4.742e-05	0	0	0	0	0	0	0	0	0	5.614e-05	0	0.0001118	0	0	0	0	0	0	0	0	0	0	0	0	0
Alkalitalea	0	0	0	0	0	0	0	0	0	0	0	0	0	0	0	0	0	5.417e-05	0	0	0	0	0	0	9.288e-05	0	0	0	0	5.859e-05	0	0
Alteriqipengyuania	0	0	0	0	0.0001391	0	0	0	0	0	0	0	0	0	0	0	0	0	3.069e-05	0	0	0	0	0	0	0	0	0	0	0	0	0
Kingella	0	0	0	0	0	0	0	0	2.714e-05	0	0	0	0	0	5.248e-05	0	0	0	9.646e-05	0	0	0	0	0	0	0	0	0	0	3.312e-05	0	0
Microcystis	0	0	0	0	0	0	0	0	3.34e-05	0	8.954e-05	0	0	0	0	0	8.525e-05	0	0	0	0	0	0	0	0	0	0	0	0	0	0	0
Pragia	0	0	0	0	0	0	0	0	0	0	4.214e-05	0	0	0	0	0	4.99e-05	3.913e-05	0	0	0	0	0	0	0	0	4.234e-05	0	0	0	3.226e-05	0
Monoglobus	0	0	0	0	0	0	0	0	0	5.797e-05	0	0	0	0	0	7.175e-05	0	0	0	0	0	0	0	0	0	4.576e-05	0	0	0	0	0	0
Lacimicrobium	0	0	0	0	0	0	0	0	0	0	0	0	0	0	0	4.24e-05	0	0	9.646e-05	0	0	6.185e-05	0	0	0	0	0	0	0	0	0	0
Geotalea	0	0	0	0	0	0	4.404e-05	0	0	0	0	0	0	0	0	0	0	0	0.0001644	0	0	0	0	0	0	0	0	0	0	0	0	0
Sediminicoccus	0	0	0	0	0	0	0	0	0	8.696e-05	0	0	0	0	0	4.24e-05	0	0	0	0	0	0	0	0	0	0	0	0	0	0	0	4.404e-05
Larkinella	0	0	0	0	0	0	0	0	5.219e-05	0	0	0	0	0	3.591e-05	0	0	0	0	0	0	0	0	0	0.0001115	0	0	0	0	0	0	0
Pyruvatibacter	0	0	0	0	0	0	4.742e-05	0	0	0	0	0	0	0	0	0	0	0	0.00016	0	0	0	0	0	0	0	0	0	0	0	0	0
Desulfurivibrio	0	0	0	0	0	0	5.081e-05	0	0	0	0	0	0	0	0	0	3.743e-05	0	0.0001184	0	0	0	0	0	0	0	0	0	0	0	0	0
Sulfurimicrobium	0	0	0	0	0	3.297e-05	5.759e-05	0	0	0	0	0	0	0	0	0	3.327e-05	0	5.261e-05	0	0	3.092e-05	0	0	0	0	0	0	0	0	0	0
Labilithrix	0	0	0	0	0	0	4.404e-05	0	0	0	0	0	0	0	0	0	0	3.311e-05	7.234e-05	0	0	4.779e-05	0	0	0	0	0	0	0	0	0	0
Denitrovibrio	0	0	0	0	0	0	0	4.567e-05	6.89e-05	0	0	0	0	0	5.801e-05	0	0	0	0	0	0	0	0	0	0	0	0	0	0	0	0	0
Haliovirga	0	0	0	0	0	0	0	0	3.549e-05	3.478e-05	0	0	0	0	0	3.588e-05	0	6.32e-05	0	0	0	0	0	0	0	0	0	0	0	0	0	0
Zhihengliuella	0	0	0	0	0	0	0	0	0	0	0	0	0	0	0	0	0	0	0	0	0	0	0	0	0.0001981	0	0	0	0	0	0	0
Imtechella	0	8.576e-05	0	0	0	0	0	0	0	0	0	0	0	0	0	0	0	0	0	0	0	0	0	0	0	0	0	0	0	0	0	0
Chlamydia	0	0	0	0	0	0	0	0.0001335	0	0	0	0	0	0	0	0	0	0	0	0	0	0	0	0	0	0	0	0	0	0	0	0
Neorickettsia	0	0	0	0	0	0	0	0	0	8.116e-05	0	0	0	0	0	5.218e-05	0	0	0	0	0	0	0	0	0	0	0	0	0	0	0	3.23e-05
Moorena	0	0	0	0	0	0	0	5.972e-05	0	0	0	5.576e-05	0	0	0	0	0	3.913e-05	0	0	0	0	0	0	0	0	0	0	0	0	0	0
Phycisphaera	0	0	0	0	0	0	0	0	0	8.116e-05	0	0	0	0	0	0	0	0	0	0	0	0	0	0	0	3.872e-05	0	0	0	0	0	4.698e-05
Aerosticca	0	0	0	0	0	0.0001395	0	0	0	4.928e-05	0	0	0	0	0	0	0	0	0	0	0	0	0	0	0	0	0	0	0	0	0	0
Simonsiella	0	0	0	0	0	0	0	0	0	0	6.057e-05	0	0	0	0	0	7.485e-05	0	0	0	0	0	0	0	0	0	2.646e-05	0	0	0	3.495e-05	0
Halostagnicola	0	0	0	0	0	0	0.0001897	0	0	0	0	0	0	0	0	0	0	0	0	0	0	0	0	0	0	0	0	0	0	0	0	0
Pseudobutyrivibrio	0	3.494e-05	0	0	0	0	0	7.377e-05	0	0	0	0	0	0	0	0	0	0	0	0	0	0	0	0	0	0	0	0	0	0	0	0
Sideroxydans	0	0	0	0	0	0	0	0	0	0	0	0	0	0	0	0	0	0	0.0001929	0	0	0	0	0	0	0	0	0	0	0	0	0
Fastidiosipila	0	0	0	0	0	0	0	3.513e-05	5.428e-05	2.899e-05	0	0	0	0	4.143e-05	0	0	0	0	0	0	0	0	0	0	0	0	0	0	0	0	0
Aquiluna	0	0	0	0	0	0.0001445	0	0	0	4.058e-05	0	0	0	0	0	0	0	0	0	0	0	0	0	0	0	0	0	0	0	0	0	0
Algoriphagus	0	0	0	0	0	0	0	0	6.472e-05	3.768e-05	0	0	0	0	0	0	0	0	0	0	0	0	0	0	7.121e-05	0	0	0	0	0	0	0
Haloquadratum	0	0	0	0	0	0	0.0001829	0	0	0	0	0	0	0	0	0	0	0	0	0	0	0	0	0	0	0	0	0	0	0	0	0
Luteithermobacter	0	0	0	0	0	0	5.759e-05	0	0	0	0	0	0	0	0	0	4.782e-05	0	0	0	0	8.153e-05	0	0	0	0	0	0	0	0	0	0
Defluviicoccus	0	0	0	0	0	0	0	0	0	6.087e-05	0	0	0	0	0	4.892e-05	0	0	0	0	0	0	0	0	0	0	0	0	0	0	0	4.698e-05
Sterolibacterium	0	0	0	0	0	0	0	0	0	7.536e-05	0	0	0	0	0	4.24e-05	0	0	0	0	0	0	0	0	0	0	0	0	0	0	0	3.817e-05
Litorivicinus	0	0	0	0	0	0.0001521	0	0	0	0	0	0	0	0	0	0	0	0	3.946e-05	0	0	0	0	0	0	0	0	0	0	0	0	0
Sulfuriroseicoccus	0	0	0	0	0	0	0	0	0	8.116e-05	0	0	0	0	0	5.218e-05	0	0	2.411e-05	0	0	0	0	0	0	0	0	0	0	0	0	0
Fluviispira	0	0	3.125e-05	0	0	0	0	0	5.846e-05	0	0	0	0	0	3.591e-05	0	0	0	0	0	0	0	0	0	0	0	0	0	0	0	0	0
Kordiimonas	0	7.941e-05	0	0	0	0	0	0	0	0	0	0	0	0	0	0	0	0	0	0	0	0	0	0	0	0	0	0	0	0	0	0
Neomicrococcus	0	0	0	0	0	0	0	0	4.384e-05	0	0	0	0	0	3.867e-05	0	0	0	0	0	0	0	0	0	9.598e-05	0	0	0	0	0	0	0
Riemerella	0	0	0	0	0	0	0	0	3.34e-05	0	0	0	0	0	7.734e-05	0	0	0	0	0	0	0	0	0	6.501e-05	0	0	0	0	0	0	0
Parvularcula	0	0	0	0	0	3.804e-05	0	0	4.176e-05	0	0	0	0	0	4.143e-05	0	0	0	0	0	0	0	0	0	3.096e-05	0	0	0	0	2.802e-05	0	0
Hydrocarboniclastica	0	0	0	0	0	0	9.484e-05	0	0	0	0	0	4.851e-05	0	0	0	0	0	4.384e-05	0	0	0	0	0	0	0	0	0	0	0	0	0
Actinarchaeum	0	0	0	0	0	0	0.0001524	0	0	0	0	0	0	0	0	0	0	0	2.631e-05	0	0	0	0	0	0	0	0	0	0	0	0	0
Aquicella	0	0	0	0	0	0	0	0	0	0	0	0	0	0	0	0	0.000104	0	0	0	0	4.779e-05	0	0	0	0	0	0	0	0	3.226e-05	0
Staphylothermus	0	4.129e-05	0	0	0	0	0	5.62e-05	0	0	0	0	0	0	0	0	0	0	0	0	0	0	0	0	0	0	0	0	0	0	0	0
Moritella	0	0	0	0	0	0.0001395	0	0	4.176e-05	0	0	0	0	0	0	0	0	0	0	0	0	0	0	0	0	0	0	0	0	0	0	0
Paremcibacter	0	0	0	6.223e-05	0	2.789e-05	0	0	0	0	0	0	0	0	0	0	0	0	0	0	0	0	0	0	0	0	0	0	0	0	0	0
[Haemophilus]	0	0	0	0	0	0	0	0	0	0	0	0	0	0	0	0	4.782e-05	4.514e-05	0	0	0	0	0	0	0	0	3.176e-05	0	0	0	4.84e-05	0
Pseudolabrys	0	0	0	0	0	0	0	0	0	4.348e-05	0	4.989e-05	0	0	0	0	2.703e-05	0	0	0	0	0	0	0	4.644e-05	0	0	0	0	0	0	0
Woodruffvirus	0	0	0	0	0	0	0	0	4.593e-05	0	0	0	0	0	5.801e-05	0	0	0	0	0	0	0	0	0	6.501e-05	0	0	0	0	0	0	0
secondary	0	0	0	0	0	0	0	0	0	0	0.0001106	0	0	0	0	0	6.446e-05	0	0	0	0	0	0	0	0	0	0	0	0	0	0	0
Porifericola	0	0	0	0	2.675e-05	0	0	0	0	0	4.214e-05	0	0	0	0	0	9.772e-05	0	0	0	0	0	0	0	0	0	0	0	0	0	0	0
Pollutimonas	0	0	0	0	0	0	0	0	0	0	0	0	0	0	0	0	0	3.311e-05	0.0001359	0	0	0	0	0	0	0	0	0	0	0	0	0
Marispirochaeta	0	4.764e-05	0	0	0	0	0	0	0	0	0	0	0	0	0	0	0	0	0	0	0	0	0	0	6.192e-05	0	0	0	0	0	0	0
Anamdongvirus	0	0	0	0	0	0	0	0	2.714e-05	0	0	0	0	0	0	0	0	0	0	0	0	0	0	0	0.0001424	0	0	0	0	0	0	0
Odoribacter	0	0	0	0	0	0	0	0	0	0	4.214e-05	0	0	0	0	0	6.862e-05	0	0	0	0	0	0	0	0	0	3.44e-05	0	0	0	2.958e-05	0
Allofrancisella	0	0	0	0	0.0001311	0	0	0	0	0	0	0	0	0	0	0	0	0	0	0	0	0	0	0	0	0	0	0	0	0	0	0
Frigoribacterium	0	0	0	0	0	0	0	0	3.967e-05	0	0	0	0	0	0	0	0	0	0	0	0	5.341e-05	0	0	7.43e-05	0	0	0	0	0	0	0
Altererythrobacter	0	0	0	0	0	7.354e-05	5.759e-05	0	0	0	0	0	0	0	0	0	3.951e-05	0	0	0	0	0	0	0	0	0	0	0	0	0	0	0
Verminephrobacter	0	0	0	0	0	0.0001268	0	0	0	0	0	0	0	0	0	0	4.574e-05	0	0	0	0	0	0	0	0	0	0	0	0	0	0	0
Methylobacter	0	0	0	0	0	0	0	0	2.923e-05	0	0	0	0	0	0	0	2.703e-05	0	4.604e-05	0	0	3.092e-05	0	0	3.405e-05	0	0	0	0	0	0	0
Iocasia	0	0	0	0	0	0	0	3.513e-05	0	0	0	0	0	0	0	0	0	0	0	0	0	0	0	0	0.0001145	0	0	0	0	0	0	0
Pleionea	0	0	0	0	0	0	0	0	0	0	3.16e-05	0	0	0	0	0	3.535e-05	0	0	0	0	0	0	0	0	0	4.234e-05	0	0	0	6.453e-05	0
Salinispora	0	0	0	0	0	0	0	0	0	9.275e-05	0	0	0	0	0	4.566e-05	0	0	0	0	0	0	0	0	0	0	0	0	0	0	0	0
Glaesserella	0	0	0	0	0	0	0	8.431e-05	0	0	0	0	0	0	0	0	0	0	0	4.231e-05	0	0	0	0	0	0	0	0	0	0	0	0
Nonlabens	0	0	0	0	0	0	0	0	3.34e-05	0	0	0	0	0	3.315e-05	0	0	0	0	0	0	0	0	0	6.811e-05	0	0	0	0	2.802e-05	0	0
Vulgatibacter	0	6.988e-05	0	0	0	0	0	0	0	0	0	0	0	0	0	0	0	0	0	0	0	0	0	0	0	0	0	0	0	0	0	0
Hungatella	0	0	0	0	0	0	0	0	2.923e-05	0	0	0	0	0	2.762e-05	0	0	0	0	0	0	0	0	0	6.811e-05	0	0	0	0	3.567e-05	0	0
Coprococcus	0	0	0	0	0	0	0	0	3.758e-05	0	0	0	0	0	4.696e-05	0	0	0	0	0	0	0	0	0	7.121e-05	0	0	0	0	0	0	0
Afipia	0	0	0	0	0	0	0	0	0	0	0	0	0	0	0	6.197e-05	0	0	2.85e-05	0	0	5.904e-05	0	0	0	0	0	0	0	0	0	0
Thalassoglobus	0	0	0	0	0.000123	0	0	0	0	0	0	0	0	0	0	0	0	0	0	0	0	0	0	0	0	0	0	0	0	0	0	0
Sulfurifustis	0	0	0	0	0	0	5.081e-05	0	0	0	0	0	0	0	0	0	0	0	6.796e-05	0	0	4.217e-05	0	0	0	0	0	0	0	0	0	0
Sulfolobus	0	0	0	0	0	0	0	4.567e-05	0	0	0	0	0	0	0	0	0	0	0	0	0	0	0	0	8.978e-05	0	0	0	0	0	0	0
Neptunomonas	0	0	0	0	0	2.789e-05	0	8.782e-05	0	0	0	0	0	0	0	0	0	0	0	0	0	0	0	0	0	0	0	0	0	0	0	0
Cyclobacterium	0	0	0	0	0	0	0	0.0001054	0	0	0	0	0	0	0	0	0	0	0	0	0	0	0	0	0	0	0	0	0	0	0	0
Algicella	0	0	0	0	0	0	0	0	0	0	0	0	0	0	2.762e-05	0	0	0	0	0	6.244e-05	3.092e-05	0	0	0	0	0	0	0	4.331e-05	0	0
Saccharobesus	0	0	0	3.371e-05	0	0	0	0	0	0	0	0	0	0	0	0	2.703e-05	0	0	0	0	0	0	0	0	4.224e-05	0	0	0	0	0	0
Gloeocapsa	0	0	0	0	0	0	0	0	0	4.058e-05	0	0	0	0	0	3.588e-05	0	0	0	0	0	0	0	0	0	0	0	0	0	0	0	5.579e-05
Thermodesulfomicrobium	0	0	0	0	0	0	0	0	0	8.986e-05	0	0	0	0	0	0	0	0	0	0	0	0	0	0	0	0	0	0	0	0	0	4.11e-05
Kangiella	0	0	0	0	0	0	0	0	0	0	0	0	0	0	0	0	2.079e-05	0	0	0	0	0	0	0	8.049e-05	0	0	0	0	5.605e-05	0	0
Methanocaldococcus	0	0	0	0	0	0	0	6.675e-05	0	0	0	0	0	0	0	0	0	0	0	0	0	0	0	0	5.263e-05	0	0	0	0	0	0	0
Oceanotoga	0	0	0	0	0	0	0	0	0	0	0	0	0	0	0	4.892e-05	0	0	0	0	0	0	0	0	4.953e-05	0	0	0	0	0	0	3.817e-05
Halodesulfurarchaeum	0	0	0	0	0	0	0.000149	0	0	0	0	0	0	0	0	0	0	0	0	0	0	0	0	0	0	0	0	0	0	0	0	0
Spartinivicinus	0	0	0	0	0	0.0001572	0	0	0	0	0	0	0	0	0	0	0	0	0	0	0	0	0	0	0	0	0	0	0	0	0	0
Pontimonas	0	0	0	0	0	0	0	0	0	0	0	2.935e-05	0	0	3.038e-05	0	0	7.223e-05	0	0	0	0	0	0	0	0	0	0	0	0	0	0
Labilibaculum	0	0	0	0	0	0	0	0	8.351e-05	0	0	0	0	0	5.801e-05	0	0	0	0	0	0	0	0	0	0	0	0	0	0	0	0	0
Anseongella	0	0	0	0	0	0	0	0	3.549e-05	0	0	0	0	0	4.696e-05	0	0	0	0	0	0	0	0	0	6.192e-05	0	0	0	0	0	0	0
[Mycoplasma]	0	0	0	0	0	0	0	0	6.472e-05	0	0	0	0	0	0	0	0	0	0	0	0	0	0	0	4.644e-05	0	0	0	0	3.567e-05	0	0
Zhongshania	0	0	0	0	0	0	3.387e-05	0	0	3.188e-05	0	0	0	0	0	0	2.079e-05	0	0	0	0	5.623e-05	0	0	0	0	0	0	0	0	0	0
Thermodesulfovibrio	0	5.4e-05	0	0	0	0	0	0	0	0	0	0	0	2.494e-05	0	0	0	0	0	0	0	0	0	0	0	0	0	0	0	0	0	0
Herminiimonas	0	0	0	0	0	0	0	0	0	0	0	0	0	0	0	0	3.327e-05	3.612e-05	3.288e-05	0	0	3.936e-05	0	0	0	0	0	0	0	0	0	0
Reinekea	0	0	0	0	0	0	3.726e-05	0	0	0	0	0	0	0	0	0	0	0	0.0001118	0	0	0	0	0	0	0	0	0	0	0	0	0
Ornithobacterium	0	0	0	0	0	0	0	9.836e-05	0	0	0	0	0	0	0	0	0	0	0	0	0	0	0	0	0	0	0	0	0	0	0	0
Methylomicrobium	0	0	0	0	0	0.0001521	0	0	0	0	0	0	0	0	0	0	0	0	0	0	0	0	0	0	0	0	0	0	0	0	0	0
Silvimonas	0	0	0	0	0	0.000109	4.065e-05	0	0	0	0	0	0	0	0	0	0	0	0	0	0	0	0	0	0	0	0	0	0	0	0	0
Zunongwangia	0	0	0	0	0	0	0	0	7.933e-05	0	0	0	0	0	5.801e-05	0	0	0	0	0	0	0	0	0	0	0	0	0	0	0	0	0
Winkia	0	0	0	5.964e-05	0	0	0	0	0	0	0	0	0	0	0	0	0	0	0	0	0	0	0	0	0	0	0	0	0	0	0	0
Halocatena	0	0	0	0	0	0	0.0001423	0	0	0	0	0	0	0	0	0	0	0	0	0	0	0	0	0	0	0	0	0	0	0	0	0
Defluviitoga	0	0	0	0	0	0	0	0	6.681e-05	3.478e-05	0	0	0	0	0	0	0	0	0	0	0	0	0	0	3.096e-05	0	0	0	0	0	0	0
Rhizobacter	0	0	0	0	0	0	6.097e-05	0	0	0	0	0	0	0	0	0	0	0	8.331e-05	0	0	0	0	0	0	0	0	0	0	0	0	0
Leadbetterella	3.1e-05	0	0	0	0	0	0	0	2.505e-05	0	0	0	0	0	0	7.502e-05	0	0	0	0	0	0	0	0	0	0	0	0	0	0	0	0
Polymorphum	0	0	0	0	0	0	0	0	0	0	0	0	0	0	0	0	5.822e-05	0	0	0	0	8.715e-05	0	0	0	0	0	0	0	0	0	0
Planctomyces	0	0	0	0	0	0	0	0	3.132e-05	0	0	0	0	0	3.867e-05	0	0	0	0	0	0	0	0	0	6.811e-05	0	0	0	0	0	0	0
Nibricoccus	0	0	0	0	0	7.608e-05	0	0	0	0	0	0	0	0	0	3.914e-05	0	0	2.192e-05	0	0	0	0	0	0	0	0	0	0	0	0	0
Pseudazoarcus	0	0	0	0	0	0	0	0	0	0	0	0	0	0	0	0	0	0	0.0001447	0	0	0	0	0	0	0	0	0	0	0	0	0
Sandaracinobacteroides	0	0	0	0	0	0	0	0	0	6.087e-05	0	0	0	0	0	0	0	0	0	0	0	0	0	0	0	0	0	0	0	0	0	5.872e-05
Duodenibacillus	0	0	0	5.705e-05	0	0	0	0	0	0	0	0	0	0	0	0	0	0	0	0	0	0	0	0	0	0	0	0	0	0	0	0
Paractinoplanes	0	0	0	0	0	0	0	0	2.714e-05	0	0	0	0	0	4.143e-05	0	0	0	0	0	0	0	0	0	6.501e-05	0	0	0	0	0	0	0
Mesoterricola	0	0	0	0	0	0	0	0	0	0	0	0	0	0	0	0	0	0	2.631e-05	0	0	7.309e-05	0	0	4.025e-05	0	0	0	0	0	0	0
Pararhodospirillum	0	0	0	0	0	0.000142	0	0	0	0	0	0	0	0	0	0	0	0	0	0	0	0	0	0	0	0	0	0	0	0	0	0
Grimontia	0	0	0	0	0	7.1e-05	0	0	0	0	0	0	0	0	0	0	2.079e-05	0	0	0	0	4.779e-05	0	0	0	0	0	0	0	0	0	0
Arcanobacterium	0	0	0	0	0	0.0001395	0	0	0	0	0	0	0	0	0	0	0	0	0	0	0	0	0	0	0	0	0	0	0	0	0	0
Nanobdella	0	0	0	0	0	0	0	4.918e-05	0	0	0	0	0	3.243e-05	0	0	0	0	0	0	0	0	0	0	3.096e-05	0	0	0	0	0	0	0
Methanohalobium	0	0	0	0	0	0	0	3.864e-05	0	0	0	0	0	0	0	0	0	0	0	3.967e-05	0	0	0	0	3.715e-05	0	0	0	0	0	0	0
Pseudochrobactrum	0	0	0	5.445e-05	0	0	0	0	0	0	0	0	0	0	0	0	0	0	0	0	0	0	0	0	0	0	0	0	0	0	0	0
Desulfofustis	0	0	0	0	2.675e-05	0	0	0	0	0	3.95e-05	0	0	0	0	0	3.327e-05	0	0	0	0	0	0	0	0	0	0	0	0	0	2.689e-05	0
Changpingibacter	0	0	0	0	0	0	0	0	0	5.797e-05	0	0	0	0	0	0	0	0	0	0	0	0	0	0	0	0	0	0	0	0	0	5.579e-05
Rickettsiella	0	0	0	0	0	0	0	0	0	4.348e-05	4.214e-05	0	0	0	0	0	3.743e-05	0	0	0	0	0	0	0	0	0	0	0	0	0	0	0
Paralysiella	0	0	0	0	0	0.0001369	0	0	0	0	0	0	0	0	0	0	0	0	0	0	0	0	0	0	0	0	0	0	0	0	0	0
Paraneptunicella	0	0	0	0	0	6.593e-05	0	4.567e-05	0	0	0	0	0	0	0	0	0	0	0	0	0	0	0	0	0	0	0	0	0	0	0	0
Anatilimnocola	0	0	0	0	0	0	0	0	0	0	0	0	0	0	0	0	0	0	0.0001337	0	0	0	0	0	0	0	0	0	0	0	0	0
Abelson	0	0	0	0	0	0	0	0	0	0	0	0	0	0	0	0	0	0	0	0	0	0	0	0	4.334e-05	7.744e-05	0	0	0	0	0	0
Nitratidesulfovibrio	0	0	0	0	0	0	0	0	0	0	0	0	0	0	0	0	0	0	0.0001315	0	0	0	0	0	0	0	0	0	0	0	0	0
Flavihumibacter	0	0	0	0	0	0	0	0	0	0	0	4.989e-05	0	0	0	0	0	6.32e-05	0	0	0	0	0	0	0	0	0	0	0	0	0	0
Oecophyllibacter	0	0	0	0	0	0	5.42e-05	0	0	0	0	0	0	0	0	0	0	0	7.453e-05	0	0	0	0	0	0	0	0	0	0	0	0	0
Thermacetogenium	0	0	0	5.186e-05	0	0	0	0	0	0	0	0	0	0	0	0	0	0	0	0	0	0	0	0	0	0	0	0	0	0	0	0
Pandoravirus	0	0	0	0	0	0	0	0	0	0.0001044	0	0	0	0	0	0	0	0	0	0	0	0	0	0	0	0	0	0	0	0	0	0
Prodigiosinella	0	0	0	0	0	0	0	0	0	0	0	0	0	0	0	0	0	0.0001023	0	0	0	0	0	0	0	0	0	0	0	0	0	0
Natranaerobius	0	0	0	0	0	0	0	0	0	4.348e-05	0	0	0	0	0	0	0	0	0	0	0	2.811e-05	0	0	0	3.872e-05	0	0	0	0	0	0
Gemykrogvirus	0	0	0	0	0	0	0	0	7.724e-05	0	0	0	0	0	0	0	0	0	0	0	0	0	0	0	0	0	0	0	0	4.331e-05	0	0
Tolumonas	0	0	0	0	0	4.565e-05	0	0	0	0	4.477e-05	0	0	0	0	0	3.327e-05	0	0	0	0	0	0	0	0	0	0	0	0	0	0	0
Aureibaculum	0	0	0	0	0	0	0	0	7.098e-05	0	0	0	0	0	4.143e-05	0	0	0	0	0	0	0	0	0	0	0	0	0	0	0	0	0
Hujiaoplasma	0	0	0	0	0	0	0	0	0	0	2.897e-05	0	0	0	0	5.545e-05	2.287e-05	0	0	0	0	0	0	0	0	0	0	0	0	0	0	0
Aedoeadaptatus	0	0	0	0	0	0	0	0	0	0	6.057e-05	0	0	0	0	0	5.822e-05	0	0	0	0	0	0	0	0	0	0	0	0	0	0	0
Marnyiella	0	0	0	0	0	0.0001217	0	0	0	0	0	0	0	0	0	0	0	0	0	0	0	0	0	0	0	0	0	0	0	0	0	0
Bremerella	0	0	0	0	0	0	5.081e-05	0	0	0	0	0	0	0	0	0	6.446e-05	0	0	0	0	0	0	0	0	0	0	0	0	0	0	0
Butyricimonas	0	0	0	0	0	0	0	0	0	0	0	0	0	0	0	0	0	0	0	0	0	0	0	0	7.121e-05	0	0	0	0	0	4.571e-05	0
Vitreoscilla	0	0	0	0	0	8.115e-05	0	0	0	0	3.687e-05	0	0	0	0	0	0	0	0	0	0	0	0	0	0	0	0	0	0	0	0	0
Ilzatvirus	0	0	0	0	0	0	0	0	3.967e-05	0	0	0	0	0	0	0	0	0	0	0	0	0	0	0	7.121e-05	0	0	0	0	0	0	0
Agreia	0	0	0	0	0	0	0	0	0	0	0	0	0	0	0	0	0	0	0	0	0	0	0	0	0	5.984e-05	0	0	0	0	0	4.11e-05
Maridesulfovibrio	0	0	0	0	0	0	0	0	3.758e-05	3.188e-05	0	0	0	0	0	0	0	0	0	0	0	0	0	0	3.405e-05	0	0	0	0	0	0	0
Sphaerochaeta	0	0	0	0	0	0	0	3.513e-05	0	0	0	0	0	0	0	0	0	0	6.138e-05	0	0	0	0	0	0	0	0	0	0	0	0	0
Caproicibacterium	0	0	0	0	0	0.0001166	0	0	0	0	0	0	0	0	0	0	0	0	0	0	0	0	0	0	0	0	0	0	0	0	0	0
Lawsonella	0	3.176e-05	0	0	0	0	0	0	0	3.188e-05	0	0	0	0	0	0	0	0	0	0	0	0	0	0	0	0	0	0	0	0	0	0
Nitrosarchaeum	0	0	0	0	0	0	0	0	0	0	0	0	0	0	0	0	0	0	0	0	0	0	0	0	6.811e-05	0	0	0	0	4.586e-05	0	0
Actinobaculum	0	0	0	0	0	0	0	0	0	5.218e-05	0	0	0	0	0	0	0	0	0	0	0	0	0	0	0	4.224e-05	0	0	0	0	0	0
Wohlfahrtiimonas	0	0	0	0	0	0	0	7.377e-05	0	0	0	0	0	0	0	0	0	0	0	0	0	0	0	0	0	0	0	0	0	0	0	0
Lawsonia	0	0	0	0	0	0	0	0	0	0	0	0	0	0	0	0	0	0	0	0	0	0	0	0	7.74e-05	0	0	0	0	3.312e-05	0	0
Hippea	0	0	0	0	0	0	0	0	0	0	8.164e-05	0	0	0	0	0	2.703e-05	0	0	0	0	0	0	0	0	0	0	0	0	0	0	0
Thiolapillus	0	0	0	0	0	0	0	0	0	0	0	0	0	0	0	0	0	0	0.0001096	0	0	0	0	0	0	0	0	0	0	0	0	0
Pseudothauera	0	0	0	0	0	0	0	0	0	0	0	0	0	0	0	0	0	0	0.0001096	0	0	0	0	0	0	0	0	0	0	0	0	0
Ketobacter	0	0	0	0	0	0	4.404e-05	0	0	0	0	0	0	0	0	0	0	5.116e-05	0	0	0	0	0	0	0	0	0	0	0	0	0	0
Sulfuritalea	0	0	0	0	0	5.072e-05	0	0	0	0	0	0	0	0	0	0	0	0	5.919e-05	0	0	0	0	0	0	0	0	0	0	0	0	0
Chenggangzhangella	0	0	0	0	0	0	0.000105	0	0	0	0	0	0	0	0	0	0	0	0	0	0	0	0	0	0	0	0	0	0	0	0	0
Olsenella	0	0	0	0	0	0	0	0	0	0	0	0	0	0	0	0	0	0	0	0	0	5.341e-05	0	0	5.263e-05	0	0	0	0	0	0	0
Silviavirus	0	0	0	0	0	0	0	0	5.219e-05	4.058e-05	0	0	0	0	0	0	0	0	0	0	0	0	0	0	0	0	0	0	0	0	0	0
Pikeienuella	0	0	0	0	0	0	0	0	0	0	0	0	0	0	0	0	0	0	0	0	0	0	0	0	0	0	3.705e-05	3.061e-05	0	0	4.571e-05	0
Moumouvirus	0	0	0	0	0	0	0	0	0	0	0	6.456e-05	0	0	0	0	0	0	0	0	0	0	0	0	3.715e-05	0	0	0	0	0	0	0
Desulfocapsa	0	0	0	0	0	0	0	4.918e-05	0	0	0	0	0	0	0	0	0	0	0	3.173e-05	0	0	0	0	0	0	0	0	0	0	0	0
Mariprofundus	0	0	0	0	0	6.847e-05	0	0	0	0	0	0	0	0	0	0	0	0	3.727e-05	0	0	0	0	0	0	0	0	0	0	0	0	0
Horticoccus	0	0	0	0	0	0.0001065	0	0	0	0	0	0	0	0	0	0	0	0	0	0	0	0	0	0	0	0	0	0	0	0	0	0
Fibrella	0	0	0	0	0	0.0001065	0	0	0	0	0	0	0	0	0	0	0	0	0	0	0	0	0	0	0	0	0	0	0	0	0	0
Uruburuella	0	0	0	0	0	0	0	0	0	0	0	0	0	0	0	3.588e-05	0	0	0	0	0	5.904e-05	0	0	0	0	0	0	0	0	0	0
Desulfobacter	0	0	0	0	0	0	0	0	2.923e-05	0	0	0	0	0	0	0	0	0	0	0	4.775e-05	0	0	0	0	0	0	0	0	2.802e-05	0	0
Planctobacterium	0	0	0	0	0	0.000104	0	0	0	0	0	0	0	0	0	0	0	0	0	0	0	0	0	0	0	0	0	0	0	0	0	0
Ectothiorhodosinus	0	0	0	0	0	0.000104	0	0	0	0	0	0	0	0	0	0	0	0	0	0	0	0	0	0	0	0	0	0	0	0	0	0
Tautonia	0	0	0	0	0	0	0	0	2.923e-05	0	0	0	0	0	0	0	0	0	0	0	0	0	0	0	6.811e-05	0	0	0	0	0	0	0
Haloferula	0	0	0	0	0	0	0	0	0	5.218e-05	0	0	0	0	0	0	0	0	0	0	0	0	0	0	0	0	0	0	0	0	0	3.23e-05
Gillisia	0	0	3.645e-05	0	0	0	0	0	0	0	0	0	0	0	0	0	0	0	0	0	0	0	0	0	0	0	0	0	0	0	0	0
Pectinatus	0	0	3.645e-05	0	0	0	0	0	0	0	0	0	0	0	0	0	0	0	0	0	0	0	0	0	0	0	0	0	0	0	0	0
Facklamia	0	0	0	0	0	0	0	0	0	5.507e-05	0	0	0	0	3.038e-05	0	0	0	0	0	0	0	0	0	0	0	0	0	0	0	0	0
Tunicatimonas	0	0	0	0	0	5.072e-05	0	0	0	0	5.004e-05	0	0	0	0	0	0	0	0	0	0	0	0	0	0	0	0	0	0	0	0	0
Tardiphaga	0	0	0	0	0	0	0	0	0	0	0	0	0	0	0	0	0	0	6.357e-05	0	0	3.655e-05	0	0	0	0	0	0	0	0	0	0
Arenibacter	0	0	0	0	0	0	0	0	3.758e-05	0	0	0	0	0	0	0	0	0	0	0	0	0	0	0	3.096e-05	0	0	0	0	2.802e-05	0	0
Flaviflexus	0	0	0	0	0	0	0	0	0	5.507e-05	0	0	0	0	0	0	0	0	3.069e-05	0	0	0	0	0	0	0	0	0	0	0	0	0
Caldichromatium	0	0	0	0	0	0	5.42e-05	0	0	0	0	0	0	0	0	0	4.158e-05	0	0	0	0	0	0	0	0	0	0	0	0	0	0	0
Thiosulfatimonas	0	0	0	0	0	0	6.775e-05	0	0	0	0	0	0	0	0	0	2.703e-05	0	0	0	0	0	0	0	0	0	0	0	0	0	0	0
Subdoligranulum	0	0	0	0	0	9.89e-05	0	0	0	0	0	0	0	0	0	0	0	0	0	0	0	0	0	0	0	0	0	0	0	0	0	0
Tupanvirus	0	0	2.604e-05	0	0	0	0	0	2.297e-05	0	0	0	0	0	0	0	0	0	0	0	0	0	0	0	0	0	0	0	0	0	0	0
Aurantimonas	0	0	0	0	0	0	0	0	2.714e-05	0	0	0	0	0	3.315e-05	0	3.119e-05	0	0	0	0	0	0	0	0	0	0	0	0	0	0	0
Amylibacter	0	0	0	0	0	0	0	0	0	0	0	0	0	0	0	0	0	0	0	0	4.407e-05	0	2.567e-05	0	0	0	0	0	0	0	3.226e-05	0
Phormidium	0	0	0	0	0	0	0	0	0	0	2.897e-05	0	0	0	0	0	3.119e-05	0	0	0	0	0	0	0	0	0	0	0	0	0	3.495e-05	0
Thermosynechococcus	0	0	0	0	0	9.637e-05	0	0	0	0	0	0	0	0	0	0	0	0	0	0	0	0	0	0	0	0	0	0	0	0	0	0
Sulfuricaulis	0	0	0	0	0	0	0	0	0	0	0	0	0	0	0	0	0	0	9.427e-05	0	0	0	0	0	0	0	0	0	0	0	0	0
Terricaulis	0	0	0	0	0	0	3.726e-05	0	0	0	0	0	0	0	0	0	0	0	0	0	0	5.623e-05	0	0	0	0	0	0	0	0	0	0
Flaviramulus	0	0	3.385e-05	0	0	0	0	0	0	0	0	0	0	0	0	0	0	0	0	0	0	0	0	0	0	0	0	0	0	0	0	0
Cardiobacterium	0	0	0	0	0	0	3.387e-05	0	0	0	0	0	0	0	0	0	0	0	5.7e-05	0	0	0	0	0	0	0	0	0	0	0	0	0
Marinicauda	0	0	0	0	0	0	0	0	0	0	0	0	0	0	0	0	0	0	0	0	5.877e-05	0	0	0	0	0	0	0	0	3.821e-05	0	0
Tolypothrix	0	0	0	0	0	0	0	0	0	0	0	0	0	0	0	0	8.733e-05	0	0	0	0	0	0	0	0	0	0	0	0	0	0	0
Catenovulum	0	0	0	0	3.21e-05	0	0	0	0	0	0	0	0	0	0	0	0	0	4.604e-05	0	0	0	0	0	0	0	0	0	0	0	0	0
Ichthyobacterium	0	0	0	0	0	0	0	0	0	2.899e-05	0	0	0	0	0	4.24e-05	0	0	0	0	0	0	0	0	0	0	0	0	0	0	0	0
Deefgea	0	0	0	0	0	8.876e-05	0	0	0	0	0	0	0	0	0	0	0	0	0	0	0	0	0	0	0	0	0	0	0	0	0	0
Oleiphilus	0	0	0	0	0	8.876e-05	0	0	0	0	0	0	0	0	0	0	0	0	0	0	0	0	0	0	0	0	0	0	0	0	0	0
Iodobacter	0	0	0	0	0	8.876e-05	0	0	0	0	0	0	0	0	0	0	0	0	0	0	0	0	0	0	0	0	0	0	0	0	0	0
Changchengzhania	0	0	3.125e-05	0	0	0	0	0	0	0	0	0	0	0	0	0	0	0	0	0	0	0	0	0	0	0	0	0	0	0	0	0
Kaustia	0	0	0	0	0	0	0	0	2.297e-05	0	0	0	0	0	0	4.892e-05	0	0	0	0	0	0	0	0	0	0	0	0	0	0	0	0
Falsihalocynthiibacter	0	0	0	0	0	0	3.387e-05	0	2.088e-05	0	0	0	0	0	0	0	2.703e-05	0	0	0	0	0	0	0	0	0	0	0	0	0	0	0
Ferroplasma	0	0	0	0	0	0	0	0	3.967e-05	0	0	0	0	0	0	0	0	0	0	0	0	0	0	0	4.025e-05	0	0	0	0	0	0	0
Bulleidia	0	0	0	0	0	0	0	0	0	0	3.687e-05	0	0	0	0	0	4.574e-05	0	0	0	0	0	0	0	0	0	0	0	0	0	0	0
Aurantiacibacter	0	0	0	0	0	3.804e-05	0	0	0	0	0	0	0	0	0	0	4.574e-05	0	0	0	0	0	0	0	0	0	0	0	0	0	0	0
Rhizosphaericola	0	0	0	3.371e-05	0	0	0	0	0	0	0	0	0	0	0	0	0	0	0	0	0	0	0	0	0	0	0	0	0	0	0	0
Chloroherpeton	0	0	0	3.371e-05	0	0	0	0	0	0	0	0	0	0	0	0	0	0	0	0	0	0	0	0	0	0	0	0	0	0	0	0
Paramicrobacterium	0	3.494e-05	0	0	0	0	0	0	0	0	0	0	0	0	0	0	0	0	0	0	0	0	0	0	0	0	0	0	0	0	0	0
Aureliella	0	0	0	0	0	0	0	0	0	0	0	0	0	0	0	0	0	0	0	0	0	0	0	0	0	7.04e-05	0	0	0	0	0	0
Maritalea	0	0	0	0	0	0	0	5.269e-05	0	0	0	0	0	0	0	0	0	0	0	0	0	0	0	0	0	0	0	0	0	0	0	0
Acidisoma	0	0	0	0	0	0	4.742e-05	0	0	0	0	0	0	0	0	0	0	0	3.069e-05	0	0	0	0	0	0	0	0	0	0	0	0	0
Marinifilum	0	0	0	0	0	0	0	0	0	0	0	0	0	0	0	0	0	0	0	0	0	0	0	0	4.953e-05	0	0	0	0	3.057e-05	0	0
Haliangium	0	0	0	0	0	0	0	0	0	0	0	0	0	0	0	0	0	0	4.384e-05	0	0	0	0	0	3.405e-05	0	0	0	0	0	0	0
Kagamiyamavirus	0	0	0	0	0	0	0	0	0	0	2.633e-05	0	0	0	0	0	0	0	0	0	0	0	3.08e-05	0	0	0	0	2.806e-05	0	0	0	0
Carjivirus	0	0	0	0	0	0	0	0	5.011e-05	0	0	0	0	0	0	0	0	0	0	0	0	0	0	0	0	0	0	0	0	2.548e-05	0	0
Atribacter	0	0	0	0	0	0	3.387e-05	0	0	0	0	0	0	0	0	0	0	3.311e-05	0	0	0	0	0	0	0	0	0	0	0	0	0	0
Anoxybacter	0	0	0	0	0	0	0	0	0	2.899e-05	0	0	0	0	0	0	0	0	0	0	0	0	0	0	0	0	0	0	0	0	0	3.523e-05
Caldisericum	0	0	0	0	0	0	0	0	0	0	0	2.935e-05	0	0	0	0	0	3.612e-05	0	0	0	0	0	0	0	0	0	0	0	0	0	0
Acholeplasma	0	0	0	0	0	4.057e-05	0	0	0	2.899e-05	0	0	0	0	0	0	0	0	0	0	0	0	0	0	0	0	0	0	0	0	0	0
Desulfogranum	0	3.176e-05	0	0	0	0	0	0	0	0	0	0	0	0	0	0	0	0	0	0	0	0	0	0	0	0	0	0	0	0	0	0
Alphabaculovirus	0	3.176e-05	0	0	0	0	0	0	0	0	0	0	0	0	0	0	0	0	0	0	0	0	0	0	0	0	0	0	0	0	0	0
Picosynechococcus	0	3.176e-05	0	0	0	0	0	0	0	0	0	0	0	0	0	0	0	0	0	0	0	0	0	0	0	0	0	0	0	0	0	0
Acetohalobium	0	0	0	0	0	0	0	0	0	0	3.423e-05	0	0	0	0	0	3.951e-05	0	0	0	0	0	0	0	0	0	0	0	0	0	0	0
Frischella	0	0	0	0	0	0	0	0	2.714e-05	0	0	0	0	0	0	0	0	0	0	0	0	0	0	0	4.334e-05	0	0	0	0	0	0	0
Noviherbaspirillum	0	0	0	0	0	0	7.113e-05	0	0	0	0	0	0	0	0	0	0	0	0	0	0	0	0	0	0	0	0	0	0	0	0	0
Amygdalobacter	0	0	0	0	0	0	0	0	2.923e-05	0	0	0	0	0	3.867e-05	0	0	0	0	0	0	0	0	0	0	0	0	0	0	0	0	0
Polymorphobacter	0	0	0	0	0	0	0	0	0	5.797e-05	0	0	0	0	0	0	0	0	0	0	0	0	0	0	0	0	0	0	0	0	0	0
Labrys	0	0	0	0	0	0	0	0	0	3.478e-05	0	0	0	0	0	0	0	0	2.85e-05	0	0	0	0	0	0	0	0	0	0	0	0	0
Malacoplasma	0	0	0	0	0	0	0	0	0	0	0	0	0	0	0	0	0	5.718e-05	0	0	0	0	0	0	0	0	0	0	0	0	0	0
Methanocella	0	0	0	0	0	0	0	0	3.758e-05	0	0	0	0	0	2.762e-05	0	0	0	0	0	0	0	0	0	0	0	0	0	0	0	0	0
Lutibacter	0	0	0	0	0	0	0	0	2.088e-05	0	0	0	0	0	0	0	0	0	0	0	0	0	0	0	4.644e-05	0	0	0	0	0	0	0
Eikenella	0	0	0	0	0	0	0	0	0	0	0	0	0	0	0	0	0	0	7.015e-05	0	0	0	0	0	0	0	0	0	0	0	0	0
[Bacillus]	0	0	0	0	0	0	0	0	0	0	0	0	0	0	0	0	6.862e-05	0	0	0	0	0	0	0	0	0	0	0	0	0	0	0
Thermoflavifilum	0	0	0	0	0	0	0	0	3.132e-05	2.899e-05	0	0	0	0	0	0	0	0	0	0	0	0	0	0	0	0	0	0	0	0	0	0
Rhodoplanes	0	0	0	0	0	0	0	0	0	3.188e-05	0	0	0	0	0	0	0	0	2.85e-05	0	0	0	0	0	0	0	0	0	0	0	0	0
Pyramidobacter	0	0	0	0	0	0	0	0	0	0	0	0	0	0	0	0	0	5.417e-05	0	0	0	0	0	0	0	0	0	0	0	0	0	0
Acidibrevibacterium	0	0	0	0	0	6.847e-05	0	0	0	0	0	0	0	0	0	0	0	0	0	0	0	0	0	0	0	0	0	0	0	0	0	0
Buchananella	0	0	0	0	0	0	6.436e-05	0	0	0	0	0	0	0	0	0	0	0	0	0	0	0	0	0	0	0	0	0	0	0	0	0
Cyanobacterium	0	0	0	0	0	0	0	0	0	0	0	0	0	0	0	0	2.495e-05	3.311e-05	0	0	0	0	0	0	0	0	0	0	0	0	0	0
Wielerella	0	0	0	0	0	0	0	0	0	0	0	0	0	0	0	0	0	0	6.577e-05	0	0	0	0	0	0	0	0	0	0	0	0	0
Amniculibacterium	0	0	0	0	0	0	0	0	0	0	0	0	0	0	6.077e-05	0	0	0	0	0	0	0	0	0	0	0	0	0	0	0	0	0
Sulfuriflexus	0	0	0	0	0	0	0	0	0	0	0	0	0	0	0	0	0	0	2.85e-05	0	0	3.655e-05	0	0	0	0	0	0	0	0	0	0
Qiania	0	0	0	0	0	6.593e-05	0	0	0	0	0	0	0	0	0	0	0	0	0	0	0	0	0	0	0	0	0	0	0	0	0	0
Fervidobacterium	0	0	0	0	0	0	0	0	0	0	0	4.108e-05	0	0	0	0	2.079e-05	0	0	0	0	0	0	0	0	0	0	0	0	0	0	0
Nodosilinea	0	0	0	2.593e-05	0	0	0	0	0	0	0	0	0	0	0	0	0	0	0	0	0	0	0	0	0	0	0	0	0	0	0	0
Ilyobacter	0	0	0	0	0	0	0	0	0	5.218e-05	0	0	0	0	0	0	0	0	0	0	0	0	0	0	0	0	0	0	0	0	0	0
Denitrobacterium	0	0	0	0	0	0	0	0	0	0	0	0	0	0	0	0	0	0	2.85e-05	0	0	0	0	0	3.405e-05	0	0	0	0	0	0	0
Nanchangia	0	0	0	0	0	0	0	0	2.297e-05	0	0	0	0	0	0	0	0	0	0	0	0	0	0	0	3.715e-05	0	0	0	0	0	0	0
Thermostichus	0	0	0	0	0	0	0	0	0	0	0	0	0	0	0	0	0	0	6.138e-05	0	0	0	0	0	0	0	0	0	0	0	0	0
Saliniradius	0	0	0	0	0	0	0	0	0	0	0	0	0	0	0	0	0	0	6.138e-05	0	0	0	0	0	0	0	0	0	0	0	0	0
Acididesulfobacillus	0	0	0	0	0	0	0	0	2.088e-05	0	0	0	0	0	3.591e-05	0	0	0	0	0	0	0	0	0	0	0	0	0	0	0	0	0
Zophobihabitans	0	0	0	0	0	0	0	0	0	0	0	0	0	0	0	0	0	0	0	0	0	0	0	0	3.096e-05	0	0	0	0	3.057e-05	0	0
Psychroflexus	0	0	0	0	0	0	0	0	2.088e-05	0	0	0	0	0	0	0	0	0	0	0	0	0	0	0	3.715e-05	0	0	0	0	0	0	0
Renibacterium	0	0	0	0	0	0	0	0	0	4.928e-05	0	0	0	0	0	0	0	0	0	0	0	0	0	0	0	0	0	0	0	0	0	0
Methylovulum	0	0	0	0	0	0	0	0	0	4.928e-05	0	0	0	0	0	0	0	0	0	0	0	0	0	0	0	0	0	0	0	0	0	0
Fulvitalea	0	0	0	0	0	0	0	0	0	0	0	0	0	0	0	0	2.287e-05	3.01e-05	0	0	0	0	0	0	0	0	0	0	0	0	0	0
Sulfuritortus	0	0	0	0	0	0	0	0	0	0	0	0	0	0	0	0	0	0	5.919e-05	0	0	0	0	0	0	0	0	0	0	0	0	0
Aristophania	0	0	0	0	0	0	0	0	0	0	0	0	0	0	0	0	0	0	0	0	0	0	0	0	3.405e-05	0	0	0	0	2.548e-05	0	0
Archaeoglobus	0	0	0	0	0	0	0	0	0	0	0	0	0	0	0	0	0	0	0	0	0	5.904e-05	0	0	0	0	0	0	0	0	0	0
Pseudidiomarina	0	0	0	0	0	0	0	0	0	0	0	0	0	0	0	0	0	0	0	0	0	5.904e-05	0	0	0	0	0	0	0	0	0	0
Natronoglycomyces	0	0	0	0	0	0	0	0	0	0	0	0	0	0	0	0	0	0	0	0	0	5.904e-05	0	0	0	0	0	0	0	0	0	0
Eneladusvirus	0	0	0	0	0	0	0	0	0	0	0	0	0	0	0	0	0	0	0	0	0	0	0	0	5.573e-05	0	0	0	0	0	0	0
Vedamuthuvirus	0	0	0	0	0	0	0	0	0	0	0	0	0	0	0	0	0	0	0	0	0	0	0	0	5.573e-05	0	0	0	0	0	0	0
Ruicaihuangia	0	0	0	0	0	0	0	0	0	0	0	0	0	0	0	0	0	0	5.7e-05	0	0	0	0	0	0	0	0	0	0	0	0	0
Pararoseomonas	0	0	0	0	0	0	0	0	0	0	0	0	0	0	0	0	0	0	5.7e-05	0	0	0	0	0	0	0	0	0	0	0	0	0
Peptostreptococcus	0	0	0	0	0	0	0	0	0	0	0	0	0	0	0	4.566e-05	0	0	0	0	0	0	0	0	0	0	0	0	0	0	0	0
Lentisphaera	0	0	0	0	0	0	0	0	0	0	5.53e-05	0	0	0	0	0	0	0	0	0	0	0	0	0	0	0	0	0	0	0	0	0
Parabacteroides	0	0	0	0	0	0	0	0	0	0	0	0	0	0	0	0	0	4.514e-05	0	0	0	0	0	0	0	0	0	0	0	0	0	0
Colwellia	0	0	0	0	0	0	0	0	0	0	0	0	0	0	0	0	0	4.514e-05	0	0	0	0	0	0	0	0	0	0	0	0	0	0
Lancefieldella	0	0	0	0	0	0	0	0	0	0	0	0	0	0	0	0	0	0	0	0	0	0	0	0	0	0	0	3.061e-05	0	3.057e-05	0	0
Syntrophotalea	0	0	0	0	0	0	0	0	0	0	0	0	0	0	0	0	0	0	0	0	0	5.623e-05	0	0	0	0	0	0	0	0	0	0
Symmachiella	0	0	0	0	0	0	0	0	0	0	0	0	0	0	0	0	0	0	5.48e-05	0	0	0	0	0	0	0	0	0	0	0	0	0
Acetilactobacillus	0	0	0	0	0	0	0	0	2.297e-05	0	0	0	0	0	2.762e-05	0	0	0	0	0	0	0	0	0	0	0	0	0	0	0	0	0
Celerinatantimonas	0	0	0	0	0	0	0	0	0	0	0	0	0	0	0	0	2.703e-05	0	0	0	0	0	0	0	0	0	0	0	0	2.802e-05	0	0
Thermocrinis	0	0	0	0	0	0	0	0	0	0	0	0	0	0	0	0	0	0	0	2.909e-05	0	0	0	0	0	0	0	0	2.64e-05	0	0	0
Methanolobus	0	0	0	0	0	0	0	0	0	0	0	0	0	0	0	0	0	0	0	0	0	0	0	0	5.263e-05	0	0	0	0	0	0	0
Verrucomicrobium	0	0	0	0	0	0	0	0	0	4.348e-05	0	0	0	0	0	0	0	0	0	0	0	0	0	0	0	0	0	0	0	0	0	0
Woeseia	0	0	0	0	0	0	0	0	0	0	0	0	0	0	0	0	5.198e-05	0	0	0	0	0	0	0	0	0	0	0	0	0	0	0
Casimicrobium	0	0	0	0	0	0	0	0	0	0	0	0	0	0	0	0	0	0	5.261e-05	0	0	0	0	0	0	0	0	0	0	0	0	0
Desulfoferula	0	0	0	0	0	0	0	0	0	0	0	0	0	0	0	0	0	0	5.261e-05	0	0	0	0	0	0	0	0	0	0	0	0	0
Mogibacterium	0	0	0	0	0	0	0	0	0	0	0	0	0	0	0	0	0	4.213e-05	0	0	0	0	0	0	0	0	0	0	0	0	0	0
Basilea	0	0	0	0	0	0	0	0	0	0	0	0	0	0	0	0	0	4.213e-05	0	0	0	0	0	0	0	0	0	0	0	0	0	0
Aeoliella	0	0	0	0	0	5.325e-05	0	0	0	0	0	0	0	0	0	0	0	0	0	0	0	0	0	0	0	0	0	0	0	0	0	0
Kerstersia	0	0	0	0	0	0	0	0	0	0	0	0	0	0	0	0	0	0	0	0	0	0	0	0	0	0	0	0	0	5.35e-05	0	0
Methylotenera	0	0	0	0	0	0	0	0	0	0	0	0	0	0	0	0	2.495e-05	0	0	0	0	0	0	0	0	0	0	0	2.64e-05	0	0	0
Proteiniclasticum	0	0	0	0	0	0	0	0	0	4.058e-05	0	0	0	0	0	0	0	0	0	0	0	0	0	0	0	0	0	0	0	0	0	0
Pirellulimonas	0	0	0	0	0	0	0	0	0	4.058e-05	0	0	0	0	0	0	0	0	0	0	0	0	0	0	0	0	0	0	0	0	0	0
Intestinibacillus	0	0	0	0	0	5.072e-05	0	0	0	0	0	0	0	0	0	0	0	0	0	0	0	0	0	0	0	0	0	0	0	0	0	0
Aquabacter	0	0	0	0	0	0	0	0	0	0	0	0	0	0	0	0	0	0	0	0	0	0	0	0	0	4.224e-05	0	0	0	0	0	0
Pelodictyon	0	0	0	0	0	0	0	0	0	0	0	0	0	0	0	3.914e-05	0	0	0	0	0	0	0	0	0	0	0	0	0	0	0	0
Spirochaeta	0	0	0	0	0	0	0	0	0	0	0	0	0	0	0	0	0	0	4.823e-05	0	0	0	0	0	0	0	0	0	0	0	0	0
Truepera	0	0	0	0	0	0	0	0	0	0	0	0	0	0	0	0	0	0	0	0	0	0	0	0	4.644e-05	0	0	0	0	0	0	0
Opitutus	0	0	0	0	0	0	0	0	0	0	0	0	0	0	0	0	0	0	0	0	0	0	0	0	4.644e-05	0	0	0	0	0	0	0
Methanopyrus	0	0	0	0	0	0	0	0	0	0	0	0	0	0	0	0	0	0	0	0	0	0	0	0	4.644e-05	0	0	0	0	0	0	0
Alkalibacter	0	0	0	0	0	0	0	0	0	3.768e-05	0	0	0	0	0	0	0	0	0	0	0	0	0	0	0	0	0	0	0	0	0	0
Inhella	0	0	0	0	0	0	0	0	0	3.768e-05	0	0	0	0	0	0	0	0	0	0	0	0	0	0	0	0	0	0	0	0	0	0
Salinarimonas	0	0	0	0	0	0	0	0	0	3.768e-05	0	0	0	0	0	0	0	0	0	0	0	0	0	0	0	0	0	0	0	0	0	0
Roseimaritima	0	0	0	0	3.477e-05	0	0	0	0	0	0	0	0	0	0	0	0	0	0	0	0	0	0	0	0	0	0	0	0	0	0	0
Xiamenia	0	0	0	0	3.477e-05	0	0	0	0	0	0	0	0	0	0	0	0	0	0	0	0	0	0	0	0	0	0	0	0	0	0	0
Aureibacter	0	0	0	0	0	0	0	0	0	0	4.477e-05	0	0	0	0	0	0	0	0	0	0	0	0	0	0	0	0	0	0	0	0	0
Novisyntrophococcus	0	0	0	0	0	0	0	0	0	0	4.477e-05	0	0	0	0	0	0	0	0	0	0	0	0	0	0	0	0	0	0	0	0	0
Schlegelella	0	0	0	0	0	0	0	0	0	0	0	0	0	0	0	0	0	0	0	0	0	0	0	0	4.334e-05	0	0	0	0	0	0	0
Megavirus	0	0	0	0	0	0	0	0	0	0	0	0	0	0	0	0	0	0	0	0	0	0	0	0	4.334e-05	0	0	0	0	0	0	0
Amedibacterium	0	0	0	0	0	0	0	0	0	3.478e-05	0	0	0	0	0	0	0	0	0	0	0	0	0	0	0	0	0	0	0	0	0	0
Terasakiella	0	0	0	0	0	4.311e-05	0	0	0	0	0	0	0	0	0	0	0	0	0	0	0	0	0	0	0	0	0	0	0	0	0	0
Sulfodiicoccus	0	0	0	0	0	4.311e-05	0	0	0	0	0	0	0	0	0	0	0	0	0	0	0	0	0	0	0	0	0	0	0	0	0	0
Adhaeretor	0	0	0	0	0	0	4.065e-05	0	0	0	0	0	0	0	0	0	0	0	0	0	0	0	0	0	0	0	0	0	0	0	0	0
Serpentinimonas	0	0	0	0	0	0	4.065e-05	0	0	0	0	0	0	0	0	0	0	0	0	0	0	0	0	0	0	0	0	0	0	0	0	0
Roseimicrobium	0	0	0	0	0	0	4.065e-05	0	0	0	0	0	0	0	0	0	0	0	0	0	0	0	0	0	0	0	0	0	0	0	0	0
Morococcus	0	0	0	0	0	0	0	0	0	0	0	0	0	0	0	0	0	0	0	0	0	4.217e-05	0	0	0	0	0	0	0	0	0	0
Methylocaldum	0	0	0	0	0	0	0	0	0	0	0	0	0	0	0	0	0	0	4.165e-05	0	0	0	0	0	0	0	0	0	0	0	0	0
Methanosphaera	0	0	0	0	0	0	0	0	0	0	0	0	0	0	0	0	0	0	0	0	0	0	0	0	4.025e-05	0	0	0	0	0	0	0
Intestinibaculum	0	0	0	0	0	0	0	0	0	0	0	0	0	0	0	0	0	3.311e-05	0	0	0	0	0	0	0	0	0	0	0	0	0	0
Crocosphaera	0	0	0	0	0	0	0	0	0	0	0	0	0	0	0	0	0	3.311e-05	0	0	0	0	0	0	0	0	0	0	0	0	0	0
[Phormidium]	0	0	0	0	0	0	0	0	3.758e-05	0	0	0	0	0	0	0	0	0	0	0	0	0	0	0	0	0	0	0	0	0	0	0
Athalassotoga	0	0	0	0	0	0	0	0	0	0	0	0	0	0	0	3.262e-05	0	0	0	0	0	0	0	0	0	0	0	0	0	0	0	0
Niastella	0	0	0	0	0	0	0	0	0	0	0	0	0	0	0	0	0	0	0	0	0	0	0	0	0	0	0	0	0	0	0	3.523e-05
Ferriphaselus	0	0	0	0	0	4.057e-05	0	0	0	0	0	0	0	0	0	0	0	0	0	0	0	0	0	0	0	0	0	0	0	0	0	0
Coraliomargarita	0	0	0	0	0	4.057e-05	0	0	0	0	0	0	0	0	0	0	0	0	0	0	0	0	0	0	0	0	0	0	0	0	0	0
Telmatobacter	0	0	0	0	0	0	0	0	0	0	0	0	0	0	0	0	0	0	3.946e-05	0	0	0	0	0	0	0	0	0	0	0	0	0
Arachidicoccus	0	0	0	0	0	0	0	0	0	3.188e-05	0	0	0	0	0	0	0	0	0	0	0	0	0	0	0	0	0	0	0	0	0	0
Sheenvirus	0	0	0	0	0	0	0	0	0	3.188e-05	0	0	0	0	0	0	0	0	0	0	0	0	0	0	0	0	0	0	0	0	0	0
Rhodomicrobium	0	0	0	0	0	0	0	0	0	3.188e-05	0	0	0	0	0	0	0	0	0	0	0	0	0	0	0	0	0	0	0	0	0	0
Pseudopedobacter	0	0	0	0	0	0	0	0	0	0	0	0	0	0	3.591e-05	0	0	0	0	0	0	0	0	0	0	0	0	0	0	0	0	0
Youhaiella	0	0	0	0	0	0	3.726e-05	0	0	0	0	0	0	0	0	0	0	0	0	0	0	0	0	0	0	0	0	0	0	0	0	0
Sellimonas	0	0	0	0	0	0	0	0	3.549e-05	0	0	0	0	0	0	0	0	0	0	0	0	0	0	0	0	0	0	0	0	0	0	0
Desulforapulum	0	0	0	0	0	0	0	0	0	0	0	0	0	0	0	0	0	0	0	0	0	0	0	0	3.715e-05	0	0	0	0	0	0	0
Sebaldella	0	0	0	0	0	0	0	0	0	0	0	0	0	0	0	0	0	0	0	0	0	0	0	0	3.715e-05	0	0	0	0	0	0	0
Desulfobulbus	0	0	0	0	0	0	0	0	0	0	0	0	0	0	0	0	0	0	3.727e-05	0	0	0	0	0	0	0	0	0	0	0	0	0
Paradevosia	0	0	0	0	0	0	0	0	0	0	0	0	0	0	0	0	0	0	3.727e-05	0	0	0	0	0	0	0	0	0	0	0	0	0
Fuerstiella	0	0	0	0	0	0	0	0	0	0	0	0	0	0	0	0	0	0	3.727e-05	0	0	0	0	0	0	0	0	0	0	0	0	0
Fenollaria	0	0	0	0	0	3.804e-05	0	0	0	0	0	0	0	0	0	0	0	0	0	0	0	0	0	0	0	0	0	0	0	0	0	0
Catenibacterium	0	0	0	0	0	0	0	0	0	0	0	0	0	0	0	0	0	0	0	0	0	0	0	0	0	0	0	0	0	0	0	3.23e-05
Solobacterium	0	0	0	0	0	0	0	0	0	0	0	0	0	0	0	0	0	0	0	0	0	3.655e-05	0	0	0	0	0	0	0	0	0	0
Arsenophonus	0	0	0	0	0	0	0	0	3.34e-05	0	0	0	0	0	0	0	0	0	0	0	0	0	0	0	0	0	0	0	0	0	0	0
Urechidicola	0	0	0	0	0	0	0	0	3.34e-05	0	0	0	0	0	0	0	0	0	0	0	0	0	0	0	0	0	0	0	0	0	0	0
Thermincola	0	0	0	0	0	0	0	0	0	0	0	0	0	0	0	0	3.535e-05	0	0	0	0	0	0	0	0	0	0	0	0	0	0	0
Symbiobacterium	0	0	0	0	0	0	0	0	0	2.899e-05	0	0	0	0	0	0	0	0	0	0	0	0	0	0	0	0	0	0	0	0	0	0
Myxoctovirus	0	0	0	0	0	0	0	0	0	0	0	0	0	0	0	0	0	0	0	0	0	0	0	0	3.405e-05	0	0	0	0	0	0	0
Antiquaquibacter	0	0	0	0	0	0	0	0	0	0	0	0	0	0	0	0	0	0	0	0	0	0	0	0	3.405e-05	0	0	0	0	0	0	0
Gloeothece	0	0	0	0	0	3.55e-05	0	0	0	0	0	0	0	0	0	0	0	0	0	0	0	0	0	0	0	0	0	0	0	0	0	0
Picrophilus	0	0	0	0	0	0	0	0	3.132e-05	0	0	0	0	0	0	0	0	0	0	0	0	0	0	0	0	0	0	0	0	0	0	0
Stomatobaculum	0	0	0	0	0	0	0	0	0	0	0	0	0	0	0	0	0	0	0	0	0	0	0	0	0	0	0	3.827e-05	0	0	0	0
Acetomicrobium	0	0	0	0	0	0	0	0	0	0	0	0	0	0	0	0	0	0	0	0	0	3.373e-05	0	0	0	0	0	0	0	0	0	0
Devriesea	0	0	0	0	0	0	0	0	0	0	0	0	0	0	0	0	0	0	3.288e-05	0	0	0	0	0	0	0	0	0	0	0	0	0
Alienimonas	0	0	0	0	0	0	0	0	0	0	0	0	0	0	0	0	0	0	3.288e-05	0	0	0	0	0	0	0	0	0	0	0	0	0
Sulfuricurvum	0	0	0	0	0	3.297e-05	0	0	0	0	0	0	0	0	0	0	0	0	0	0	0	0	0	0	0	0	0	0	0	0	0	0
Sasquatchvirus	0	0	0	0	0	3.297e-05	0	0	0	0	0	0	0	0	0	0	0	0	0	0	0	0	0	0	0	0	0	0	0	0	0	0
Allobaculum	0	0	0	0	0	0	0	0	0	0	3.16e-05	0	0	0	0	0	0	0	0	0	0	0	0	0	0	0	0	0	0	0	0	0
Mergibacter	0	0	0	0	0	0	0	0	0	0	3.16e-05	0	0	0	0	0	0	0	0	0	0	0	0	0	0	0	0	0	0	0	0	0
Cotonvirus	0	0	0	0	0	0	0	0	0	0	0	0	0	0	0	0	0	0	0	0	0	0	0	0	3.096e-05	0	0	0	0	0	0	0
Pigmentibacter	0	0	0	0	0	0	0	0	0	0	0	0	0	0	0	0	0	0	0	0	0	0	0	0	3.096e-05	0	0	0	0	0	0	0
Marvinbryantia	0	0	0	0	0	0	0	0	0	0	0	0	0	0	0	0	0	0	0	0	0	0	0	0	0	0	0	0	0	3.312e-05	0	0
Dongshaea	0	0	0	0	0	3.043e-05	0	0	0	0	0	0	0	0	0	0	0	0	0	0	0	0	0	0	0	0	0	0	0	0	0	0
Haliscomenobacter	0	0	0	0	0	0	0	0	0	0	0	0	0	0	2.762e-05	0	0	0	0	0	0	0	0	0	0	0	0	0	0	0	0	0
Methanogenium	0	0	0	0	0	0	0	0	0	0	0	0	0	0	0	0	2.911e-05	0	0	0	0	0	0	0	0	0	0	0	0	0	0	0
Mariluticola	0	0	0	0	0	0	0	0	0	0	0	0	0	0	0	0	2.911e-05	0	0	0	0	0	0	0	0	0	0	0	0	0	0	0
Nautilia	0	0	0	0	0	0	0	0	2.714e-05	0	0	0	0	0	0	0	0	0	0	0	0	0	0	0	0	0	0	0	0	0	0	0
Methylovorus	0	0	0	0	0	0	0	0	2.714e-05	0	0	0	0	0	0	0	0	0	0	0	0	0	0	0	0	0	0	0	0	0	0	0
Stakelama	0	0	0	0	0	0	0	0	0	0	0	0	0	0	0	0	0	0	2.85e-05	0	0	0	0	0	0	0	0	0	0	0	0	0
Pyrobaculum	0	0	0	0	0	0	0	0	0	0	0	0	0	0	0	0	0	0	2.85e-05	0	0	0	0	0	0	0	0	0	0	0	0	0
Adlercreutzia	0	0	0	0	0	0	0	0	0	0	0	0	0	0	0	0	0	0	2.85e-05	0	0	0	0	0	0	0	0	0	0	0	0	0
Ilumatobacter	0	0	0	0	0	2.789e-05	0	0	0	0	0	0	0	0	0	0	0	0	0	0	0	0	0	0	0	0	0	0	0	0	0	0
Mobiluncus	0	0	0	0	0	2.789e-05	0	0	0	0	0	0	0	0	0	0	0	0	0	0	0	0	0	0	0	0	0	0	0	0	0	0
Thermanaeromonas	0	0	0	0	0	0	0	0	2.505e-05	0	0	0	0	0	0	0	0	0	0	0	0	0	0	0	0	0	0	0	0	0	0	0
Telmatocola	0	0	0	0	0	0	0	0	2.505e-05	0	0	0	0	0	0	0	0	0	0	0	0	0	0	0	0	0	0	0	0	0	0	0
Williamsoniiplasma	0	0	0	0	0	0	0	0	0	0	2.633e-05	0	0	0	0	0	0	0	0	0	0	0	0	0	0	0	0	0	0	0	0	0
Persicimonas	0	0	0	0	0	0	0	0	0	0	0	0	0	0	0	0	0	0	2.631e-05	0	0	0	0	0	0	0	0	0	0	0	0	0
Chitinolyticbacter	0	0	0	0	0	0	0	0	0	0	0	0	0	0	0	0	0	0	2.631e-05	0	0	0	0	0	0	0	0	0	0	0	0	0
Flamingopox	0	0	0	0	0	0	0	0	0	0	0	0	0	0	0	0	2.495e-05	0	0	0	0	0	0	0	0	0	0	0	0	0	0	0
Aurantibacillus	0	0	0	0	0	0	0	0	0	0	0	0	0	0	0	0	0	0	0	0	0	0	2.824e-05	0	0	0	0	0	0	0	0	0
Faecalibacillus	0	0	0	0	0	0	0	0	2.297e-05	0	0	0	0	0	0	0	0	0	0	0	0	0	0	0	0	0	0	0	0	0	0	0
Cylindrospermum	0	0	0	0	0	0	0	0	2.297e-05	0	0	0	0	0	0	0	0	0	0	0	0	0	0	0	0	0	0	0	0	0	0	0
Parachlamydia	0	0	0	0	0	0	0	0	2.297e-05	0	0	0	0	0	0	0	0	0	0	0	0	0	0	0	0	0	0	0	0	0	0	0
Edaphobacter	0	0	0	0	0	2.536e-05	0	0	0	0	0	0	0	0	0	0	0	0	0	0	0	0	0	0	0	0	0	0	0	0	0	0
Enterocloster	0	0	0	0	0	2.536e-05	0	0	0	0	0	0	0	0	0	0	0	0	0	0	0	0	0	0	0	0	0	0	0	0	0	0
Bradymonas	0	0	0	0	0	0	0	0	0	0	0	0	0	0	0	0	0	0	0	0	0	0	0	0	0	0	0	2.806e-05	0	0	0	0
Capsulimonas	0	0	0	0	0	0	0	0	0	0	0	0	0	0	0	0	0	0	2.411e-05	0	0	0	0	0	0	0	0	0	0	0	0	0
Ereboglobus	0	0	0	0	0	0	0	0	0	0	0	0	0	0	0	0	0	0	2.411e-05	0	0	0	0	0	0	0	0	0	0	0	0	0
Peteryoungia	0	0	0	0	0	0	0	0	0	0	0	0	0	0	0	0	0	0	2.411e-05	0	0	0	0	0	0	0	0	0	0	0	0	0
Oxalobacter	0	0	0	0	0	0	0	0	0	0	0	0	0	0	0	0	2.287e-05	0	0	0	0	0	0	0	0	0	0	0	0	0	0	0
Thermodesulfobium	0	0	0	0	0	0	0	0	0	0	0	0	0	0	0	0	2.287e-05	0	0	0	0	0	0	0	0	0	0	0	0	0	0	0
Natranaerofaba	0	0	0	0	0	0	0	0	2.088e-05	0	0	0	0	0	0	0	0	0	0	0	0	0	0	0	0	0	0	0	0	0	0	0
Skunavirus	0	0	0	0	0	0	0	0	2.088e-05	0	0	0	0	0	0	0	0	0	0	0	0	0	0	0	0	0	0	0	0	0	0	0
Biavirus	0	0	0	0	0	0	0	0	2.088e-05	0	0	0	0	0	0	0	0	0	0	0	0	0	0	0	0	0	0	0	0	0	0	0
Zhouia	0	0	0	0	0	0	0	0	0	0	0	0	0	0	0	0	0	0	0	0	0	0	0	0	0	0	0	2.551e-05	0	0	0	0
Aspergillus (F)	2.939	0.129	63.5	0.1217	23.65	0.6731	6.573	0.1598	5.327	2.748	2.104	0.05211	2.699	0.02258	7.106	1.621	1.238	0.05081	1.868	0.03287	0.6585	0.8766	2.485	0.02051	0.4157	0.9663	0.7212	2.113	0.008479	0.8649	0.7948	0.8752
Penicillium (F)	0.0365	39.46	0.02624	0.02598	0.6575	1.976	0.07599	5.549	0.01436	0.01246	0.02814	0.2775	0.01513	1.109	0.006893	0.008241	0.02745	0.2994	0.01487	3.305	0.005951	0.008332	0.02245	3.24	0.01843	0.01363	0.01673	0.01792	1.403	0.005991	0.01574	0.008138
Rhizomucor (F)	0.8621	0.001643	0.001312	0.1121	0.008277	0.006479	0.4338	0.00134	0.001511	0.5138	0.6203	0.01283	0.2314	0.001196	0.001402	0.4655	0.3169	0.00734	0.2288	0.0005781	0.0009542	0.3205	0.3673	0.001507	0.001086	0.4278	0.4753	0.3013	0.001509	0.002978	0.4333	0.9824
Pichia (F)	0.001657	0.002464	1.959	0.001935	0.001217	0.01063	0.1323	0.003073	4.593	0.007648	0.01592	0.01467	0.4175	0.007998	3.699	0.004424	0.005479	0.0007864	0.2373	0.0003083	1.255	0.003341	0.6881	0.003933	1.251	0.004696	0.001364	0.3877	0.000738	0.9505	0.006398	0.001017
Mucor (F)	0.004316	0.7676	0.002624	0.002644	0.001704	0.03788	0.02552	1.663	0.04923	0.03665	0.04043	1.764	0.01295	0.2306	0.0333	0.04546	0.03347	3.162	0.01381	0.3913	0.04783	0.0269	0.01824	0.2954	0.1361	0.05541	0.0213	0.02086	0.1624	0.07234	0.01919	0.07741
Lichtheimia (F)	0.0007708	0.001643	0.07347	0.0005087	0.0007303	0.7088	0.003645	0.001418	0.5202	0.1651	0.04603	0.1488	0.00373	0.001484	0.3955	0.1259	0.04969	0.3378	0.007373	0.0003854	0.3575	0.05695	0.004908	0.0008455	0.5355	0.1311	0.05639	0.005001	0.0006396	0.5398	0.03994	0.2958
Wallemia (F)	0.0005781	0.004518	0.0006559	0.0003378	0.0002434	0.002674	0.5997	0.001891	0.06995	0.009123	0.04619	0.00114	0.007875	0.0005908	0.2555	0.01019	0.01816	0.03032	0.04698	0.001233	0.06955	0.01446	0.003297	0.0007352	0.0251	0.01074	0.006411	0.01265	0.00123	0.895	0.01334	0.002374
Thermoascus (F)	0.0001542	0	0	0.1482	0.001217	0.0005485	0.0009509	0.0001576	0.000108	0.1359	0.006589	0.0001814	0.0001036	8.646e-05	0.0001168	0.04259	0.004807	0	2.466e-05	0	2.511e-05	0.02185	7.326e-05	3.676e-05	0.0002068	0.03443	0.0027	0.0001177	3.28e-05	6.926e-05	0.002392	0.02509
Rhizopus (F)	0.001888	0.02752	0.0006559	0.0006213	0.003895	0.0024	0.01426	0.05004	0.02029	0.01984	0.11	0.0462	0.007046	0.006412	0.01449	0.02477	0.2261	0.07943	0.006634	0.008787	0.02195	0.0151	0.01168	0.006837	0.05883	0.03014	0.08027	0.0133	0.004116	0.03342	0.09126	0.04398
Debaryomyces (F)	3.854e-05	0.06489	0	3.753e-05	0	0.001063	0.001426	0.001734	0.03606	0.06627	0.02223	0.2103	0.0009326	0.0007637	0.02687	0.008533	0.03119	0.2948	0.0008631	0.00289	0.01085	0.002558	0	0.005477	0.001784	0.0004784	0.001209	0.0001471	0.002444	0.003151	0.001081	0.0003149
Fusarium (F)	0.0005396	0.4908	0.0006559	0.000834	0.0004869	0.003085	0.001347	0.341	0.0007556	0.0002329	0.004095	0.0006737	0.0002418	0.04598	0.0002337	0.0001459	0.002809	0.001311	0.0002219	0.09438	0.0002009	0.0001258	0.0001465	0.08278	0.0003877	0.0002126	0.0007452	0.0001471	0.04467	0.0001732	0.001095	0
Zychaea (F)	0.001195	0.002875	0.0006559	0.0003836	0	0.002057	0.01062	0.00528	0.02191	0.01642	0.01924	0.0114	0.005561	0.0005332	0.01554	0.02137	0.0128	0.02154	0.005499	0.0003854	0.02272	0.01316	0.008901	0.0004044	0.07047	0.02591	0.01121	0.01062	0.0002296	0.03605	0.01016	0.03609
Thermomyces (F)	0	0	0	2.919e-05	0	0	0	0	0.000108	0.1153	9.237e-05	0.0001555	6.908e-05	8.646e-05	0.0001168	0.02018	0	0	0	0	0	0.01549	7.326e-05	0	7.755e-05	0.0224	4.218e-05	5.884e-05	3.28e-05	6.926e-05	2.882e-05	0.03536
Umbelopsis (F)	0.0003469	0.0004107	0	0.0001293	0	0.0005828	0.004754	0.000394	0.00842	0.006444	0.008098	0.003446	0.002314	4.323e-05	0.006192	0.009457	0.005064	0.00651	0.002022	0	0.008889	0.005382	0.00348	7.352e-05	0.02955	0.01185	0.004527	0.004678	3.28e-05	0.01357	0.004107	0.01424
Diutina (F)	0	0	0.02361	0	0	0.0001371	0.003804	0	0.05117	7.764e-05	0.000154	0.0001814	0.02034	0.0001441	0.04183	7.293e-05	7.912e-05	0	0.01149	0	0.01361	6.99e-05	0.02352	7.352e-05	0.0143	7.088e-05	4.218e-05	0.02071	0	0.01233	0.0001153	2.422e-05
Saccharomyces (F)	0	0.003286	0	0	0	0	0	0.002679	0.04987	0.0001165	0.0001847	0.0003627	0.0002072	0.0002306	0.04638	7.293e-05	1.978e-05	0	4.932e-05	0.0003083	0.02262	0	0.0002198	0.0002941	0.0136	5.316e-05	0	0.0002354	0.0002132	0.01922	0.0001297	0
Gilbertella (F)	0	0.02012	0	4.587e-05	0	0.0006513	0	0.03191	0.0002159	0	0.0002155	0.01562	0	0.003228	0.0001168	7.293e-05	0.0004945	0.02285	0	0.002043	0.0001004	0	0	0.00147	0	0	0.0001547	0	0.001099	0.0001039	0.0001297	0
Cokeromyces (F)	0	0.01971	0	4.587e-05	0	0.0005485	0	0.03223	0.000108	3.882e-05	0.0002155	0.01555	0	0.003199	0	0	0.0005538	0.02167	2.466e-05	0.001888	0	0	0	0.001434	0	0	0.0001125	0	0.001263	6.926e-05	0.0001297	0
Lasiodiplodia (F)	0.00185	0	0	0	0.0007303	0.0001028	0.01046	0	0	0.003998	0.001293	7.773e-05	0.007737	0	0	0.00406	0.0005341	0.0003058	0.005228	0	0	0.002964	0.005385	0	0	0.00482	0.0004499	0.005943	0	0	0.0006484	0.00264
Histoplasma (F)	0.001387	0	0	0.0001626	0.006086	0.0001028	0.009192	0	0	0.004348	0.001139	0	0.005872	0	0	0.003598	0.0005143	0.0002184	0.004266	0	0	0.002824	0.004286	0	0.0007497	0.0056	0.0003234	0.004737	0	0.000277	0.0005908	0.00327
Diplodia (F)	0.0008479	0	0	0.0002961	0.0002434	0	0.004041	0	0	0.003766	0.0005542	0	0.002867	0	0	0.003258	0.0003165	0.0001311	0.002096	0	0	0.002293	0.002161	0	0	0.005103	0.000225	0.002383	0	0	0.0004323	0.002664
Berkeleyomyces (F)	0.0003854	0	0	0	0	0	0.004358	0	0	0.003921	0.0003695	0	0.002694	0	0	0.002966	0.0002374	0	0.001997	0	0	0.002111	0.001538	0	0	0.004926	0	0.001589	0	0	0	0.002882
Mycotypha (F)	7.708e-05	0.006982	0	0	0	0.0002057	0.0003962	0.01095	0.000108	0.0004658	0.0007082	0.005467	0.0002763	0.0009511	0	0.0004376	0.0007121	0.008563	0.000148	0.0007708	0	0.0003215	0.0004396	0.0006249	5.17e-05	0.0006202	0.0004359	0.0004119	0.0004592	3.463e-05	0.0004323	0.001017
Alternaria (F)	0	0.01889	0	0	0	0.0001371	0.0003962	0.004413	0.000108	0.0001553	0.0001232	0.000285	0.0002418	0.001686	0	0.0001459	0.0001978	0.0002621	9.864e-05	0.003392	0	6.99e-05	7.326e-05	0.007021	0.0001292	0.0003012	7.03e-05	0.0001765	0.001607	6.926e-05	0.0001585	0.0001211
Talaromyces (F)	0.0002698	0.001232	0.001312	0.0001209	0.001461	6.856e-05	0.001347	0.0001576	0.000108	0.002329	0.0002463	0	0.000898	4.323e-05	0.0001168	0.00158	9.89e-05	4.369e-05	0.0007151	0.0001156	0	0.00123	0.0007326	0.0001103	0.0004653	0.002552	5.624e-05	0.0008826	6.56e-05	0.0001385	0.0001153	0.002131
Sclerotinia (F)	0	0	0	0	0	3.428e-05	0	0.008826	0	7.764e-05	0	7.773e-05	0	0.002767	0	2.431e-05	0	0.0002184	0	0.004586	0	0	0	0.002941	0	5.316e-05	0	0	0.00246	0	0	9.688e-05
Hyphopichia (F)	0	0.008214	0	0	0	3.428e-05	0	0.0006304	0.00788	7.764e-05	0.000154	2.591e-05	0	0.0005188	0.01484	2.431e-05	7.912e-05	4.369e-05	0.001184	0.0006166	0.005876	4.194e-05	0	0.0005514	0.0003619	3.544e-05	0	0	0.0002296	0.001281	0	0
Gloeophyllum (F)	0	0	0	0	0	0	0	0	0	0	0	0	0	0	0	0	0	0	0	0	0	0	0	0	0	0	0.002095	0.003942	0.001656	0.001974	0.001989	0.001405
Aplosporella (F)	0	0	0	0.0003044	0.001948	3.428e-05	0.0001585	0	0	0.001941	0.000154	0	6.908e-05	0	0	0.00141	0.0001187	0	0	0	0	0.001076	3.663e-05	0	0	0.003101	9.842e-05	5.884e-05	0	0	0.0001153	0.001284
Rasamsonia (F)	0	0	0	0.0003961	0	0	0	0	0	0.00198	6.158e-05	0	0	0	0	0.001361	7.912e-05	0	0	0	0	0.0007969	0	0	0.0001034	0.002835	8.436e-05	0	0	0	8.646e-05	0.001163
Coccidioides (F)	0	0	0	8.757e-05	0.002678	0	0.002298	0	0	0.001203	0.0002463	5.182e-05	0.000898	0	0	0.0009967	0.0001385	0.0001311	0.0005672	0	0	0.0007549	0.0004029	0	0.001241	0.001613	0.0001125	0.0003825	0	0.0004156	0.0001153	0.0007266
Brettanomyces (F)	0	0	0.001968	0	0	0	0.000317	0	0.004966	0	0	0	0.001934	0	0.003855	0	0	0	0.001011	0	0.001356	0	0.002564	0	0.001551	0	0	0.002148	0	0.001281	0	0
Botrytis (F)	0	0	0	0	0.0002434	0	0	0.0004728	0	0.0006988	3.079e-05	0.002202	0	0.0002738	0	0.0004376	5.934e-05	0.004719	0	0.0003469	0	0.0003914	0	0.0004411	0	0.0009569	5.624e-05	0	0.0001312	0	8.646e-05	0.0005086
Rhodonia (F)	0.0001542	0	0	0	0.0009738	0	0.001585	0	0	0.0003882	0.0002155	0	0.000898	0	0	0.0003647	9.89e-05	4.369e-05	0.0005179	0	0	0.0002796	0.0005494	0	0	0.0004253	0.0002812	0.001559	0	0	0.0003603	0.0006782
Ogataea (F)	0	0	0.001312	0	0	0	0.0002377	0	0.003238	0	0	0	0.001174	0	0.002687	0	0	0	0.0005918	0	0.0008286	0	0.001502	0	0.0008013	0	0	0.001236	0	0.0007965	0	0
Pseudogymnoascus (F)	0	0	0	0	0	0	0	0	0	0	0	0.002436	0	0	0	0	1.978e-05	0.007121	0	0	0	0	0	0	0	0	0	0	0	0	0	0
Clavispora (F)	0	0	0	0	0	0	0	0	0.002591	0	6.158e-05	0	0	0	0.002103	0	0	0	0	0	0.00334	0	0	0	0.0003619	0	0	0	0	0.001835	0	0
Daldinia (F)	0	0	0	0	0.002434	0	0.0008716	0	0	0.000427	6.158e-05	0	0.0003109	0	0	0.0003403	5.934e-05	0	0.0002959	0	0	0.0003215	0.0004029	0	0.001267	0.0004784	0.0001125	0.0004707	0	0.0003463	0.0001441	0.0003149
Pestalotiopsis (F)	0	0	0	0	0	0	0.001109	0.0003152	0	0.0005435	9.237e-05	0	0.0002418	8.646e-05	0	0.000389	9.89e-05	8.738e-05	4.932e-05	0.0002312	0	0.0003914	0.0001831	0.000147	5.17e-05	0.0005848	9.842e-05	0.0001471	8.2e-05	0	0.0005476	0.0006055
Trichosporon (F)	0	0	0	0	0	0.0001028	0	0	0.007341	0	0	0	0	0	0.006426	0	3.956e-05	0	0	0	0.002009	0	0	0	5.17e-05	0	0	0	0	0.0004848	0	0
Scedosporium (F)	0	0	0	0	0	0	0.0007132	0.0004728	0	0.0005435	0.0003079	0	0.0004836	2.882e-05	0	0.000389	0.0001385	0	0.0002466	0.0001156	0	0.0002237	0.0003297	7.352e-05	0	0.0002835	0.0001687	0.0001471	0	0	0.0004467	0.0007024
Yamadazyma (F)	0	0	0.001312	0	0	0	0.0001585	0	0.001619	0	0	0	0.001105	0	0.001285	0	0	0	0.0004932	0	0.0003013	0	0.001502	0	0.0006463	0	0	0.001118	0	0.0004156	0	0
Halteromyces (F)	0	0.001643	0	0	0	0.0002057	0	0.002837	0.000108	0	6.158e-05	0.00127	0	0.0002594	0	0	3.956e-05	0.00201	0	0.0001542	5.022e-05	0	0	0.000147	5.17e-05	3.544e-05	4.218e-05	0	0.0001148	0.0001039	2.882e-05	4.844e-05
Pleurotus (F)	0	0	0.0006559	0	0	0	7.924e-05	0	0.0008636	0	0	0	0.0003799	0	0.000701	0	0	0	0.0001973	0	0.0002009	0	0.0004396	0	0.0003102	0	0	0.002471	0	0.001108	0	0
Phycomyces (F)	0	0.001232	0	0	0	6.856e-05	0	0.001812	0.000108	0	6.158e-05	0.0009587	0	0.0001585	0	0	0.000178	0.001573	0	0.0001156	0.0001004	0	0	0.0001103	0.0004653	0	5.624e-05	0	8.2e-05	0.0002078	5.764e-05	4.844e-05
Colletotrichum (F)	0	0.001643	0	0	0.0002434	0	0.0001585	0.0003152	0	7.764e-05	0	0.0001296	6.908e-05	2.882e-05	0	4.862e-05	3.956e-05	0.0001748	0.0003206	0.0001156	0	0	0.0001099	0.0001103	0.0003102	0.0001418	0.0001968	5.884e-05	6.56e-05	0.0001039	0.0001009	7.266e-05
Cenococcum (F)	0	0	0	5.004e-05	0	0	0	0	0	0.0003494	0	0	0	0	0	0.0003403	0	0	0	0	0	0.0002097	0	0	0	0.0006025	0	0	0	0	0	0.0002906
Hansenula (F)	0	0.0008214	0	0	0	6.856e-05	7.924e-05	0.0001576	0	0	0.000154	0.0002073	0	0	0	0	5.934e-05	0.001049	0.000148	7.708e-05	5.022e-05	4.194e-05	0	0.0006617	2.585e-05	0	7.03e-05	0	8.2e-05	3.463e-05	5.764e-05	0
Morchella (F)	0	0	0	6.255e-05	0	0	0	0	0	0.000427	0	0	0	0	0	0.0003403	0	0	0	0	0	0.0001538	0	0	0	0.0005493	0	0	0	0	0	0.0002664
Malassezia (F)	0	0	0	0	0	0	7.924e-05	0	0	0	6.158e-05	0.0001296	0.0001036	0	0	9.724e-05	9.89e-05	0.0002621	0.000148	0	0.0002511	2.796e-05	0.0001465	0	7.755e-05	0.000124	0.0001265	0.0002648	0	0.0002078	8.646e-05	0.0001211
Exophiala (F)	0	0.0004107	0	0	0	0	0	0	0	0	0	0	0	0	0	0	0	0.0004369	0	0	0	0	0	0	0.0001034	0	0.0004077	0	0	0.000277	0.000245	0.0004117
Bipolaris (F)	0	0.0004107	0	0	0	0	0	0	0	0.0003882	0	0	0	0	0	0.0002674	0	0	0	0	0	0.0003215	3.663e-05	0	0	0.0004784	0	0	0	0	0	0.0002664
Didymella (F)	0	0.006161	0	0	0	0	0	0.0003152	0	0	0	0	0	0.0001153	0	0	0	0	0	0.0003083	0	0	0.0004029	0.0005882	0	0	0	0.0003236	8.2e-05	0	0	0
Zygotorulaspora (F)	0	0	0.0006559	0	0	0	7.924e-05	0	0.0006477	0	0	0	0.0003109	0	0.0003505	0	0	0	0.0002219	0	0.0001507	0	0.0005494	0	0.0002068	0	0	0.0003825	0	0.0001385	0	0
Paecilomyces (F)	0	0	0.001312	7.089e-05	0.0002434	0	7.924e-05	0	0.000108	7.764e-05	0	0	0	0	0.0001168	0.0001459	0	0	4.932e-05	0	0	0.0001678	0	0	0.0003102	0.000124	0	0	0	6.926e-05	0	0.0001695
Cladosporium (F)	0	0.004107	0	0	0	6.856e-05	0.001743	0.0001576	0	0	0	0.000285	0	0	0	0	0	0.0001311	0	7.708e-05	0	0	0	0	0	0	0	0	0	0	0.0002306	7.266e-05
Chaetomium (F)	0	0	0.001312	0	0.001217	0	0.0008716	0	0.0002159	0	0.000154	0	0.0003454	0	0.0003505	0	7.912e-05	0	0.0002713	0	0	0	0	0	0	0	0	0	0	0	0	0
Radiomyces (F)	0	0.0004107	0	0	0	6.856e-05	0	0.0003152	0	0	0	0.0004146	0	0	0	0	0	0.0009175	0	3.854e-05	0	0	0	0	0	0	0	0	0	6.926e-05	0	4.844e-05
Blastomyces (F)	3.854e-05	0	0	0	0.0002434	0	0.0002377	0	0	0.0001165	6.158e-05	0	0.0001036	0	0	9.724e-05	1.978e-05	0	0.0001233	0	0	6.99e-05	0.0001465	0	0	0.0001418	0	0.0001471	0	0	0	7.266e-05
Apiospora (F)	0	0	0	0	0.001704	0	0.0004754	7.88e-05	0	3.882e-05	3.079e-05	7.773e-05	0.0001036	0	0	0	3.956e-05	0.0001311	4.932e-05	3.854e-05	0	0	3.663e-05	0	0	0	4.218e-05	0	3.28e-05	0	4.323e-05	2.422e-05
Ascochyta (F)	0	0.004107	0	0	0	0	0	0.0002364	0	0	0	0	0	0	0	0	0	0	0	0.0002698	0	0	0	0.0004044	0	0	0	0	0.0001148	0	0	0
Boeremia (F)	0	0.004928	0	0	0	0	0	0.0002364	0	0	0	0	0	0	0	0	0	0	0	0.0001927	0	0	0	0.0002206	0	0	0	0	0.0001476	0	0	0
Meyerozyma (F)	0	0	0	0	0	0.0001028	0	0	0	0	0	0.0003887	0	0	0	0	5.934e-05	0.0005243	0	0	2.511e-05	0	0	0	0	0	0	0	0	0	0	0
Suillus (F)	0	0	0	0	0	0	0	7.88e-05	0	0	0	0	0	0	0	0	0	4.369e-05	0	0	0	0	0	0	0	0	0.0002109	0.0001177	0.000164	3.463e-05	0	0
Lodderomyces (F)	0	0	0	0	0	6.856e-05	0	7.88e-05	0.0003238	0	0	0.0001036	3.454e-05	0	0.0001168	0	0	0.0001748	2.466e-05	0	7.533e-05	0	0.0001099	0	5.17e-05	0	0	0.0001471	0	6.926e-05	0	0
Trametes (F)	0	0	0	0	0	0	0	0	0	0	0	0	0	0	0	0	0	0	0	0	0	0	0	0	0	0	0	0.0002648	0.0002952	0.0001039	0	0
Parastagonospora (F)	0	0.0004107	0	0	0	0	0	0	0	0	0	0	0	0	0	0	0	0	0	0	0	0	0	7.352e-05	0.0005687	0	0	0	0	0.0001385	0	0
Lobosporangium (F)	0	0.0004107	0	0	0	3.428e-05	0	0.000394	0	0	0	0.0002073	0	4.323e-05	0	0	0	0.0004369	0	3.854e-05	0	0	0	0	0	0	0	0	0	0	0	0
Eremothecium (F)	0	0	0	0	0	0	0	0.0004728	0	0	0	0.0002591	0	0	0	0	0	0.000568	0	0	0	0	0	0	0	0	0	0	0	0	0	0
Kwoniella (F)	0	0	0	0	0	0	0	0.0001576	0	0	6.158e-05	7.773e-05	3.454e-05	0	0	0	0	0.0001748	4.932e-05	0	0	0	3.663e-05	3.676e-05	0	0	0	0.0001177	0.0001148	0	0	0
Arthrobotrys (F)	0	0	0	0	0	0	0	0	0	0	0	0	0	0	0	0	0	0	0.0002219	0	0	0	0.0003663	0	0.0001809	0	0	0	0	3.463e-05	0	0
Macroventuria (F)	0	0.00575	0	0	0	0	0	0.0001576	0	0	0	0	0	0	0	0	0	0	0	0.0001927	0	0	0	0.0001838	0	0	0	0	0	0	0	0
Phaeoacremonium (F)	0	0	0	0	0	0	0	0	0	0	0	0	0	0	0	0	0	0	0	0	0	0	0	0	0.0006721	0	0	0	0	0	0	0
Hypoxylon (F)	0	0	0	0	0	0	0	0	0	0	3.079e-05	0	0	0	0	0	3.956e-05	0	0	0	0	0	0	0	0	0	0.0001265	0	0	0	0.0001729	0
Epithele (F)	0	0	0	0	0	0	0	0	0	0	0	0	0	0	0	0	0	0	0	0	0	0	0	0	0	0	0.0001828	0.0002059	0	0.0001385	0	0
Lentinus (F)	0	0	0	0	0	0	0	0	0	0	0	0	0	0	0	0	0	0	0	0	0	0	0	0	0	0	0	0.0002059	0	0.0001039	0.0001585	0
Aureobasidium (F)	0	0.0008214	0	0	0	0	0	7.88e-05	0	0	0	0	0	0	0	0	3.956e-05	0	0	3.854e-05	5.022e-05	4.194e-05	0	0	0.0002327	0	0	0	0	0	0	2.422e-05
Diaporthe (F)	0	0	0	0	0	0	0	0	0	0	3.079e-05	0	0	0	0	0	0	0.0001311	4.932e-05	0	0	0	0.0001831	0	0	0	0	0.0002059	0	6.926e-05	0	0
Ophidiomyces (F)	0	0	0	0	0	0	7.924e-05	0	0	0	0	0	6.908e-05	0	0	0	0	0	7.398e-05	0	0	0	0.0001099	0	5.17e-05	0	0	8.826e-05	0	0	0	0.0001211
Sparassis (F)	0	0	0	0	0	0	0	0	0	0	0	0	0	0	0	0	0	0	0	0	0	0	0	0	0	5.316e-05	0	0.0002354	0	0	0	0.0001938
Rhodotorula (F)	0	0	0	0	0	6.856e-05	0	0	0	0	3.079e-05	0	0	0	0	0	0.0001385	8.738e-05	2.466e-05	0	0	0	0	0	0	0	0	0	0	0	5.764e-05	0
Trichoderma (F)	0	0	0	0	0	0	7.924e-05	7.88e-05	0	0	0	0	0	0	0	0	0	0.0001748	4.932e-05	0	0	0	0.0001099	0	0.0001551	0	0	0	0	0	0	0
Metarhizium (F)	0	0	0	0	0.0007303	0	0.0001585	0	0	0	3.079e-05	5.182e-05	0.0001036	0	0	0	0	8.738e-05	4.932e-05	0	0	0	0	0	0	0	0	0	0	0	0	0
Recurvomyces (F)	0	0	0	0	0	0	7.924e-05	0	0	0	0	5.182e-05	0.0001727	0	0	0	0	4.369e-05	0.0001233	0	0	0	0	0	0	0	0	0	0	0	0	0
Uncinocarpus (F)	0	0	0	0	0	0	0.0004754	0	0	0	0	0	0.0002072	0	0	0	0	4.369e-05	0	0	0	0	0	0	0	0	0	0	0	0	0	0
Torulaspora (F)	0	0	0	0	0	0	0	0	0.000108	0	0	0	0	0	0.0001168	0	0	0	0	0	0.0001758	0	0	0	0	0	0	0	0	0.0001385	0	0
Scheffersomyces (F)	0	0	0	0	0	0	0	0.0001576	0	3.882e-05	0	0.0001036	0	0	0	0	1.978e-05	0.0002184	0	0	0	0	0	0	0	0	0	0	0	0	0	0
Saccharomycodes (F)	0	0	0	0	0	0	0	0.0003152	0	0	0	0.0001036	0	0	0	0	0	0.0001748	0	0	0	0	0	0	0	0	0	0	0	0	0	0
Orbilia (F)	0.0001542	0	0	0	0	0	0	0	0	0	0	5.182e-05	0	0	0	0	0	4.369e-05	0.0001233	0	0	0	0	0	0	0	0	0	0	0	0	0
Sodiomyces (F)	0	0	0	0	0	0	0	7.88e-05	0	0	0	0.0001296	0	0	0	0	0	8.738e-05	0	0	0	0	0	0	5.17e-05	0	0	0	0	0	0	0
Fomitopsis (F)	0	0	0	0	0	0	0	0	0	0	0	0	0	0	0	0	0	0	0	0	0	0	0	0	0	0	0	0.0001765	0	0.0001385	0	0
Trichophyton (F)	0	0	0	0	0.0002434	0	0	0	0	0	0	0	0	0	0	0	0	0	0	0	0	0	3.663e-05	0	0.0002068	0	0	0	0	0	0	0
Punctularia (F)	0	0	0	0	0	0	0	0	0	0	0	0	0	0	0	0	0	0	0	0	0	0	0	0	0	0	0	8.826e-05	0	6.926e-05	7.205e-05	0
Rhodofomes (F)	0	0	0	0	0	0	0	0	0	0	0	0	0	0	0	0	0	0	0	0	0	0	0	0	0	0	0	8.826e-05	0	0.0002078	0	0
Wickerhamiella (F)	0	0	0	0	0	0	0	0	0	0	0	0	0	0	0	0	0	0	0	0	0	0	0	0	0	0	0.0001125	0	0	0	0	0
Rhizophagus (F)	0	0	0	0	0	0	0	0.0001576	0	0	0	7.773e-05	0	0	0	0	0	0.0001311	0	0	0	0	0	0	0	0	0	0	0	0	0	0
Henningerozyma (F)	0	0	0	0	0	0	0	0.0001576	0	0	0	7.773e-05	0	0	0	0	0	0.0001311	0	0	0	0	0	0	0	0	0	0	0	0	0	0
Dichomitus (F)	0	0	0	0	0	0	0	0	0	0	0	0	0	0	0	0	0	0	0	0	0	0	0	0	0	0	0	0.0001471	0	0.0001039	0	0
Tetrapisispora (F)	0	0	0	0	0	0	0	0	0	0	0	0	0	0	0	0	0	0	0	0	0	0	0	0	0.0001809	0	0	0	0	3.463e-05	0	0
Fonsecaea (F)	0	0	0	0	0	0	0	0	0	0	0	7.773e-05	0	0	0	0	0	0.0001748	0	0	0	0	0	0	0	0	0	0	0	0	0	0
Verticillium (F)	0	0	0	0	0	0	0	0	0	0	0	0	0	0	0	0	0	0	0	0	0	0	0	0	0	7.088e-05	0	5.884e-05	0	0	0	0
Ustilaginoidea (F)	0	0	0	0	0	0	0	0	0	0	0	0	0	0	0	0	0	0	0	0	0	0	0	0	0	8.86e-05	0	0	0	0	0	0
Pisolithus (F)	0	0	0	0	0	0	0	0	0	0	0	0	0	0	0	0	0	0	0	0	0	0	0	0	0	0	0	0	0	0.0001732	0	0
Cercospora (F)	0	0	0	0	0	0	0	0	0	0	6.158e-05	5.182e-05	0	0	0.0001168	0	0	0	0	0	0	0	0	0	0	0	0	0	0	0	0	0
Serpula (F)	0	0	0	0	0	0	0	0	0	0	0	0	0	0	0	0	0	0	0	0	0	0	0	0	0	0	0	0.0001177	0	0	0	0
Magnusiomyces (F)	0	0	0	0	0	0	0	7.88e-05	0	0	0	2.591e-05	0	0	0	0	0	8.738e-05	0	0	0	0	0	0	0	0	0	0	0	0	0	0
Paracoccidioides (F)	0	0	0	0	0	0	0	0	0	0	0	7.773e-05	0	0	0	0	0	4.369e-05	0	0	0	0	0	0	0	0	0	0	0	0	0	0
Ilyonectria (F)	0	0.0004107	0	0	0.0002434	0	0	7.88e-05	0	0	0	0	0	0	0	0	0	0	0	3.854e-05	0	0	0	0	0	0	0	0	0	0	0	0
Drepanopeziza (F)	0	0	0	0	0	0	0	0	0	0	0	0	0	0	0	0	0	0.0001748	0	0	0	0	0	0	0	0	0	0	0	0	0	0
Cryptococcus (F)	0	0	0	0	0	0	0	0	0	0	3.079e-05	0	0	0	0	0	0	0	0	0	0	0	7.326e-05	0	0	0	0	2.942e-05	0	0	0	0
Schizosaccharomyces (F)	0	0	0	0	0.0002434	0	0	7.88e-05	0	0	0	2.591e-05	0	0	0	0	0	4.369e-05	0	0	0	0	0	0	0	0	0	0	0	0	0	0
Sporobolomyces (F)	0	0	0	0	0	0	0	0	0	0	0	0	0	0	0	0	0	0	0	0	0	0	0	0	0.0001034	0	0	0	0	0	0	0
Saccharomycopsis (F)	0	0	0	0	0	0	0	0	0.000108	0	0	0	0	0	0	0	0	0	0	0	0	0	7.326e-05	0	0	0	0	2.942e-05	0	0	0	0
Podospora (F)	0	0	0	0	0	0	0	7.88e-05	0	0	0	0	0	0	0	0	0	0	0	0	0	0	0	7.352e-05	0	0	0	0	0	0	0	0
Penicilliopsis (F)	0	0	0	0	0	0	0	0	0	0	0	0	0	0	0	0	0	0	0	0	0	0	0	0	7.755e-05	0	0	0	0	0	0	0
Filobasidium (F)	0	0.0008214	0	0	0	0	0	0	0	0	0	0	0	0	0	0	1.978e-05	0	0	0	0	0	0	0	0	0	0	0	0	0	0	0
Cladophialophora (F)	0	0	0	0	0	0	0	0	0	0	0	0	0	0	0	0	0	0	0	0	0	0	0	0	7.755e-05	0	0	0	0	0	0	0
Coprinopsis (F)	0	0	0	0	0	0	0	0	0	0	0	0	0	0	0	0	0	0	0	0	0	0	0	0	0	0	0	8.826e-05	0	0	0	0
Coniophora (F)	0	0	0	0	0	0	0	0	0	0	0	0	0	0	0	0	0	0	0	0	0	0	0	0	0	0	0	5.884e-05	0	3.463e-05	0	0
Spathaspora (F)	0	0	0	0	0	0	0	0	0	0	0	2.591e-05	0	0	0	0	0	8.738e-05	0	0	0	0	0	0	0	0	0	0	0	0	0	0
Plenodomus (F)	0	0.0004107	0	0	0	0	0	0	0	0	0	0	0	0	0	0	3.956e-05	0	0	0	0	0	0	0	0	0	0	0	0	0	0	0
Pneumocystis (F)	0	0	0	0	0	0	0	7.88e-05	0	0	0	2.591e-05	0	0	0	0	0	4.369e-05	0	0	0	0	0	0	0	0	0	0	0	0	0	0
Heterobasidion (F)	0	0	0	0	0	0	0	0	0	0	0	0	0	0	0	0	0	0	0	0	0	0	0	0	0	0	0	8.826e-05	0	0	0	0
Moesziomyces (F)	0	0	0	0	0	0	0	0	0	0	0	0	0	0	0	0	0	0	0	0	0	0	0	0	0	0	4.218e-05	0	0	0	0	0
Lipomyces (F)	3.854e-05	0	0	0	0	0	0	7.88e-05	0	0	0	0	0	0	0	0	0	4.369e-05	0	0	0	0	0	0	0	0	0	0	0	0	0	0
Candida (F)	0	0	0	0	0	0	0	7.88e-05	0	0	0	0	0	0	0	0	0	4.369e-05	0	0	0	0	0	0	0	0	0	0	0	0	0	0
Trematosphaeria (F)	0	0	0	0	0.0004869	0	0	0	0	0	0	0	0	0	0	0	0	0	0	0	0	0	0	0	0	0	0	0	0	0	0	0
Fibroporia (F)	0	0	0	0	0	0	0	0	0	0	0	0	0	0	0	0	0	0	0	0	0	0	0	0	0	0	0	5.884e-05	0	0	0	0
Phialemonium (F)	0	0	0	0	0.0004869	0	0	0	0	0	0	0	0	0	0	0	0	0	0	0	0	0	0	0	0	0	0	0	0	0	0	0
Schizophyllum (F)	0	0	0	0	0	0	0	0	0	0	0	0	0	0	0	0	0	0	0	0	0	0	0	0	0	0	0	5.884e-05	0	0	0	0
Cadophora (F)	0	0	0	0	0	0	0	0	0	0	0	0	0	0	0	0	0	8.738e-05	0	0	0	0	0	0	0	0	0	0	0	0	0	0
Psilocybe (F)	0	0	0	0	0	0	0	0	0	0	0	0	0	0	0	0	0	0	0	0	0	0	0	0	0	0	0	5.884e-05	0	0	0	0
Phyllosticta (F)	0	0	0	0	0	0	0	0	0	0	0	0	0	0	0	0	0	0	0	0	0	0	0	0	5.17e-05	0	0	0	0	0	0	0
Stereum (F)	0	0	0	0	0	0	0	0	0	0	0	0	0	0	0	0	0	0	0	0	0	0	0	0	0	0	0	5.884e-05	0	0	0	0
Priceomyces (F)	0	0	0	0	0	0	0	0	0	0	0	0	0	0	0	0	0	4.369e-05	0	0	0	0	0	0	0	0	0	0	0	0	0	0
Candidozyma (F)	0	0	0	0	0	0	0	0	0	0	0	0	0	0	0	0	0	4.369e-05	0	0	0	0	0	0	0	0	0	0	0	0	0	0
Ceratocystis (F)	0	0	0	0	0	0	0	7.88e-05	0	0	0	0	0	0	0	0	0	0	0	0	0	0	0	0	0	0	0	0	0	0	0	0
Calcarisporiella (F)	0	0	0	0	0	0	0	0	0	0	0	0	0	0	0	0	0	4.369e-05	0	0	0	0	0	0	0	0	0	0	0	0	0	0
Neurospora (F)	0	0	0	0	0.0002434	0	0	0	0	0	0	0	0	0	0	0	0	0	0	0	0	0	0	0	0	0	0	0	0	0	0	0
Letharia (F)	0	0	0	0	0	0	0	0	0	0	0	0	0	0	0	0	0	0	0	0	0	0	0	0	2.585e-05	0	0	0	0	0	0	0
Mixia (F)	0	0	0	0	0	0	0	0	0	0	0	0	0	0	0	0	0	0	2.466e-05	0	0	0	0	0	0	0	0	0	0	0	0	0
Dacryopinax (F)	0	0	0	0	0	0	0	0	0	0	0	0	0	0	0	0	0	0	0	0	0	0	0	0	0	0	0	2.942e-05	0	0	0	0
Purpureocillium (F)	0	0	0	0	0.0002434	0	0	0	0	0	0	0	0	0	0	0	0	0	0	0	0	0	0	0	0	0	0	0	0	0	0	0
Sugiyamaella (F)	0	0	0	0	0	0	0	0	0	0	0	2.591e-05	0	0	0	0	0	0	0	0	0	0	0	0	0	0	0	0	0	0	0	0
Aaosphaeria (F)	0	0	0	0	0	0	0	0	0	0	0	0	0	0	0	0	0	0	0	0	0	0	0	0	0	0	0	0	0	0	0	0
Mytilinidion (F)	0	0	0	0	0	0	0	0	0	0	0	0	0	0	0	0	0	0	0	0	0	0	0	0	0	0	0	0	0	0	0	0
Lindgomyces (F)	0	0	0	0	0	0	0	0	0	0	0	0	0	0	0	0	0	0	0	0	0	0	0	0	0	0	0	0	0	0	0	0
Dothidotthia (F)	0	0	0	0	0	0	0	0	0	0	0	0	0	0	0	0	0	0	0	0	0	0	0	0	0	0	0	0	0	0	0	0
Dissoconium (F)	0	0	0	0	0	0	0	0	0	0	0	0	0	0	0	0	0	0	0	0	0	0	0	0	0	0	0	0	0	0	0	0
Cucurbitaria (F)	0	0	0	0	0	0	0	0	0	0	0	0	0	0	0	0	0	0	0	0	0	0	0	0	0	0	0	0	0	0	0	0
Eremomyces (F)	0	0	0	0	0	0	0	0	0	0	0	0	0	0	0	0	0	0	0	0	0	0	0	0	0	0	0	0	0	0	0	0
Mycosarcoma (F)	0	0	0	0	0	0	0	0	0	0	0	0	0	0	0	0	0	0	0	0	0	0	0	0	0	0	0	0	0	0	0	0
Neodothiora (F)	0	0	0	0	0	0	0	0	0	0	0	0	0	0	0	0	0	0	0	0	0	0	0	0	0	0	0	0	0	0	0	0
Microsporum (F)	0	0	0	0	0	0	0	0	0	0	0	0	0	0	0	0	0	0	0	0	0	0	0	0	0	0	0	0	0	0	0	0
Pochonia (F)	0	0	0	0	0	0	0	0	0	0	0	0	0	0	0	0	0	0	0	0	0	0	0	0	0	0	0	0	0	0	0	0
Thyridium (F)	0	0	0	0	0	0	0	0	0	0	0	0	0	0	0	0	0	0	0	0	0	0	0	0	0	0	0	0	0	0	0	0
Westerdykella (F)	0	0	0	0	0	0	0	0	0	0	0	0	0	0	0	0	0	0	0	0	0	0	0	0	0	0	0	0	0	0	0	0
Venustampulla (F)	0	0	0	0	0	0	0	0	0	0	0	0	0	0	0	0	0	0	0	0	0	0	0	0	0	0	0	0	0	0	0	0
Kroppenstedtia (MAG)	0.06517	0.04994	0.02781	68.29	0.1415	0.3128	0.1801	0.07429	0.02598	9.366	7.027	0.07253	0.08482	0.01701	0.02489	16.41	7.395	0.088	0.1248	0.006276	0.04699	5.81	0.1901	0.01306	0.01814	11.78	5.504	0.2861	0.01545	0.1069	6.219	12.23
