# Pathway	Me_1_p	Me_2_p	Me_3_p	Me_4_p	Me_5_p	Me_6_p	0M_1_p	0M_2_p	0M_3_p	0M_4_p	0M_5_p	0M_6_p	1M_1_p	1M_2_p	1M_3_p	1M_4_p	1M_5_p	1M_6_p	3M_1_p	3M_2_p	3M_3_p	3M_4_p	6M_1	6M_2	6M_3	6M_4	6M_5	12M_1_p	12M_2_p	12M_3_p	12M_5_p	12M_6_p
PWY-6527: stachyose degradation	3427.6	17441	14263	2588.2	6476.5	4940	7763.2	20149	13756	8004.4	8119.9	4275.6	12339	19899	14478	10304	8666.8	5019.8	5917	19778	16181	11453	16449	18965	12763	11389	9580.5	16780	19516	16553	9942	12010
PWY0-1296: purine ribonucleosides degradation	8902.9	14249	9016.7	9707.4	7695.2	6029	8764.9	19462	8139.1	8403	8690.4	7466.2	11989	17356	8230.7	11048	9261.5	6613.4	9110.2	19463	10067	13112	15918	18717	8856.9	11803	10744	15505	18643	9863.7	10384	12082
PWY-7663: gondoate biosynthesis (anaerobic)	8367.7	9969.9	14250	8546	7645.2	7660.1	9139.4	12796	14410	9348.8	9189.3	7076.2	10944	13957	14577	10709	9851.8	7121.6	10324	13612	14396	12280	13092	13644	13155	11081	10737	13174	14121	16180	11546	11286
PWY-6609: adenine and adenosine salvage III	8682.4	16800	9548.1	9142.7	7526.2	5934.3	7701.7	17405	8902.5	9923.6	8465.1	6874.1	11555	16594	8949.4	10860	9047.2	6104.7	5732.9	18421	10519	12028	14610	17189	9355.8	11554	9873.2	15015	17414	10408	9735.8	12139
PWY-7222: guanosine deoxyribonucleotides de novo biosynthesis II	7784.6	15306	10256	8370.8	6909.2	6845.3	9512.4	17327	9648.1	9659.3	7651.2	7375.5	11519	16456	9350.2	10175	7916.9	7257.2	10728	16741	10408	12186	13453	16526	10659	10788	8877	13372	17204	11466	8722.1	11196
PWY-7220: adenosine deoxyribonucleotides de novo biosynthesis II	7784.6	15306	10256	8370.8	6909.2	6845.3	9512.4	17327	9648.1	9659.3	7651.2	7375.5	11519	16456	9350.2	10175	7916.9	7257.2	10728	16741	10408	12186	13453	16526	10659	10788	8877	13372	17204	11466	8722.1	11196
PWY-7229: superpathway of adenosine nucleotides de novo biosynthesis I	8619.9	14796	11008	8879.2	7178	6761.1	8460.7	16433	10611	9311.1	7825.9	6345.4	10295	15245	10586	9972	8003.3	6032.8	9068.6	15600	10718	11033	12871	15010	10607	10297	8698.7	12851	15322	11406	8633.3	10637
PWY-5973: cis-vaccenate biosynthesis	8898.4	10128	10697	8088.8	7343.3	7065.3	9126.6	13011	11467	8705.6	7960.8	7032.2	10850	13530	11603	9812.9	8439.4	6861.6	10474	13325	12148	11515	12582	13303	11272	10174	9147	12629	13612	13203	9094	10359
PWY-6126: superpathway of adenosine nucleotides de novo biosynthesis II	8036.2	14248	10527	8356.8	6793.2	6509.5	8217.8	15844	10006	8940.9	7417.9	6238.1	9976.2	14734	9924.4	9524.8	7601.4	5953.9	8874.7	15058	10284	10740	12312	14564	10317	9886.5	8328.2	12272	14911	11031	8251.5	10224
PWY-6317: D-galactose degradation I (Leloir pathway)	3646	13046	11916	6513.9	5114.1	4373.6	5261.6	15831	12804	7976.6	6754	4064.1	8234.3	16410	13241	9566.5	7000	4507	4059.7	15532	14655	10550	11757	15465	13689	9984.9	7558.1	11769	15901	15143	7524	10269
PWY-7228: superpathway of guanosine nucleotides de novo biosynthesis I	7121.7	13153	9512	7461.3	6191.6	6176.2	7932.1	14840	9400.3	8354.8	6870.3	6350.2	9733.3	14138	9204.9	9054.2	7174.4	5913.1	9136.6	14580	10084	10387	11642	14373	10290	9489.8	7979.8	11535	14597	10948	7757.8	9879.7
PWY-7208: superpathway of pyrimidine nucleobases salvage	6938.3	13612	9917.2	7547.8	6016.7	5908.7	7521.1	15319	9514.1	8346.4	6587.3	5760.2	9596.3	14414	9312.3	8930.4	6847.2	5470.1	8251.2	14614	10414	10600	11571	14361	10823	9397.7	7775.1	11479	14789	11206	7606.7	9857.5
PWY0-1586: peptidoglycan maturation (meso-diaminopimelate containing)	3796.3	7189.2	7034.7	9416.8	14380	10159	8243.8	9758.2	9037	5971.8	12998	13644	7266.6	8563	8875.4	8156	13135	12319	11078	9391.3	10282	5222.4	9681.1	8715.9	9747.3	7371.8	12119	9522.6	9097.6	10361	13579	7457
PWY66-429: fatty acid biosynthesis initiation (mitochondria)	9760.6	11171	7953.2	6981.8	6568.4	5445.8	7888.9	13518	9076.8	7364.2	6552.1	6547.9	9660.6	12684	9140.2	8044.8	6828.2	6340.8	8421.6	12713	10095	9530.3	11193	12583	9471.7	8419.3	7235.5	11089	12434	10563	6944.5	8574.3
PWY-6386: UDP-N-acetylmuramoyl-pentapeptide biosynthesis II (lysine-containing)	7052.1	11088	8081.5	8250.6	5717.3	5465.1	6612.3	13960	9456.2	8027.9	6724.6	5172.9	8622.1	13685	9498.2	8733.4	6950.5	4870.3	7000.9	13066	10065	10167	10664	12800	9659.4	9258.1	7669.6	10619	13190	10690	7466.4	9573.2
PWY-6122: 5-aminoimidazole ribonucleotide biosynthesis II	9017.9	12982	8002.4	7848.3	7063.4	6400	7206.7	16080	10432	8162.3	6814.2	5715.9	9294.1	11040	10487	8410.5	6971.1	5576.6	7600.3	12147	11030	4085.7	11488	10883	11201	7531.8	6817.4	11314	11097	11381	7660.4	7711.7
PWY-6277: superpathway of 5-aminoimidazole ribonucleotide biosynthesis	9017.9	12982	8002.4	7848.3	7063.4	6400	7206.7	16080	10432	8162.3	6814.2	5715.9	9294.1	11040	10487	8410.5	6971.1	5576.6	7600.3	12147	11030	4085.7	11488	10883	11201	7531.8	6817.4	11314	11097	11381	7660.4	7711.7
PWY-5686: UMP biosynthesis I	7401.4	11231	9798.5	7806.4	5645.4	5687	6602.5	13246	10452	7671.2	6333.6	5157.3	8156.6	11868	10407	8286.5	6362.6	5027.7	7119.1	12579	11284	8954.3	9894	12257	10240	8527.7	7301.9	9860.3	12037	11495	7278.1	8618.6
PWY-7791: UMP biosynthesis III	7401.4	11231	9798.5	5947.7	5645.4	5687	6602.5	13246	10452	7671.2	6333.6	5157.3	8156.6	11868	10407	8286.5	6362.6	5027.7	7119.1	12579	11284	8954.3	9894	12257	10240	8527.7	7301.9	9860.3	12037	11495	7278.1	8618.6
PWY-7790: UMP biosynthesis II	7401.4	11231	9798.5	5947.7	5645.4	5687	6602.5	13246	10452	7671.2	6333.6	5157.3	8156.6	11868	10407	8286.5	6362.6	5027.7	7119.1	12579	11284	8954.3	9894	12257	10240	8527.7	7301.9	9860.3	12037	11495	7278.1	8618.6
PWY-7199: pyrimidine deoxyribonucleosides salvage	8432.6	11707	8078	6693.3	5690.3	5017.5	7312.3	13645	7829.4	7479.3	6016.7	5794.3	10034	12541	7904.1	8059.6	6314.7	5848.2	5929.5	13383	8666.7	9493.8	11411	12968	8825.2	8844.6	7151	11723	13363	9157.4	6907.4	8835.5
UDPNAGSYN-PWY: UDP-N-acetyl-D-glucosamine biosynthesis I	6359.6	10753	9267.3	7138.6	5747.4	5618.6	6587.6	12682	10243	7728.9	6115.8	5280.5	7729.4	11926	10373	8129	6449	5079.7	8444.2	12392	10835	8951.5	9889.5	11945	10507	8303.1	7201.4	9465	12283	11674	6996.4	8309.3
NONOXIPENT-PWY: pentose phosphate pathway (non-oxidative branch) I	9181.5	9618.1	8234.7	7010.9	5516.8	5420	8213.2	12589	6311.4	6003.8	5955.2	5394.1	9044.6	14408	6350.2	7506.3	6324.6	5132.6	10203	13783	6975.7	14762	10339	14575	5564.8	8962.7	8431.7	10598	14303	6339.3	7278.8	9249.7
PWY-6387: UDP-N-acetylmuramoyl-pentapeptide biosynthesis I (meso-diaminopimelate containing)	6893	10617	7923	8351.7	5512	5289.1	6400.3	13136	9241.1	7436.3	6451.9	5024.1	8299.7	13106	9317.9	8092.3	6629.4	4733.7	6809.6	12466	9869.4	9926.2	10260	12311	9501.2	8761.5	7365.4	10262	12658	10475	7113.4	9027.1
PWY-6121: 5-aminoimidazole ribonucleotide biosynthesis I	8527.9	12470	7735.9	7757.8	6591.3	6073	6938.4	15458	10013	7918.9	6546.6	5501.1	8919.6	10868	10062	8190	6716.7	5170.5	7150.5	11731	10647	3975	11227	10528	10736	7369.6	6437.6	11035	10769	10912	7205.6	7537.3
ANAGLYCOLYSIS-PWY: glycolysis III (from glucose)	4020.4	10822	11200	7079.9	5435.2	5706.9	6142.2	12506	10100	6987.3	5814.4	5249.7	7552.1	12382	10627	7774.7	6058.8	5024.5	6895.2	12488	11223	9695.2	10005	12146	10387	8485.8	7032.8	10066	12483	11899	6570.5	8697.9
PEPTIDOGLYCANSYN-PWY: peptidoglycan biosynthesis I (meso-diaminopimelate containing)	6545.7	10497	7721.9	8381.5	5442.5	5126.7	6312.3	13157	9096.7	7448.1	6439.1	4962.3	8205.7	13016	9182.7	8162	6622.1	4721.7	6784.1	12371	9610.2	9760.3	10152	12239	9325	8761.6	7366.5	10186	12573	10330	7126.5	9047.7
PWY-7221: guanosine ribonucleotides de novo biosynthesis	6470.8	11563	8730.5	6582.6	5483.9	5546.8	6853	12994	8668.4	7324.8	6090.6	5597	8423.5	12362	8519.2	8080.1	6472.9	5112.1	7933.5	12797	9354	9102.7	10192	12627	9650.3	8341.9	7121.6	10039	12718	10127	6863.3	8696.5
PWY-7197: pyrimidine deoxyribonucleotide phosphorylation	5926.1	11182	8408.2	6968.4	5683.2	5761.8	7179.6	13620	7876.3	7689.8	6152.9	6205.1	8750	12577	7676.7	8037.4	6367.3	5942.3	7685.9	12503	8660.5	9399	10232	12501	9023.6	8411.5	7104.9	10166	12807	9508.4	7060.3	8745.6
PWY-6125: superpathway of guanosine nucleotides de novo biosynthesis II	6879.6	12762	6646.7	6911.1	6010.6	5709.2	7583.7	14377	5684.7	7918.2	6664.7	6071.8	9257.5	13265	5323.2	8794.9	6947.9	5716.7	8786.8	14115	5401.9	10002	11331	13824	5002.3	9141.6	7754.9	11224	13998	5260.5	7544.9	9556.5
PWY-841: superpathway of purine nucleotides de novo biosynthesis I	7622.3	12302	7810.4	7486.1	6121.8	5754.2	7174.7	14444	7727.5	7856.8	6570	5594	8951.1	11934	7521.1	8350.2	6749.8	5283.4	7727.7	12618	7709.8	5854.6	11065	11750	7451.2	8094.1	7029.4	10909	12016	7829.5	7303.4	8317.5
CALVIN-PWY: Calvin-Benson-Bassham cycle	6567.4	9921.2	9613.9	3857.4	5271	5575.8	6188.7	12236	8658.1	6259.2	5738.7	5106	7686.8	14384	8826.6	7015.7	5872.6	4722.2	6618.8	12961	9534.6	13153	9797.1	13211	7867.5	9082.4	7165.3	9771.5	13252	9592.2	6164.1	9037.3
PWY-8187: L-arginine degradation XIII (reductive Stickland reaction)	8960.7	8943.3	9586.4	7608.9	6639.3	6237	5899.3	11079	10782	7850.3	4818.2	3813.6	8995.2	11392	11149	7597.9	4860.1	4065.4	4386.7	11285	11494	9002.1	10480	11340	10450	8387.1	5717	10152	11807	12489	5099.3	8284.5
PWY-3841: folate transformations II (plants)	6635.1	11340	8061.9	6011.5	5630.2	5778	6270.5	13475	8522	6857.7	6210.1	5285.1	8267.9	12547	8476.3	7560.7	6532	5226.1	7040.8	12370	9097.6	9079	10219	11941	8388.5	8053.6	7322.2	10210	12365	9576	7113.7	8215.6
PWY-6151: S-adenosyl-L-methionine salvage I	7094.8	11725	8876.5	1936.9	6075.5	4291.8	6303	11761	9129.2	5921.9	5662.4	5130.5	7934.9	12595	9434.9	6517.5	5947.2	4685.6	6677.1	13209	10301	9615.2	10181	13086	9166.9	7790.7	7095.5	10202	13297	10515	6566.2	7847.6
PWY-8178: pentose phosphate pathway (non-oxidative branch) II	7661	9170.3	7995.6	6436.1	5390.2	5015.3	7552.1	11749	6611.9	6202.7	6155.7	5106.1	8589.6	12779	6572.8	7537.4	6500.3	4818.3	9564.9	12689	7434.6	12419	10301	12908	5682.7	8612.7	8217.1	10513	12647	6794.8	7363.6	8953.2
PWY-6385: peptidoglycan biosynthesis III (mycobacteria)	6408	9480	7713.1	7767.4	5791.6	5388.9	6521.9	11864	9056.8	6557.3	6723.4	5355.4	7924.2	10735	9123.6	7649.4	6901.1	5045.9	7123.6	11126	9732.1	6927.2	9983.6	10517	9374.2	7727.3	7566	9923.3	10897	10240	7426.3	7954.3
COA-PWY: coenzyme A biosynthesis I (prokaryotic)	6236.6	9704.9	7410.2	6955.2	5011.7	5066.1	5823.3	11415	8692.3	6939.2	5439.3	5208.8	7349.2	11954	8753.6	7311.8	5728.1	4887	6825.2	11439	9224	8554.2	9263.6	11215	9054.1	7798.2	6515	9221	11792	9937.6	6322.9	7906
TRNA-CHARGING-PWY: tRNA charging	6787.6	8826.2	8266.7	7235.1	5495.3	4975.3	6078.6	8237.8	9743.7	6877.6	6470.1	4913.9	7135.1	10489	9887.5	7148.5	6601.9	4481.4	6160.4	9465	10221	9331.1	7381.7	10030	10010	7686.5	7512.1	7241.1	10069	10833	7112	8050.4
PWY-6123: inosine-5'-phosphate biosynthesis I	7604.7	10433	7782.2	7326	5484.3	5288.4	6274.1	12947	8714.8	6990.8	5891.8	4797	8017.5	10162	8865	7296.1	6003.8	4580	6672.5	10656	9470.6	4478.2	9839.1	9694	9199.4	6914.1	6195.6	9486.9	9955.4	10023	6520.7	6928.3
PWY-6124: inosine-5'-phosphate biosynthesis II	7219.1	10399	7915.1	7423.9	5391.7	5330.9	6210.7	12877	8876.5	6913.9	5898.4	4715	7824.9	9870.7	9055.5	7277.4	5970.8	4481.5	6479.7	10473	9255.5	4059.9	9762.2	9415.4	9347.6	6765.7	6145.6	9483.4	9635.3	9851.3	6572.9	6795.5
PWY-7234: inosine-5'-phosphate biosynthesis III	7016.6	10395	7660.2	7070.6	5390.6	5075.8	6274.1	12808	8511.6	6937.4	5839.3	4797	7839.1	10162	8659	7293.8	5900.9	4578.8	6672.5	10656	8961.6	4478.2	9756.9	9694	8867.7	6914.1	6059.9	9364.7	9955.4	9566.2	6419	6928.3
PWY-7210: pyrimidine deoxyribonucleotides biosynthesis from CTP	1472.4	6135.3	10651	7809.5	788.02	2267.8	882.02	3459.1	10059	5856.7	3782.7	3270.9	961.22	16859	10030	5873.8	4313.9	4923.2	3009.2	15085	11073	13437	1811.4	16602	10727	10683	9184.5	1431.1	16822	11935	6150	11252
PWY-5097: L-lysine biosynthesis VI	6806.4	10621	2560.3	6671.6	5681.1	5654.9	6812.8	13365	3443.9	6661.8	6104.2	4998.9	8712.6	12096	3229.5	7881.9	6580.8	4644.4	7872.3	12263	2921.5	9226	10603	11958	2413.9	8405.2	7318.5	10706	11957	2945.2	7110.9	8695.6
PWY-6163: chorismate biosynthesis from 3-dehydroquinate	8202.5	11278	4677.4	7060.4	5725.2	5986	6975.5	12670	4095.9	7361	5760.6	5548.6	8768.7	11289	3695.9	7610.6	5830.3	4975.9	7126	11719	2655.3	8864	9954.5	11477	2242.2	7813.4	6533.5	9957	11389	3329.2	6260.6	8014.5
PWY-7184: pyrimidine deoxyribonucleotides de novo biosynthesis I	1366.2	5808.7	10216	7700.7	1102.4	2130.8	803.7	3178.9	9773.5	5652.4	3608.2	3088.2	875.58	15845	9653.9	5684.9	4146.6	4861.4	2817.2	15262	10673	12441	1660.4	15750	10259	10614	8847.2	1307	16295	11568	5977.2	10982
ARO-PWY: chorismate biosynthesis I	7239.4	11186	4696	7194.3	5425.6	5819.6	6713.9	12378	3753.1	7010	5615.5	5133.7	8479.1	11225	3408.3	7548	5767.6	4812.9	7324.1	11716	2578.2	8861	9606.5	11427	2120.9	7777.2	6496.6	9689.8	11367	3179.2	6243.1	7995.4
PWY-2941: L-lysine biosynthesis II	6665.4	10637	2606.8	6719.7	5563.1	4634.9	6128.5	13271	3517.6	6542.7	5965.1	4750.1	8403.9	11982	3386.9	7642.2	6397.8	4217.5	5785	12316	2936.9	8411.3	10485	12038	2316.1	8227.5	7165.9	10453	12012	3020.3	7014	8381.4
COMPLETE-ARO-PWY: superpathway of aromatic amino acid biosynthesis	7862.8	10757	4849.2	7340.3	5541.1	6000.3	7072.6	12102	3423.5	6823.6	5761.9	5144.1	8674.4	11198	3153.5	7499.4	5834.4	5027.8	7413.7	11565	2360.1	8775.9	9537.7	11343	2160.3	7745.2	6464.1	9552.9	11252	2652.6	6120.3	7973.8
PWY-5384: sucrose degradation IV (sucrose phosphorylase)	1307.2	9441.3	11187	1553	2575.5	2997.9	3225.9	12301	9664.6	3839	3536.8	4286	5942.3	12159	10167	5686.2	3775.7	3583.6	3446.3	11868	11879	7001.3	9441.5	11101	10457	6188.8	4773.7	9486.3	11889	11894	4592.9	6657
LACTOSECAT-PWY: lactose and galactose degradation I	184.64	8499.1	4582.1	746.32	691.24	967.12	6448	9815	9269.3	3199.9	2462.4	954.33	10329	10683	9338.5	5865.2	2780.4	1177.6	5149.1	9526.1	11134	16695	13862	9864.7	12159	6949.9	4825.6	15193	10920	10750	3339.3	8997.8
GLUCOSE1PMETAB-PWY: glucose and glucose-1-phosphate degradation	0	9397.3	8372.5	4272.3	2016.2	2494.3	3167.3	11979	7525.8	3977	3536.4	3072.3	5359.4	14624	7658.6	5643	3888.6	2651.6	3842.5	12745	9169.8	12598	8446.2	13715	8632.6	7700.9	6198.6	8409.6	14054	9159.3	4533.6	8138.4
PWY-I9: L-cysteine biosynthesis VI (from L-methionine)	6432.5	12140	5278.3	1705.6	4609.9	3966.8	5766	11960	5920.3	6190.9	5742.1	4791.2	8120.4	11500	5756.1	6636.2	5973.3	4258.8	4861.1	12425	5045	5508.7	10101	11450	3209.2	7329.4	6635.3	10178	11984	6042	6467.3	7420.2
PWY-1042: glycolysis IV	8360.7	5511.6	11261	7572.2	6555.2	5514.4	6487.4	5657.2	9346.7	6394	5997.6	5595.6	7272.1	2934.2	9874	6921.2	6091.5	5349.1	6105.8	4844.4	10841	7096	7711.8	3972	9437.9	7191.6	6299.6	7796.6	3048	11229	6285	6921.1
PWY-7198: pyrimidine deoxyribonucleotides de novo biosynthesis IV	1097.7	4863.9	9882	7199.9	569.56	1761.7	634.89	2559.7	9408.2	4928.9	3071.2	2607.9	690.51	14983	9333.8	4924.3	3566.5	4323.5	2301	14264	10357	11962	1320.9	14870	9877.2	10069	8433	1034.7	15358	11201	5322.7	10414
PENTOSE-P-PWY: pentose phosphate pathway	8244.4	5728.1	8670	3006.6	5266.5	5342.5	7382.1	4267.1	7082.1	5933.3	5248.5	5219.5	7778.3	8750.2	7105	5866.2	5377.9	5004.7	8601.1	6402.2	7795	11403	6310.7	7710.4	6352.6	7214.5	6118.9	6283.6	7143.1	7210.1	5683.4	7245.2
PWY-5695: inosine 5'-phosphate degradation	2088.5	9715.2	2144.9	8482.1	4646.4	3766.8	5530	12242	2798.1	5086	5545	4837.6	6754.8	10934	2753	8130.1	6051.1	4467.5	7455.5	11321	3013	10521	9909.9	10494	2245.8	7475.7	6318.2	9705.3	10802	2634	6372.7	8137.3
PWY-6700: queuosine biosynthesis I (de novo)	6519.6	9993.8	2357.3	7594.9	5054.8	5371.1	6022.3	12803	2740.1	4725.7	5572.9	4632.1	7578.7	11384	2474.4	6217	5784.4	4542.4	7008.4	11571	2821.5	4242.5	9945.9	10473	1944.8	6328	6067.9	9921.7	10914	3037.6	6365.6	6657.6
OANTIGEN-PWY: O-antigen building blocks biosynthesis (E. coli)	1316.4	10160	6100.5	334.35	3228.5	2569.3	4586.4	13428	5809.6	4520.9	4719.4	2802.1	6861	11445	5623.4	6434.4	5097.6	3578.5	5109.5	12096	6353.4	4149.8	9922.2	11284	8049.1	6331.4	5550.1	9691.4	11801	7100.1	5649.3	6731.9
DTDPRHAMSYN-PWY: dTDP-&beta;-L-rhamnose biosynthesis	777.1	11495	5870.2	211.59	2420	2826.7	4334.5	16144	4331.7	4263.3	4405.8	2132	6810.6	12304	4217.3	5956.4	4685.2	3074.5	4876.1	12615	5064.2	2988.4	11208	11353	7057.9	5547.3	4801.4	10781	12101	5740.8	5131.3	6117.6
PWY-6471: peptidoglycan biosynthesis IV (Enterococcus faecium)	167.81	8864.5	5027.1	573.14	787.5	2570.3	4927.7	11397	6475.5	4822.9	4865.6	735.65	7000.4	10048	6327.6	6858.7	5462.7	1511.5	5548	10653	6950.6	4934.9	9555.8	9921.3	5100.8	6941.5	6216.7	9573.1	10286	7092.6	6354.5	7166.9
PWY0-1061: superpathway of L-alanine biosynthesis	8191.6	10680	2397.5	1086.2	409.11	3031.8	5981.5	12991	1772.2	4037.7	3882.1	900.04	8884.4	12234	1462.8	6372.6	4274.3	1087.6	4898.9	12681	2272.3	9102.1	10457	12384	999.61	7457.1	6041.1	10441	12502	2310.7	5125.6	7614.6
COA-PWY-1: superpathway of coenzyme A biosynthesis III (mammals)	6624.9	3990.6	7027.8	7215.1	5339.2	4417.3	5116.6	3140.9	8522.8	6628.8	4692.6	5245.9	4940.6	6078.8	8650.9	5744.5	4767	4980.9	6002.7	4762	8914.9	8226.9	3685.7	5822.9	9209.3	6296.5	5248.8	3610.3	5722.2	9528	4959.6	6047.3
PWY-6470: peptidoglycan biosynthesis V (&beta;-lactam resistance)	155.33	8926.6	4854.6	530.11	729.73	2402.8	4765.4	11316	6238.2	4585	4614.2	681.84	6908.6	9779.7	6086.9	6580.6	5197.2	1406.5	5354.8	10510	6723.5	4663.7	9445.8	9693	4874.3	6663.7	5945.3	9472.3	10051	6855.2	6077.2	6888.1
PWY-7357: thiamine phosphate formation from pyrithiamine and oxythiamine (yeast)	6537	3638.7	12459	7126.4	5009.6	3002.7	3816.4	1844.6	12923	5336.4	3814.6	5055.7	3364.6	3477.2	13261	3724.6	3702.2	4617	1935.4	2577.8	14747	6763.3	2199.3	3090.9	13963	4252.2	3982.1	2071	2906.2	15239	4076.3	4201.9
RHAMCAT-PWY: L-rhamnose degradation I	4273.4	8486	3329.5	648.31	1755	1187.6	4413.8	12313	4889	3108.2	3435.3	1307.7	7073.1	9810.4	4975	5138	3863.5	1506.3	3268.2	10270	6315.5	2969.3	9526.2	9691.2	8283.5	5096	4320.2	9537.7	9865.1	6210	4578.5	5439.6
PWY-7851: coenzyme A biosynthesis II (eukaryotic)	5921.7	3525	6874.5	6521.4	4902	4170.4	4638	2671.2	8138.3	6175.8	4272.9	4956.8	4342.7	5443.7	8265.6	5196.2	4325.8	4672.4	5553.8	4149.8	8554.6	7885.9	3147	5183.5	8818.8	5742.1	4823.6	3075.2	5051.5	9186.8	4546.2	5483.8
PWY-6628: superpathway of L-phenylalanine biosynthesis	7151.6	4066.6	2686.1	6837.9	5136.8	5043.3	6318.6	2063.1	1876.1	6282.8	5494.3	4637.7	7669.8	7642.3	1695.3	6816.4	5640.3	4494.6	6373.6	5576.1	916.44	6171.4	6876.6	7597.8	1454.4	7065.9	6114.7	6977.3	7603.3	806.76	5691	6584.1
CITRULBIO-PWY: L-citrulline biosynthesis	13932	5367.3	5818.6	7447.6	7119.4	8216.9	7710.9	2816.1	3857.4	6401.6	5910.9	6734.5	9811.7	896.66	3304.6	5616.3	5936.2	6621	3993.8	2532.4	2334.8	2969.7	6879.5	1466	2490.6	5106.1	4901.8	7075	996.47	2165.9	5507.4	4704.2
PWY-7953: UDP-N-acetylmuramoyl-pentapeptide biosynthesis III (meso-diaminopimelate containing)	6323.1	869.09	7702.6	7642.3	5296	5215.4	4953.3	1362	9012	6455.6	5471.6	4820.9	5227.9	88.144	9061.1	6350.4	5538.1	4592.9	5612.3	300.51	9433.8	4251.4	3758.4	437.91	9280.2	5891.1	5212.1	3726.1	202.65	9981.8	5668.1	5812.1
P41-PWY: pyruvate fermentation to acetate and (S)-lactate I	7264.2	482.7	9002.1	1539.8	4675	4402.9	4223	291.42	9620.1	4274.7	2984.5	4791.6	5968.1	5063.4	10089	2739.1	2507.1	4036.1	1662.5	3012.2	11048	7510.8	3488.2	4721.8	10386	3900.2	3345.4	3803.9	4662	12000	2108.1	3905
PWY-6630: superpathway of L-tyrosine biosynthesis	7187.6	4099.6	2480.7	3726.9	4396.7	4901.5	5958.3	2066.4	1784.1	5468.5	4775.9	4450.7	7705.9	7664	1618.5	6313.3	4946.7	4153.4	5427.7	5579.1	906.15	6070.9	6868.1	7609.6	1283	6821.9	5655.9	6951.6	7618.8	797.98	5120.5	6375.8
PWY-724: superpathway of L-lysine, L-threonine and L-methionine biosynthesis II	6949.6	2718.4	1191.2	7346.5	5692.3	4737	5671.7	3221.9	2502.9	5514.7	5407	4862.4	5472.2	6122.4	2258.1	5826.9	5533	4385.3	6376.4	4481.6	1589.1	8364.7	3933.9	5869.6	2152.9	6248.4	6126.1	4011.4	5641.2	1120.2	5926.3	6583.4
PWY-5100: pyruvate fermentation to acetate and lactate II	5992.8	683.29	9002.1	1717.4	3751.1	3799.4	3169.5	304.14	9620.1	4165.4	2984.5	4791.6	3968.3	5063.4	10089	4400.7	2507.1	4036.1	1361.1	3012.2	11048	7510.8	2587	4721.8	10386	3917.6	3345.4	2599.4	4662	12000	2125	4370.2
GLYCOLYSIS: glycolysis I (from glucose 6-phosphate)	965.9	3699.6	10460	2619.9	2826.1	5489.2	4372.7	3206.5	9197.6	5330.7	4345.4	4212.1	5487.2	1182.4	9856	4048.6	3964.5	4213.6	5170.4	1310.2	10438	2410.1	3867.9	1303.3	9418.4	3755.9	3719	5198.1	1382.5	11088	3452	3782.6
ANAEROFRUCAT-PWY: homolactic fermentation	640.96	3081.6	10382	2023.6	2317.5	5092.9	4500.8	2756	9663.3	5335.1	4372.9	4056.5	5304	1033.3	10272	4278.2	4105.2	4030.6	5311	1347.7	10925	2635.3	3931.5	1252.1	9983.8	3993.8	3839.7	4905.6	1161	11620	3697.1	3875.5
PWY-7185: UTP and CTP dephosphorylation I	780.12	4080.4	3307.5	7064.2	1180	1371.4	534.55	2178.2	4601.1	3578.7	2493.7	2006.7	581.74	13152	4705.8	4143.7	2912	3049.4	1960.5	11442	5326	6771.1	1123.4	12237	3864.7	8009.9	6820.9	880.59	12507	4692.6	4266.8	8843.3
PWY-6901: superpathway of glucose and xylose degradation	5362	3179.7	9915.2	2634.6	4672.3	4589.3	4090.7	2537.3	8639.4	5224.1	4221.2	4432.4	3967.5	1676.9	8869.1	3972.4	4168	4444.7	2232.5	2195.1	9625.8	3489.9	3435	1896.6	8257.3	4332.7	4162.1	3523.7	2011	9455.9	4196.8	4171.2
PWY-621: sucrose degradation III (sucrose invertase)	1149.4	2468.8	10319	1592.7	4073.4	3955.9	2012.8	965.55	11169	3222.8	2921.9	5102.4	1416.4	4618	11986	2275.1	2960.1	4738	875.06	2936.6	12618	6560.8	1650.8	4537.9	11382	3541.3	3392.3	1581.5	4270.6	13160	2448	3346.3
PWY-6936: seleno-amino acid biosynthesis (plants)	10537	7065.4	1914.6	3662.3	6996.2	5702.1	7096	4290.7	2698	4898.2	6129.7	6653.2	7588.5	2355.3	2296.6	3846.7	5665.7	6287.8	6122.5	3262.4	2035.1	2246.1	5097.3	2348.6	2058.4	3135.7	4790.8	5188.5	2206.6	1601.1	5555.5	2927.7
PWY0-1319: CDP-diacylglycerol biosynthesis II	5745.2	3903.8	3860.7	6285	5200.2	4895.5	4584.5	1873.8	2968.2	5272	5210.5	4956.4	4867.9	4984.8	2724.4	5287	5197.2	4770	5047.2	3570.8	1840.9	7851.4	3700.9	4912.4	1945.3	5874.6	5250.2	3671.2	4333.4	1532.1	5174	5677
PWY-5484: glycolysis II (from fructose 6-phosphate)	519.61	2493.3	11042	1802.3	1953.6	5092.6	4160.4	2179	9652.8	4991.3	4015.4	3718.2	4871.3	790.28	10360	3699.9	3672.5	3756.3	4902.2	1036.9	11057	2109.8	3253.8	962.14	9873.8	3371.8	3298.8	4169.5	889.7	11723	3175.5	3252
PWY-5667: CDP-diacylglycerol biosynthesis I	5737.6	3903.8	3860.7	6285	5095.6	4895.5	4534	1873.8	2964.2	5246.2	4931	4939.3	4762.6	4984.8	2710.3	5261.8	4926.8	4741.6	5047.2	3570.8	1840.9	7848.1	3561.2	4912.4	1945.3	5866.7	5105.2	3519.3	4333.4	1528.2	5016.2	5662.7
VALSYN-PWY: L-valine biosynthesis	9039.8	5721.7	2347.5	8286.4	6858.2	7882.3	7086.5	4011.7	2199.7	4942.4	5525	6036.1	5123.1	1195.3	1910.1	4886.8	5617.2	5991.8	9265.6	1898.6	1617.6	2814.5	3118.1	1503.1	2100.5	3744.8	4823.5	3109.4	1325.8	878.63	5540.8	3517.8
PWY4FS-7: phosphatidylglycerol biosynthesis I (plastidic)	658.87	4984.4	2786.7	7725.6	964.72	2908.1	4654.7	2636.1	2258.9	5606.5	5202.6	1075.8	5461.6	6403.5	2001.3	6360.1	5477.1	1484.5	5640.8	4766.8	2117.6	8491	4741.1	6297.8	1631	6916.8	5802.3	4722.3	5681.3	1824	5644.8	6796.7
GLUCONEO-PWY: gluconeogenesis I	7260	2985.8	7242.5	4366.7	5468.1	5690.7	4805.8	2436.7	6499.5	5281.4	4531.7	4541.8	5125.1	747.04	6656.3	4221.6	4247.6	4681.9	3458.6	1238.4	7163.6	2359.5	3641.4	995.8	5487	3832.7	3690.6	4232.6	923.11	7575.1	3718.7	3633.1
PWY4FS-8: phosphatidylglycerol biosynthesis II (non-plastidic)	658.8	4984.4	2786.7	7725.6	962.28	2908.1	4619.9	2636.1	2258.1	5587	5074	1075.2	5372.7	6403.5	1998.7	6335.8	5273.7	1482.7	5640.8	4766.8	2117.6	8488.4	4587.3	6297.8	1631	6909.5	5683.4	4553.7	5681.3	1820.3	5518.6	6783
THRESYN-PWY: superpathway of L-threonine biosynthesis	7577.1	4304.8	1206.6	8116.6	5825	4239.9	5190.8	2128.2	2109.6	4958.6	5099.1	5118.1	4436.9	4544.8	1868.2	4985.6	5045.1	4278.3	5548.4	3120.9	1238.8	7706.2	2770.3	4329.2	1993.4	5332.9	5553.1	2830.5	4118.6	980.03	5356.2	5655.3
PWY-7200: superpathway of pyrimidine deoxyribonucleoside salvage	6611	1746	7711.7	4146.6	4879.7	4499.9	5723	935.79	6934.4	4750.3	4111.3	4797.7	7138.9	785.74	7033.5	3792.4	4027.6	4816.3	3085	633.92	7366.8	2203.3	5864.7	718.9	6270.9	3559.9	2892.1	5853.6	649.08	7905.7	2853.5	3157.1
ILEUSYN-PWY: L-isoleucine biosynthesis I (from threonine)	7833.3	5432.6	605.54	7249.9	6835.3	6903.7	6516.1	3207.7	1930.5	4654.7	5491.3	5980.7	4795.5	1123.3	1703	4668.8	5441.6	5956.6	7828.9	1784.4	1300.7	2435.4	2912.9	1292.6	1934.3	3568.7	4516.6	2847.6	1149.9	773.13	5318.8	3476.7
PWY-6629: superpathway of L-tryptophan biosynthesis	7485.5	5952.8	1030.8	6993.5	5531.3	5306.1	5947.3	3452.9	2099.3	4791.5	4980.1	5069.4	6075.7	1756.6	1854.1	4826.6	4898.7	4930.2	6357.9	1967.5	1392.1	2820.7	4037.6	1843.4	1701.2	3974.4	4384.2	4130.9	1705.4	1059.4	4888.5	3804.2
BRANCHED-CHAIN-AA-SYN-PWY: superpathway of branched chain amino acid biosynthesis	8275.7	4764.2	833.16	7712.5	6899.8	6627.7	6375.1	2835.8	2075.6	4627.8	5532	5931.9	4887.4	1013.3	1820.2	4601.4	5468.5	5878.4	7406.9	1619.6	1332	2411.2	2972.9	1164.7	2004.1	3577.4	4527.3	2919.7	1045.2	790.96	5319.3	3511
PWY-1861: formaldehyde assimilation II (assimilatory RuMP Cycle)	7824.2	3636.7	3499.8	3206.2	4892.2	4143.4	5448.9	2924.1	5041	5515.9	3711	4073.3	6058.7	2168.9	4743.7	4280.6	3622.5	4205.6	2457.9	2907.7	3595.8	2982.4	3704.9	2418.3	2895.5	3845.9	3595.6	3894.7	2278.6	4493.9	4237.6	4034.4
SER-GLYSYN-PWY: superpathway of L-serine and glycine biosynthesis I	6926.6	1997.1	1061.8	7145.9	6693.6	4391.9	4244.1	1114.3	1791.9	3580.1	5311	5110.8	4149.7	4748.1	1697.5	3618.1	5292.3	4680.3	5063.8	2990.3	1137.1	7558.2	2498.3	4351.2	1806.2	3477.2	4711.2	2360.8	4136.7	868.19	5780.2	3547.3
ARGSYNBSUB-PWY: L-arginine biosynthesis II (acetyl cycle)	7499.3	4130.1	1426.8	7746.4	5676.6	5731.9	4986.1	2425.5	2134.2	4360.7	4724.4	5133.2	3791.8	1973.7	2044.6	4091.4	4559.8	4643.6	5923.9	2179.6	1369.4	3543.1	2448.4	1944.9	2070.8	3731.9	4426.1	2437.7	1797.3	815.81	4758.8	3895.5
PWY-6608: guanosine nucleotides degradation III	1794	1215.5	2251.1	6424.8	3423.2	2960	2592.2	671.83	3177.7	2869.5	3721.3	2758.3	1364.3	8426.2	3246.2	2974.5	3972.9	3370.7	5870.8	4987.3	3768.3	5168.9	1179.1	7395.6	2739	4846.8	4849	1325.8	7415.1	3294.6	2710.6	4993.6
PWY-702: L-methionine biosynthesis II	8912.9	4700.1	1146.5	2966.2	4751.9	4510.1	5373.4	3137.6	2519.6	4596.1	4941.4	5472.4	5292.4	2651.7	2248.7	3719.6	4685.9	4505.5	4377.7	2991.6	1568	2420.9	3298.9	2540.1	1910	3256.3	4334.9	3275.7	2422.9	1177.6	4660.6	3164.6
PWY-7345: superpathway of anaerobic sucrose degradation	577.56	676.15	10507	1542.9	2198.7	4500.7	3071.1	345.05	9304.1	3698	2930.4	3995.6	1793.6	120.6	9977.2	2846.4	2907.8	3989.6	2067.8	228.26	11168	2196.3	1338.8	310.43	10158	2878	2596.8	1363.8	254.14	11590	2377.5	2503.2
PWY-6897: thiamine diphosphate salvage II	6259.6	1114.7	8871.4	2217.1	2864.8	3347.6	3623.3	585.17	9482.3	3727.5	1940.4	3716.1	3157.1	377.62	9680.9	2130.5	1966.4	3330.9	2348.6	901.98	10661	1400.9	1698.9	454.38	10124	1945.2	1419.3	1688.6	398.91	11290	1488	1680.2
PWY-5103: L-isoleucine biosynthesis III	6828	4948.8	408.55	6404.2	6423.3	6335.3	5954.6	2755.3	1653	4200.6	5132.3	5607	4245.4	992.4	1461.8	4216.9	5027	5588.8	7036.3	1593.5	1075.2	2096.7	2564.2	1128.3	1728.2	3177.8	4095.9	2481.1	1003.4	638.67	4888.1	3138.2
ARGSYN-PWY: L-arginine biosynthesis I (via L-ornithine)	7061.3	3498.5	1006	7742.1	5326.6	5217.1	4560	2199.7	2015	4297.6	4628.1	4882	3584.1	2117.8	1879.4	4094	4464.7	4326.6	5266.3	1906.8	1427.6	4118.7	2196.8	1870.3	1960.6	4009.3	4518.1	2302.3	1893.4	909.81	4665.8	4162
PWY-5136: fatty acid &beta;-oxidation II (plant peroxisome)	5890.2	502.45	56.063	5961.8	12544	4377.2	6066.2	388.6	344.72	2758	7472.5	6808.4	4244.5	109.95	316.33	3747	7593.2	7527.6	4847.7	229.83	392.57	1696.9	3745	181.02	555.26	3023.5	6354.8	3363.6	124.83	269.25	8698.1	3088.2
RIBOSYN2-PWY: flavin biosynthesis I (bacteria and plants)	5522.9	1833.9	5510.7	5962.9	4912.4	4677.4	4113.4	796.3	5807.6	4479.9	4102.3	4606	3891.4	419.53	5709.8	3762.6	3992.9	4551.7	2504.7	932.97	3410.8	1853.5	2606.8	605.83	4829.6	2991.5	3343.3	2650.7	418.67	4969.1	3855.7	2827.3
PWY-5659: GDP-mannose biosynthesis	194.29	2339.2	6486.3	474.17	1773.7	2218.9	1939.7	1283.7	4582.1	4818.6	4624.5	1224.2	1599.8	4958.1	4307	4725.9	4984.1	1585	980.51	3000.6	4407.1	7635	1656.2	4510.8	2359.1	5681.6	5339.8	1739.2	4136.4	5451.7	5005.4	5417.8
PANTO-PWY: phosphopantothenate biosynthesis I	7186.9	4623.1	5120.7	7018.3	6719.9	4303.3	5529.9	1547.9	2024.4	4145.4	4615.5	3869.4	4875.2	306.13	1831.2	3934.5	4662.4	4482.6	5918.7	1219.1	595.67	2323.9	2958.9	771.62	1633.6	2997.3	3933.7	3110.5	436.02	438.18	4698.3	2995.6
PWY-7111: pyruvate fermentation to isobutanol (engineered)	6781.7	2557.1	411.66	6833.8	6867	6409.5	5759.3	1925.2	1809.4	4277.2	5258.5	6180.4	4061.1	948.25	1606.5	4199.7	5128.3	6063.7	3982.7	1450.9	1171.5	2127	2404.6	1077.1	2034	3161.2	4179.2	2330.1	953.27	667.91	5013	3150.3
PWY0-1298: superpathway of pyrimidine deoxyribonucleosides degradation	3203.8	980.4	3093.5	2292.1	2625.9	4798.9	2944.3	1537.4	3188.1	3167.1	4055.2	5153.2	3364	4391.2	2811	3296.7	3858.2	4388.5	1271.5	3273	3749.2	4640.7	2327	4474.1	2680.8	3823.3	4424.9	2133.7	4096.9	3542.8	4377.2	3989.9
PWY-7356: thiamine diphosphate salvage IV (yeast)	1044.2	1529	6950.1	3437.1	3901.2	3592.4	1840.4	818.75	8093.2	4472.5	2774.2	4351.9	1052.4	793.64	8158.7	2922	2762.6	3982	668.28	1268.1	8923.7	1836.7	1049.2	785.25	8935.4	2600.2	2317.2	1071.6	776.41	8953.3	2652.8	2465.9
PWY-7013: (S)-propane-1,2-diol degradation	0	0	14135	47.912	0	706.32	0	101.82	14449	134.46	224.43	338.3	38.252	118.08	15582	172.36	216.94	1261	0	158.82	18237	159.79	94.962	95.76	19512	337.6	321.11	123.06	111.57	19441	418.55	162.39
PANTOSYN-PWY: superpathway of coenzyme A biosynthesis I (bacteria)	6616.8	2527.9	152.59	6832.6	5502.3	3895.8	5058.6	1968.6	2072.7	4672.1	4434	4069.4	4671.8	409.55	1835.6	4239.2	4382.4	4319.3	5849.6	1544.8	825.23	2669.4	3253.4	1121	2145.7	3701.9	4156	3296.5	665.05	498.16	4564.7	3512.2
PWY-3001: superpathway of L-isoleucine biosynthesis I	6967.9	3344.3	861.69	4832.7	6039.5	4824.1	4344.6	2444	1954.6	3838.5	4880.6	5412.4	3781.4	1010.2	1786.9	3274.2	4740	4745.6	2633.5	1607.4	1254.2	1763.4	2250.7	1341.6	1818	3000.5	4494.2	2299.3	1051.7	832.16	5106.9	2557.7
ARGININE-SYN4-PWY: L-ornithine biosynthesis II	6960.1	4231.3	2346.1	6063.8	5288.9	3335.2	4008.2	2011.2	2367.5	4364.1	4383.6	3537.1	3789.6	612.31	2093.8	4185.7	4462.5	3684.8	1413.3	1807.5	1499	1899.3	2506	1017.7	1544.3	3909.2	3978.4	2495.2	683.34	1372.4	4552.4	3638.8
PWY66-389: phytol degradation	9315.7	301.03	25.289	5784.2	8034.3	5684.8	6139.4	225.4	438.44	4237.4	4592.7	5860.1	5058.2	94.841	390.52	3868.7	5037.7	6727.6	2454.1	112.41	545.42	2048	3611.9	144.76	342.04	3051.1	3798	3405.6	93.498	256.03	4689	2794.1
PWY-7400: L-arginine biosynthesis IV (archaebacteria)	6987.6	993.79	957.6	5941	4827.4	5105.5	4501.8	1538.4	1865.8	3882.8	4203	4638.8	3535.6	862.85	1752.2	3620.1	3993.5	4206.3	5183.5	1159.5	1403.7	3501.7	2155.2	1085.8	1917.8	3402.5	3870.6	2245.4	1301.1	885.55	3876.8	3341.3
TRPSYN-PWY: L-tryptophan biosynthesis	7902	3600	492.68	7149.3	6067	4742.2	5130.3	1721.8	1340.2	3352.5	4306.9	5425.9	4350.6	805.89	1158.7	3213.7	4069.3	5244.4	5442.6	909.15	859.59	1445.7	2229.2	848.08	1344.9	2361.1	3026.9	2296	779.1	559.33	3834	2197
SULFATE-CYS-PWY: superpathway of sulfate assimilation and cysteine biosynthesis	9147.7	1769.9	100.36	4331.2	6457.9	4860.2	5540.5	865.14	1331.2	3301	4639.4	4872.6	5136.7	389.39	1018.1	2713.2	4515.5	4911.1	6073.9	1048.6	606.09	1995.5	3050.1	715.84	1134.1	2534.5	3884.8	2975.3	543.31	257.57	4530	2300.1
SO4ASSIM-PWY: assimilatory sulfate reduction I	11234	1904.3	143.45	3415.8	6146.1	5074.9	7029.2	1102.1	1219.5	3029.4	4303.7	4400.4	5727.2	260.04	997.55	2421.9	4315	5288.4	7362	798.48	578.95	1379.4	3162.6	526.95	939.29	1775.8	3248.6	3237.1	380.94	241.12	3943.3	1552.4
PWY-7118: chitin deacetylation	8379.5	2014.3	2313.9	7978.6	5185	5474.6	5267.3	985.25	880.93	4079.6	3790.1	3960.8	4521.8	65.571	782.73	4011.6	3862.4	4496.6	5313.4	56.063	412.39	1851.2	2724.7	85.969	678.28	3133	3057.9	2619	56.534	293.98	3381.1	3137
PWY-4984: urea cycle	7469	2000.8	1098.4	7489.4	5531.4	5358	4546.5	1092.8	897.89	4109.2	4425.2	4844.9	3684.7	416.02	816.48	3697.6	4270.3	4338.4	3193	954.34	585.89	2537.9	2159.5	612.48	479.34	3620.1	3743.6	2316.2	439.83	284.66	4145.5	3431.3
PWY-6147: 6-hydroxymethyl-dihydropterin diphosphate biosynthesis I	1534.1	562.77	4876.6	5985.8	4994.8	3718.7	1694.6	214.4	5901.7	2427.3	3509.1	4643.6	1273.6	82.585	6111.9	2323.1	3285.1	4249.2	673.5	327.76	7069.6	977.9	1271.9	105.24	8348.8	1795.4	2456.1	1233.5	105.1	7362.8	3054	1655.5
PWY-922: mevalonate pathway I (eukaryotes and bacteria)	112.59	2164.8	7348.6	32.535	3557.8	453.78	846.06	769.57	6522.1	382.06	1902.2	2707.2	372.54	3761.1	6911.8	304.37	1939	2094.4	376.55	2287.7	7531.3	6103.5	670.16	3495.1	7830.9	2128.2	3197.6	638.62	3166.7	7804	2994.1	2169.5
HISTSYN-PWY: L-histidine biosynthesis	6722.5	3735.3	1217.7	6684.9	5346	5014.6	4196	1944.7	1737.9	3234.7	3992.3	4620.6	3233.3	796.61	1489.9	2820.6	3704.4	4314.2	4830.7	1095.9	970.33	1361.4	1813.2	792.79	1747.1	2158.3	2774.8	1817	701.65	514.6	3474	2095.8
PWY-8004: Entner-Doudoroff pathway I	447.89	296.62	3676.6	1140.6	1915.3	3804.1	2631	635.81	5322.9	4550.9	3646	3626.9	2373.9	1359.4	5318.7	3093.6	3473.2	3298.8	1341.7	1334.8	3851.1	2394.1	2482.1	1369.4	4431.4	3387.6	3376.5	2452.2	1804.4	4606.2	3162.8	3417.2
SALVADEHYPOX-PWY: adenosine nucleotides degradation II	220.29	1032.4	24.153	1548.6	3413.7	2546.4	2323.5	564.34	974.9	1774.7	3439.6	2524.6	1171.6	7895.4	1058	1760.4	3663.6	3180.5	5560.1	4439.8	772.92	5798.2	999.73	6872.2	1444.5	4461.6	4551.9	1127	6869.2	363.35	2407.5	4570.3
GLUTORN-PWY: L-ornithine biosynthesis I	6672.7	2935	616.96	6881.1	5055.4	4317.6	4183.7	1630.2	1338	3418.1	4026	4452.2	3174.6	692.69	1161.2	3131.3	3882.4	4021.5	5133.4	693.83	828.1	1496.4	1971	571.7	1295.3	2388.8	3150.7	1964.4	613.23	476.9	3966.8	2483.3
PWY-6703: preQ0 biosynthesis	10658	842.37	280.4	7173.2	4646.6	4347.2	6347.5	832.81	872.06	2546.6	3596.1	3903.8	6239.1	199.96	647.11	2790.8	3464	4632.7	4846.4	599.13	500.4	1265.1	2941.4	378.96	545	2064.4	2593.2	3194.3	299.1	228.96	3166.4	1883.4
PWY-7977: L-methionine biosynthesis IV	6975	895.19	80.24	6907.9	4831	4560.1	4343.9	946.1	609.62	4155.6	4272.7	3464.4	4015.3	93.815	596.97	4195.1	4124.1	3637.6	4774.1	169.38	476.77	2165.6	2412	258.35	1015.7	3561.4	3835.5	2419.7	100.97	262.48	4642.5	3517.8
PWY-5188: tetrapyrrole biosynthesis I (from glutamate)	6677.5	983.3	266.03	7064.6	5499.6	4932.3	4377	547.52	1061.6	3993.3	3833.6	4901.2	3531.5	194.31	879.67	3710.5	3831.3	4596.6	5218.2	575.13	572.71	1760.1	2155.2	349.07	1173.5	2952.7	3204.3	2122	229.29	281.21	4002.2	2730.8
HEME-BIOSYNTHESIS-II: heme b biosynthesis I (aerobic)	6736	1880.6	1696.9	5721.7	6357	3344.6	4516.6	695.92	1044.6	3286.8	3912.4	4590.4	3543.9	163.04	871.04	2967.9	3933.6	4315.2	4766.9	552.22	407.86	1446.3	2063.9	296.39	1019.4	2350.5	3279.6	2041.7	215.36	227.03	4092.5	2247.1
PWY1ZNC-1: assimilatory sulfate reduction IV	10596	1253.2	54.732	3330.8	5475.2	4608.1	6431.6	568.77	978.31	2247.9	3671.1	3625	5447.7	197.84	714.03	1869.2	3521.5	4296.7	6159.2	581.85	376.24	764.31	2956.3	375.12	939.29	1447.6	2910.8	3041.4	282.74	148.9	3430.8	1413.7
FASYN-ELONG-PWY: fatty acid elongation -- saturated	2391.2	3152.6	8136.6	204.92	3512.8	6646.9	5262.7	858.62	1439.5	545.46	3130.4	5026.4	2782.6	563.6	1842.8	997	3099.2	4678.8	8503.7	1722.2	1295.7	1404.5	2715	916.09	1348.5	383.28	2693.7	2648.2	631.79	947.97	2718.9	413.86
NONMEVIPP-PWY: methylerythritol phosphate pathway I	6354	779.04	268.2	6997	4860.6	3924.2	4151	820.94	456.87	3604.5	4006.6	3846.4	3790.6	91.46	419.96	3744.3	3893.2	3781.8	4891.2	518.72	310.4	1890.2	2385.2	227.32	705.5	2994.6	3234.5	2359.3	147.31	175.3	3804.8	3004.5
PWY-6823: molybdopterin biosynthesis	7053.2	848.21	355.29	6174.7	4949.6	3287.5	3999.2	417.87	849.56	2927	3523.1	2794.3	3628.7	717.68	640.72	2773	3603.9	3413.4	3929.6	811.75	394.51	6207.9	1992.6	574.12	933.95	2775.2	3138.8	2015.1	527.35	190.64	3349.3	3302.9
PWY-5840: superpathway of menaquinol-7 biosynthesis	6246.2	1223.1	603.77	6727.8	4527.3	3344.2	3288	927.48	1901.7	4926.1	3315.6	4478.4	3123.8	283.43	1705.7	3665.1	3148.8	3804	1274.9	732.66	825.91	2057.5	1854.6	522.94	1280.7	3262.8	2755.4	1865.1	353.19	957.08	3147.7	3214.8
PWY-7560: methylerythritol phosphate pathway II	6318.9	679.09	238.87	6874.5	4860.6	3494.7	4151	679.47	433.33	3604.5	4006.6	3846.4	3790.6	86.719	409.49	3744.3	3893.2	3781.8	4647.5	518.72	310.4	1890.2	2385.2	218.55	705.5	2994.6	3234.5	2359.3	133.73	175.3	3804.8	3004.5
PWY-5897: superpathway of menaquinol-11 biosynthesis	6224	1180	554.25	6625.1	4463.5	3272.8	3187.2	887.83	1829.2	4843.8	3243.8	4406	3031	270.39	1636.5	3568.7	3070.1	3726.4	1209.3	694.46	792.51	1971.1	1784.8	492.5	1263.8	3159.1	2669.2	1797.6	332.61	890.9	3063.5	3114.1
PWY-5899: superpathway of menaquinol-13 biosynthesis	6224	1180	554.25	6625.1	4463.5	3272.8	3187.2	887.83	1829.2	4843.8	3243.8	4406	3031	270.39	1636.5	3568.7	3070.1	3726.4	1209.3	694.46	792.51	1971.1	1784.8	492.5	1263.8	3159.1	2669.2	1797.6	332.61	890.9	3063.5	3114.1
PWY-5898: superpathway of menaquinol-12 biosynthesis	6224	1180	554.25	6625.1	4463.5	3272.8	3187.2	887.83	1829.2	4843.8	3243.8	4406	3031	270.39	1636.5	3568.7	3070.1	3726.4	1209.3	694.46	792.51	1971.1	1784.8	492.5	1263.8	3159.1	2669.2	1797.6	332.61	890.9	3063.5	3114.1
PWY-7237: myo-, chiro- and scyllo-inositol degradation	7684.4	449.89	604.34	6572.5	3645.1	3503.9	2789.8	279.26	702.2	3485.5	2750.4	4380.8	3338.6	1842.8	664.07	3069.2	2632.3	4018.4	1316.5	1444.1	546.62	3946.6	1793.6	2653.5	701.07	2525.6	2002.2	1843	2400.6	324.15	1539.4	3069.8
PWY-5918: superpathway of heme b biosynthesis from glutamate	6531.9	190.57	33.819	6452.3	5586	4143.5	3865.8	315.04	218.68	3674	3750.5	4738.1	3236.9	23.441	328.07	3337.8	3679.3	4400.5	5022.1	93.874	332.94	1596.8	1956	70.141	298.6	2649.9	3011.3	2007.7	74.079	190.72	3863.7	2473.2
HSERMETANA-PWY: L-methionine biosynthesis III	6498.2	2836.1	675.61	5689.9	4701.8	3131	3268.2	1626.6	1640.9	2785.2	3800.7	4103.7	3410.9	980.53	1489.2	2421.6	3481.9	3733	1147.2	853.71	778.67	1131.1	1839.3	727.76	1081.3	2159.8	2642.4	1852.7	720.17	838.13	3377.6	1844.8
PHOSLIPSYN-PWY: superpathway of phospholipid biosynthesis I (bacteria)	76.485	2316.5	3440.7	7230.2	1430.7	3497.8	3678.6	932.45	1559.1	2807	4085.1	1607.2	1596.1	221.67	1546.7	4340.1	4244.7	2089.5	5458	314.32	1045.2	3198.4	1702.6	342.65	1583	3531.6	3876.2	1590.5	158.58	462.54	3718.2	3505.3
PWY0-162: superpathway of pyrimidine ribonucleotides de novo biosynthesis	162.6	4146.5	4217	6050.3	1580.9	3879.1	3575.4	2544.5	2267	2845.9	2765	1709	1042.5	453.46	1737.6	4370.9	2873.2	1977.5	5824	947.1	1129.5	2790.5	724.16	1035	1983	3575.4	2647.2	721.6	631.63	496.96	2668.9	3744.2
PWY-6270: isoprene biosynthesis I	6163.4	648.05	223.5	6783.1	4777.3	3510.1	3986.7	670.57	402.54	3451.8	3731.8	3622.3	3374.4	79.827	380.67	3434.8	3581.9	3526.3	4643.6	479.36	247.44	1722.5	2188.6	202.82	650.53	2617.5	2893.9	2121.2	130.16	147.15	3466.3	2669.1
GLYCOLYSIS-E-D: superpathway of glycolysis and the Entner-Doudoroff pathway	585.18	276.13	4062.2	1600.7	2285.4	4636.8	2567.8	206.45	5369.1	3282.8	2457.3	3692.9	1331	76.063	5446.5	2516.3	2503.1	3777.9	1601.2	146.76	4294.4	1905.6	981.31	209.61	4773.3	2492.3	2198.9	975.23	170.39	4999.4	2055.9	2143.4
PWY-5837: 2-carboxy-1,4-naphthoquinol biosynthesis	6592.7	1196	257.63	7100.9	4952.8	2752	2763.7	807.59	1230.1	4694	3432.9	4013	2900.4	240.25	1085.7	3512.2	3133.1	3315.8	872.94	530.22	629.58	1617.7	1685	342.34	1122	2862.5	2471.1	1747.6	233.21	462.81	3093.7	2909.5
1CMET2-PWY: folate transformations III (E. coli)	1607.9	1623.8	159.81	192.24	4820.7	3843.4	3960.7	1592.9	1065.6	3549.5	4276.4	3939.2	2245.2	179.64	1034.7	2816.5	4236.3	3930.7	5417	309.56	771.96	1850.9	2252.5	439.29	1709.8	2175.6	4079.1	2119.1	189.81	456.96	4912.1	2175.1
P461-PWY: hexitol fermentation to lactate, formate, ethanol and acetate	6952.7	1888.8	840.2	3135	1789.5	3840.5	4135.1	1607	1364	3372.2	2039.1	3969.1	5321.2	438.22	1265.3	2553.7	1648.4	3438.4	1806.4	1863.1	1101	1176.9	3746.2	1065.4	1329.7	2298.5	1419.7	3831.9	784.59	735.08	1197.9	1876.1
PWY-5345: superpathway of L-methionine biosynthesis (by sulfhydrylation)	2304.3	2549.6	246.82	4418.7	5599.4	3506.9	2588.8	1369.3	1526.3	2888.6	4126.1	4531	1885	433.41	1275.7	2483	3889.4	4377.8	1061.7	898.94	738.7	1171.4	1915.9	668	1168.3	2031.3	3287.1	1898.9	519.55	423.52	4126.6	1903
FOLSYN-PWY: superpathway of tetrahydrofolate biosynthesis and salvage	2047.1	1124.3	157.28	2151.3	3696.2	3379.5	2017.7	673.4	3143.7	4232.4	3429.7	3009.6	1531.9	194.09	3200.9	3446.7	3360.6	3127	903.02	213.93	3693.6	1771.3	1469.2	214.29	3543.4	3049.6	2707.8	1479.7	146.54	1219.3	3349.8	2866.8
PYRIDNUCSYN-PWY: NAD de novo biosynthesis I (from aspartate)	6476.7	359.88	349.93	3291.8	5196.7	4198	3681.3	284.41	531.01	3185.3	3692.9	3297.5	3529.9	38.526	491.39	2506.5	3515.1	3577.1	4241	92.289	283.13	1329.5	2224.1	123.87	462.58	2109.5	3038	2234.7	60.884	176.53	3597.2	2075.4
P124-PWY: Bifidobacterium shunt	99.108	2560.3	3529.8	64.801	4723.1	35.907	965.1	1115.2	4470.6	3557.7	4035.6	2423.3	411.46	873.01	4329.2	1986.7	3981.4	2694.6	315.21	691.26	2369.9	1274	824.17	505.09	1689.6	1880.8	3988.4	725.89	695.57	3950.4	5240.8	1769.6
PWY-5189: tetrapyrrole biosynthesis II (from glycine)	5592.5	865.7	310.13	6288.5	4834.6	4631.3	2994.4	383.14	330.19	3412.7	3197.9	4664.1	2525.4	51.108	262.02	3088.9	3047.8	4413.1	1111.1	99.082	177.62	1408.7	1502.3	55.273	137.78	2418.2	2396.9	1584.4	39.706	109.55	3224	2152.6
FERMENTATION-PWY: mixed acid fermentation	2802.4	213.12	2362.3	2228.3	3135.9	3814.7	1007.9	132.65	5256	2485.3	2665.7	3251.9	914.17	111.56	5050.3	1766.7	2453.5	3529.8	460.85	126.5	3907.6	1251.7	835.62	186.14	4694.1	2127.5	1961.2	929.98	111.73	3586.4	2158	1771.9
PWY-5981: CDP-diacylglycerol biosynthesis III	5827.9	3001.7	1127	2502.6	3332.8	3199.9	3093.4	1215.5	2042.2	2743.4	2640.6	3032.9	3624.7	1277.5	1982	1811.3	2275.4	3060.9	1122.6	1047.9	1363.1	870.98	2051.6	958.48	1528.2	1503.6	1567.9	2130.5	990.41	1156	1495.8	1451.4
PWY-3781: aerobic respiration I (cytochrome c)	616.23	5042.2	6759.7	64.013	4070	521.47	6396.8	1804.2	994.91	1949.1	3531	1375.6	3933.9	129	1016.3	1967.9	2924.9	2087.1	2470.3	261.31	469.55	1934.4	3246.8	238.48	843.5	2891.1	1710.7	3044.6	159.26	326.72	2006.9	1537.5
PWY-7664: oleate biosynthesis IV (anaerobic)	240.73	2881.1	7547.6	9.5491	1748.2	6376.9	4481.4	628.58	1225.5	319.38	1791.7	4451.4	1681.4	88.87	1615.1	687.1	1847.4	3948.1	8157.9	320.77	1144.6	1171.2	1948	206.8	1193	186.97	1932.5	1753.3	171.8	834.36	2005.6	168.95
RUMP-PWY: formaldehyde oxidation I	2359.3	161.42	2143.5	1230.8	2465.1	3128.1	1898.9	365.49	3945.6	3867.4	1899.3	2813.4	1580.3	683.78	3789.6	2101.2	1724.1	2913.8	771.37	1341.9	2357.7	1623.5	1468.1	1014	2247.9	2173.6	1030.3	1385.6	1132.1	3321.5	837.03	2338.5
GALACTUROCAT-PWY: D-galacturonate degradation I	536.46	234.27	1726.7	1549.7	2691.9	3596.5	3208.2	406.34	1721.9	3336.5	2638	2416.8	4073.6	123.75	1652.1	2745.1	2721.8	2797.4	1486.5	223.33	1583.6	1145.8	2843.2	203.98	1161.5	2487	1832.1	3115.6	243.59	1871.5	2071.4	2191.9
PWY-6282: palmitoleate biosynthesis I (from (5Z)-dodec-5-enoate)	207.29	2541.6	8043.8	11.551	1557.4	6114.4	4095.4	541.58	1510.1	274.96	1581.7	4206	1468.9	76.226	1968.9	593.77	1628.4	3694.9	7685.6	275.64	1423.6	1002.9	1698.8	177.55	1477.6	185.78	1698.1	1526.2	147.45	1048.8	1765.3	153.07
POLYISOPRENSYN-PWY: polyisoprenoid biosynthesis (E. coli)	2118.1	428.36	799.4	2543.1	3073.2	3751.5	2407.1	469.68	2996.4	3219.5	1644.1	4122.6	1550.9	56.504	3186.2	2138.3	1764.4	3366.7	703.66	38.262	2235.4	1017	2034.3	45.854	3018.7	2213.4	994.65	1928	0	1841.6	1026.6	1630.5
PWY-5154: L-arginine biosynthesis III (via N-acetyl-L-citrulline)	5924.8	147.08	536.46	2080.9	2800.9	4076.8	3839.1	429.65	971.33	2075	2375.7	3248.7	3038.6	141.71	895.1	1743.3	2113.7	3307.3	4462.3	243.6	877.58	1266.6	1579	216.94	1295.9	1371.1	1702.7	1637.3	311.89	554.55	1613.1	1186
PWY0-862: (5Z)-dodecenoate biosynthesis I	206.9	2584.5	6883.2	8.1859	1524.5	6062.8	4090.5	542.88	1061.1	274.87	1571.5	4100.2	1470	76.249	1401.9	593.67	1619.5	3600	7841.9	275.96	990.6	1055.3	1704.8	177.67	1034	160.61	1695.2	1531.1	147.54	719.41	1755.4	145.09
PWY-6612: superpathway of tetrahydrofolate biosynthesis	1527.6	776.37	105.64	1618.5	3290	2907.1	1524.3	456.82	2383.3	3584.6	2897.2	2577.3	1095.8	130.15	2431.6	2749.7	2790.5	2783.8	633.61	143.53	2834.9	1337.5	1029.8	143.84	2698.3	2377	2132.1	1038.3	98.138	848.96	2732.7	2210
GLYCOGENSYNTH-PWY: glycogen biosynthesis I (from ADP-D-Glucose)	169.25	255.67	2610.6	1000.9	3184.8	2829.4	720.96	671.28	2995.7	3040	2704.7	2234.6	465.28	1841.9	2870.7	1733.7	2504.2	2384.3	244.39	1168.9	1315.2	1167.2	587.65	1962	1487.7	2055.4	2840.3	630.28	1724.6	2126.7	2958.2	1341.9
PWY-821: superpathway of sulfur amino acid biosynthesis (Saccharomyces cerevisiae)	2774	1967.9	127.78	3508.7	2696.4	1079.3	2643.2	1020.4	1327.7	2698.6	2915.3	4092.7	1852.5	369.71	1054.3	2347.6	2832.6	3359	787.81	807.04	590.06	1076	1478.1	581.42	944.37	1893.9	2178.3	1359.6	465.28	283.76	2560.1	1724.9
PWY-6353: purine nucleotides degradation II (aerobic)	437.08	253.16	52.59	2782.5	2499.2	3074	1276.2	282.94	1600.9	2610.8	3024.9	2890.4	845.05	155.97	1698	2775	2981	3131.7	487.71	140.08	1368.6	2468.6	778.25	250.19	2001.4	3992	2913.9	970.06	148.92	708.71	2476	3973.9
GLCMANNANAUT-PWY: superpathway of N-acetylglucosamine, N-acetylmannosamine and N-acetylneuraminate degradation	0	998.15	5865.1	42.774	88.113	345.05	559.34	411.92	6225.1	547.36	520.34	2078	114.84	386.4	6697.8	394.99	360.29	1000.6	157.08	967.3	7416.5	794	95.135	622.56	6667.8	1029.5	664.48	108.65	458.1	7617	656.39	854.02
PWY0-1297: superpathway of purine deoxyribonucleosides degradation	3092.4	131.48	826.52	2273.4	2725.5	5431.4	1147.4	76.091	2248	2924.3	1808.2	6586.5	2098.3	29.585	2329.3	1798.6	1413.8	5131.6	360.64	53.132	931	782.54	697.34	69.467	3201.4	1617.5	1160	632.24	31.759	664.84	706.41	1255.7
P164-PWY: purine nucleobases degradation I (anaerobic)	0	47.769	6977	89.982	0	624.74	0	44.153	6675.7	312.2	382.38	456.08	55.506	34.213	7127.9	293.11	422.18	889.99	0	34.1	8627.7	126.7	122.81	69.408	8865.2	359.99	641.92	128.62	41.098	8913.8	502.72	242.76
PWY-6531: mannitol cycle	143.39	2131.2	2904.5	133.88	807.37	541.29	1600	941.01	1189.4	1917.1	1307.9	113.53	1340	3857.8	1029.2	1944.5	1514.1	186.62	757.98	2678.6	1489.5	2211.5	1600.4	3796.4	764.83	2848.3	1984.5	1541.5	3643.2	1402.3	1779.8	2754.2
PWY-5367: petroselinate biosynthesis	10.852	0	8580.1	43.388	131.62	369.44	75.719	21.04	7305.7	99.439	273.69	167.49	51.853	21.989	7548	95.026	216.67	626.57	8.6495	0	8698.3	79.467	86.228	21.039	7962.7	181.67	267.81	83.301	7.7634	9332.2	218.72	115.17
PWY-8173: anteiso-branched-chain fatty acid biosynthesis	4431.2	0	0	1008.6	5593.9	3997.7	1234.4	114.91	206.13	1195.5	4692.9	3813.5	2032.6	0	163.04	1288.9	4391.8	4441.6	728.57	0	38.585	603.34	1747.7	0	0	1122.7	2835.3	1748.6	0	0	2681.8	1132.1
PWY-8174: odd iso-branched-chain fatty acid biosynthesis	4431.2	0	0	1008.6	5593.9	3997.7	1234.4	114.91	206.13	1195.5	4692.9	3813.5	2032.6	0	163.04	1288.9	4391.8	4441.6	728.57	0	38.585	603.34	1747.7	0	0	1122.7	2835.3	1748.6	0	0	2681.8	1132.1
PWY-8175: even iso-branched-chain fatty acid biosynthesis	4431.2	0	0	1008.6	5593.9	3997.7	1234.4	114.91	206.13	1195.5	4692.9	3813.5	2032.6	0	163.04	1288.9	4391.8	4441.6	728.57	0	38.585	603.34	1747.7	0	0	1122.7	2835.3	1748.6	0	0	2681.8	1132.1
PWY-6606: guanosine nucleotides degradation II	252.62	96.656	2189.2	1701	1395.6	2429.8	561.98	197.23	3132.3	2399.3	1695.9	1783.7	364.6	1622.2	3210.2	1784.5	1594.7	2008.7	185.04	127.42	3668	1164.6	332.52	214.06	2696.6	2224.3	1466.5	424.85	2456.7	3257.5	1303.8	2149.6
PWY-5971: palmitate biosynthesis (type II fatty acid synthase)	254.57	0	2572	13.263	1951.6	5870.7	3136.1	653.61	1606.9	421.4	2155.4	3933.1	1556.8	115.88	2070.3	852.72	2174.9	4334.7	998.29	328.12	1516.6	1300.9	1982.6	254.56	1547.2	255.41	2311.7	1820.3	190.21	1105.2	2350.4	229.55
PWY-5989: stearate biosynthesis II (bacteria and plants)	207.22	547.72	6502.3	64.914	1559.4	5869.4	3867.5	381.39	1041	273.08	1553.2	4093.9	1428.2	63.081	1369.9	584.96	1600.3	3670.7	3818.3	161.4	984.21	918.34	1620.8	139.3	1021.4	268.15	1637.2	1459	108.64	713.61	1723.3	170.91
PWY-6922: L-N&delta;-acetylornithine biosynthesis	730.87	2314.7	3218.7	51.016	5523	4060.8	2078.2	1140	935.05	412.32	3419.6	2818.5	1325.8	140.14	905.19	498.84	3319.4	3302.9	1574	392.03	400.13	467.92	1456.8	290.32	246.55	240.15	2515.1	1364.2	76.377	336.42	3206.3	244.63
PWY-6545: pyrimidine deoxyribonucleotides de novo biosynthesis III	1315.7	2307.5	3685.7	2262.1	1033.5	1993.6	738.99	405.78	848.5	4113.9	1964.7	2292	815.05	0	992.29	3111.7	1892.3	2584.3	1061.8	130.39	469.44	1616.5	1267.8	171	1580.5	3050.1	1164.3	995.95	109.59	308.59	1226.4	2970.8
ASPASN-PWY: superpathway of L-aspartate and L-asparagine biosynthesis	426.25	237.96	9437.2	53.222	3354.7	2275.7	960.97	254.29	2762.7	559.83	2149.1	4272.8	684.65	308.97	2672.4	335.01	1906.5	3443.7	348.41	491.76	1552.8	135.42	839.6	372.93	1835.6	162.52	1328	843.17	310.14	2424.6	1311	261.66
PWY-5121: superpathway of geranylgeranyl diphosphate biosynthesis II (via MEP)	3018.8	437.3	283.13	2967.8	3311.4	3352.5	2474.6	407.21	558.62	2663	2292.4	3545.4	1674.2	47.89	519.18	2020.5	2061.8	3124.4	930.97	49.124	395.19	944.14	1610	52.552	776.14	1854	1163.6	1550.4	0	227.41	1212.7	1523.5
PWY-5005: biotin biosynthesis II	7521.4	23.661	0	2209.3	2728.3	3363.2	3238.3	84.81	35.117	2182.6	2039.6	2729	3773.3	26.618	28.046	1520.5	1974.1	2962.9	1321.5	34.539	0	615.74	1956.3	29.968	0	1216.8	993.94	2136.8	0	12.965	1041.6	1104.7
PWY-7242: D-fructuronate degradation	203.48	188.46	1829.4	1712.6	2286.8	3398.3	764.72	327.13	2263.5	3435	1563.8	2372.1	742.13	99.236	2242.8	2312.6	1502.4	2493.1	1716.5	179.48	2498.4	1034.1	1003.2	163.91	1595.8	1949.7	811.77	922.27	195.92	2214.7	1190.9	1686.8
PWY-7282: 4-amino-2-methyl-5-diphosphomethylpyrimidine biosynthesis II	0	149.34	1974.2	1403	93.059	1651.8	2308.4	127.38	3088.7	3757.3	1262.4	1938	1059.3	0	2883.5	2162.3	1310.9	2269.3	1155.9	121.16	1525.9	3186.2	594.16	75.857	1782.7	2683.8	1597.4	553.39	69.884	2370.4	990.57	2503.4
GLYOXYLATE-BYPASS: glyoxylate cycle	1982.2	70.966	41.47	5665.1	3916.1	139.44	2795.9	70.954	128.63	1523.8	2805.5	1647.1	1558.1	10.629	86.338	2239.2	2894.5	1907.8	1664	40.096	260.29	1050.1	1238	19.481	235.78	1681.2	2488.2	1154.1	29.83	124.06	3271	1772.1
P125-PWY: superpathway of (R,R)-butanediol biosynthesis	2226.3	0	1494.5	139.39	3102.4	1255.2	1340.4	0	1883.6	2187.3	2856.1	3258.5	1387.8	5.0888	1863.3	1385	2903.5	2899.5	534.72	0	868.01	747.35	1229.3	0	666.58	1231	2289.6	1142.4	0	1807.1	2389.6	1269.6
THISYNARA-PWY: superpathway of thiamine diphosphate biosynthesis III (eukaryotes)	1106.1	402.89	354.67	2612.8	2851.1	550.72	1380.2	150.16	1093.3	2971.5	2213	2514.2	960.78	252.49	1070.6	2034.3	2187.6	2381	775.35	614.88	689.62	1562.2	1132.6	700.19	2089.5	1928.1	1793.9	1055.2	463.98	298.62	1747.6	1688.6
PWY-6292: superpathway of L-cysteine biosynthesis (mammalian)	1099.5	1636.6	3016.9	2349	3934.1	2965.3	1095.9	561.73	888.46	2111.1	1838.7	2080.4	692.66	36.153	829.05	2351.5	1788.4	1603	284.15	92.977	147.95	949.72	754.32	52.911	1080.6	1929.5	1663.1	656.52	32.388	138.26	2399	1912.9
THISYN-PWY: superpathway of thiamine diphosphate biosynthesis I	4447.4	268.79	0	2108.6	2602.8	3710.9	2146.2	305.92	406.78	2761.9	1837.3	2809	1356.8	54.192	407.91	1889.2	1787.9	3083.7	747.96	95.295	418.92	1065.3	966.98	193.7	779.28	1567.7	1185.6	1021.5	111.63	162.58	1086.6	1393.2
PWY-5838: superpathway of menaquinol-8 biosynthesis I	1439.9	138.99	100.76	4156.4	2249.9	3216	1546.8	246.79	262.29	3687.8	1995.8	3739	1135.1	85.707	187.96	2654.4	1738.9	3241.3	374.96	60.454	497.85	1245.1	506.98	176.84	505.38	2363.2	969.4	592.43	0	248.57	1056.4	2026.7
PWY-5850: superpathway of menaquinol-6 biosynthesis	1439.9	138.99	100.76	4156.4	2249.9	3216	1546.8	246.79	32.501	3687.8	1995.8	3526.2	1135.1	85.707	187.96	2654.4	1738.9	3241.3	374.96	60.454	337.76	1245.1	506.98	176.84	68.413	2363.2	967.9	592.43	0	192.56	1056.4	2026.7
PWY-5845: superpathway of menaquinol-9 biosynthesis	1439.9	138.99	100.76	4156.4	2249.9	3216	1546.8	246.79	0	3687.8	1995.8	3526.2	1135.1	85.707	187.96	2654.4	1738.9	3241.3	374.96	60.454	337.76	1245.1	506.98	176.84	68.413	2363.2	967.9	592.43	0	192.56	1056.4	2026.7
PWY-5896: superpathway of menaquinol-10 biosynthesis	1439.9	138.99	100.76	4156.4	2249.9	3216	1546.8	246.79	0	3687.8	1995.8	3526.2	1135.1	85.707	187.96	2654.4	1738.9	3241.3	374.96	60.454	337.76	1245.1	506.98	176.84	68.413	2363.2	967.9	592.43	0	192.56	1056.4	2026.7
PWY0-1477: ethanolamine utilization	2435.7	107.67	577.8	1731.6	2208.6	4971.5	793.48	464.41	833.63	2240.4	1311	6520.3	1433.1	26.974	782.29	1258.2	1000.4	5402.5	234.69	78.984	651.95	530.78	456.08	124.18	904.14	1112.6	799.44	414.49	63.152	414.62	482.48	858.35
PWY-6507: 4-deoxy-L-threo-hex-4-enopyranuronate degradation	203.77	188.6	1566.7	1432.3	2334.2	3055.1	752.14	327.07	1897.8	3259.4	1524.6	2128	738.22	114.58	1747.5	2253.2	1461.3	2203.4	327.32	179.52	1397.4	1005.2	999.66	163.97	1350.2	1922.2	803.86	919.76	196.01	1641.9	1181	1674.2
KETOGLUCONMET-PWY: ketogluconate metabolism	0	494.02	4418.8	24.45	766.7	291.74	148.11	389.86	4675.6	275.34	712.28	834.2	191.4	257.18	5177.9	329.03	651.23	990.03	179.58	233.14	5272.6	522.29	257.73	418	4007.9	935.73	867.09	243.07	219.48	5571.6	759.85	715.02
PWY-7391: isoprene biosynthesis II (engineered)	88.579	1886.1	5963.2	0	1346.9	199.37	512.27	650.18	1011.2	111.78	121.28	468.03	175.58	3566.3	999.78	81.801	294.76	720.77	256.44	2156.6	264.51	5916.4	263.51	3273.7	235.75	1868.5	2238	194.1	3009.6	304.53	713.87	1929.8
P161-PWY: acetylene degradation (anaerobic)	2435.7	85.805	577.8	1731.6	2208.6	4971.5	793.48	49.973	833.63	2240.4	1311	6520.3	1433.1	19.684	782.29	1258.2	1000.4	5402.5	234.69	35.245	651.95	530.78	456.08	46.109	884.73	1112.6	799.44	414.49	21.119	414.62	482.48	858.35
PWY-7392: taxadiene biosynthesis (engineered)	2696.7	331.24	247.19	2443.2	2921.2	3183.2	2125.3	339.33	494.98	2387	1590.2	3437.1	1337.7	39.959	469.96	1703.2	1585.1	2949.5	702.69	36.552	319.03	772.99	1393.2	40.49	725.15	1597.4	892.35	1335.2	0	191.08	936.84	1271.8
P122-PWY: heterolactic fermentation	160.63	195.31	1429	495.2	2767.9	2005.5	848.07	155.99	2042	2842.4	2319.1	2691.1	522.83	74.751	1946.9	1578.9	2162.2	2607	278.72	125.68	1390.5	1076.1	700.74	153.4	1476.3	1663.7	1878.8	620.02	79.078	1214.2	1427	1473.9
PWY66-409: superpathway of purine nucleotide salvage	0	322.37	1402.5	121.2	158.68	44.064	148.42	155.75	4212.4	3927.9	1830.4	253.11	98.933	0	4256.5	2863.2	1318.8	484.16	39.125	76.192	2104.7	1397.9	89.25	182.73	5098.8	2350.5	1556.9	113.58	46.869	1636.2	1491.5	2522.7
PWY-6168: flavin biosynthesis III (fungi)	0	0	0	40.641	4422.2	1453.8	1504.2	0	220.54	1010.3	3634.8	4250.5	2453.4	0	102.61	1064.7	3500.4	3748.2	1038	0	449.39	311.62	1676.9	0	177.95	462.95	2598.9	1937.9	0	216.14	2871.6	555.67
PWY-6895: superpathway of thiamine diphosphate biosynthesis II	3791.5	142.05	0	1962.9	2456.1	3602.4	1733.1	129.56	342.98	2573	1715.5	2673.3	1136.1	21.648	352.38	1732.6	1645.6	2941.8	529.33	61.766	377.06	942.65	782.31	52.944	666.63	1451.8	1064	836.79	17.904	147.63	975.39	1277.3
PWY-6902: chitin degradation II (Vibrio)	197.67	30.192	2158.7	4252.3	882.52	3857.7	503.11	27.558	1113.9	2185.9	1024.3	2818.9	300.07	55.514	1230.9	2353.1	1073	2767.1	134.31	7.4566	907.78	1346.3	260.48	26.482	1194.3	2286.5	859.48	285.51	36.843	605.7	869.15	2017.4
PWY-7117: C4 photosynthetic carbon assimilation cycle, PEPCK type	34.823	2644.6	0	88.556	3556.9	2626.8	1364.5	936.93	727.16	846.55	2482.5	2719.9	519.56	531	695.41	596.69	2315.1	2838.4	1398.4	665.99	420	466.75	582.69	530.82	775.82	286.23	2308.2	532.6	514.35	343.7	2767	415.27
FAO-PWY: fatty acid &beta;-oxidation I (generic)	0	292.96	0	0	2833.6	3717.2	3364.5	216.13	21.845	331.69	2744.8	3199.8	1109.6	28.936	39.674	1083.8	2463.5	4323.4	4416.2	62.065	233.18	957.04	677.23	79.571	117.12	444.51	1940.1	491.56	50.2	109.81	1542.7	583.16
P441-PWY: superpathway of N-acetylneuraminate degradation	0	266.1	1848.2	135.82	275.75	976.58	1190.5	160.76	3093.6	1324.8	1203.2	3236.3	354.21	116.49	2875.4	925.81	887.69	2084.2	371.23	127.64	2773.1	1179.8	276.43	162.18	2966.6	1744.8	1284.8	308.54	80.545	2342.1	1062.8	1472.1
PWY-6859: all-trans-farnesol biosynthesis	1575.4	217.09	415.99	1502.2	2068.9	2838.9	1458.2	237.74	1741.2	1933.9	914.15	3289.1	835.91	28.296	1868.7	1171.4	980.1	2497.2	374.16	19.15	1225.4	529.66	1089.7	22.957	1747.2	1207.2	522.59	1029.8	0	989.26	540.73	866.13
P101-PWY: ectoine biosynthesis	10.421	41.134	15.251	6556.6	282.87	75.773	2010.2	66.95	577.18	2982.6	1332.9	51.601	580.39	0	499.36	3166.4	1584.3	175.07	4274.9	8.2268	222.38	1687.6	386.9	0	975.64	2548.4	1043.3	304.43	8.749	233.7	1110.3	2628.8
DAPLYSINESYN-PWY: L-lysine biosynthesis I	229.04	415.11	0	76.354	351.18	3845.5	3089	327.23	68.674	2280.1	1345.8	1597.1	942.97	16.667	101.2	1906.5	1398.5	1965.6	6033.3	71.116	433.17	1717.5	529.86	122.47	229.65	1297.9	1425.2	474.86	55.777	137.64	1116.6	1263.5
PWY-8131: 5'-deoxyadenosine degradation II	5678.3	150.61	75.758	1203.6	2565.6	2551.6	2075.8	80.444	19.619	1515.1	1856.2	2096	2633.6	0	17.32	933.96	1539.4	2158.8	710.94	12.801	0	373.37	1348	30.207	0	860.65	1078.9	1407	11.045	14.485	1064.7	739.52
PWY-5913: partial TCA cycle (obligate autotrophs)	24.141	1571.9	0	51.278	3045.2	1433.9	1898.8	893.18	562.04	816.88	2444.5	1778.8	639.76	255.75	518.12	515.03	2294	2146.6	3994	389.57	312.13	463.4	607.36	307.49	755.99	235.7	2199.8	531.47	268.58	207.9	2730.6	327.76
PWY-7115: C4 photosynthetic carbon assimilation cycle, NAD-ME type	96.609	3160.2	620.79	75.157	574.44	2039.4	1349.5	1246	1126	787	2546	762.16	807	481.86	987.3	549.01	2460.8	1103.4	676.01	850.03	811.59	272.04	1019.4	646.52	756.36	273.06	2767.7	954.5	509.44	531.87	2956	423.99
PWY-5861: superpathway of demethylmenaquinol-8 biosynthesis I	1035.8	94.335	68.731	3450.9	1814.6	2577.8	1163.1	172.45	180.44	3091.8	1624.8	3166.1	845.21	57.562	128.32	2210.8	1384.6	2702	256.23	40.632	370.81	877.37	368.75	119.95	372.52	1901.3	704.33	440.6	0	171.96	782.96	1586.6
PWY-6892: thiazole component of thiamine diphosphate biosynthesis I	2001	442.14	0	2232.9	2209.1	4464.5	789.9	954.88	208.31	2243.4	1640.5	2545.8	416.29	137.69	243.6	1528.2	1405.6	2876.9	177.11	223.49	348.7	648.5	363.33	260.61	416.05	1368.3	793.83	405.67	294.55	154.76	742.68	1127.5
PWY-5860: superpathway of demethylmenaquinol-6 biosynthesis I	1035.8	94.335	68.731	3450.9	1814.6	2577.8	1163.1	172.45	21.751	3091.8	1624.8	2940.7	845.21	57.562	128.32	2210.8	1384.6	2702	256.23	40.632	242.43	877.37	368.75	119.95	46.207	1901.3	703.14	440.6	0	132.09	782.96	1586.6
PWY-5862: superpathway of demethylmenaquinol-9 biosynthesis	1035.8	94.335	68.731	3450.9	1814.6	2577.8	1163.1	172.45	0	3091.8	1624.8	2940.7	845.21	57.562	128.32	2210.8	1384.6	2702	256.23	40.632	242.43	877.37	368.75	119.95	46.207	1901.3	703.14	440.6	0	132.09	782.96	1586.6
PWY-5910: superpathway of geranylgeranyldiphosphate biosynthesis I (via mevalonate)	154.96	560.93	947.6	45.928	2466.4	604.77	926.33	380.69	2145.3	493.63	1192	2808.4	428.87	69.857	2302.1	380.26	1209	2137.3	345.34	47.201	1790.3	1164.1	714.85	56.758	1723.1	1514.8	1042.6	679.87	0	1509	799.77	1278.7
PWY-6305: superpathway of putrescine biosynthesis	194.19	311.71	64.043	49.831	3343.4	2807	2514.1	445.86	352.49	212.06	2329.1	1734.8	1013.3	127.2	334.12	521.38	2308.7	2131.9	2788.1	188.67	435.03	598.58	875.5	190.14	314.51	156.99	1798.3	781.8	140.45	135.62	1970.5	180.94
PWY-7328: superpathway of UDP-glucose-derived O-antigen building blocks biosynthesis	1397.9	0	4430.4	76.946	1511.5	89.667	1458.7	85.635	2455.7	241.84	804.55	1161.6	1332	45.057	2402.8	311.23	1014.7	1197.7	610.37	28.28	1828.4	136.07	1340	99.452	2351	330.32	553.79	1334.3	68.32	1537.8	750.51	208.61
MET-SAM-PWY: superpathway of S-adenosyl-L-methionine biosynthesis	904.4	173.07	0	140.6	1721.8	3336	3420	122.21	86.745	126.17	1717.5	1858.2	1272.2	0	90.403	534.45	1330.8	1932.4	4899.5	47.996	456.23	1211.7	728.62	53.244	333.19	91.668	1267.1	693.28	27.571	150.56	1023.5	78.436
PWY-561: superpathway of glyoxylate cycle and fatty acid degradation	0	75.357	0	77.06	3585.2	122.95	604.5	0	215.38	2019.7	2886.1	1601.5	866.4	0	162.94	1831.5	2795.7	2173.3	459.18	0	190.52	743.77	804.34	0	269.66	1379.9	1957.8	872.72	21.883	121.69	2233.5	1464.7
PWY-6519: 8-amino-7-oxononanoate biosynthesis I	39.793	212.19	0	10.002	766.24	1797.7	2991.8	244.99	565.2	323.7	1589.8	1699.4	832.14	0	431.07	692.58	1645.4	1969.7	6318.8	50.46	383.92	1048.4	577.67	46.718	501.59	193.26	1689.1	549.08	55.601	237.51	1751.1	174.85
PWY-6607: guanosine nucleotides degradation I	172.29	0	19.815	1267.7	694.8	2259.9	332.57	197.23	987.06	1759.9	658.8	1565.6	248.6	1622.2	1084.8	1502.4	600.08	1955.3	116.07	127.42	886.86	1164.6	212.29	214.06	1448.9	1882.5	472.39	266.84	2456.7	422.85	432.48	1654.5
HISDEG-PWY: L-histidine degradation I	5.7467	732.98	137.81	5773.7	889.67	924.92	337.29	289.38	997.78	1382.9	1550.3	737.99	115.79	159.15	745.37	1908.5	1546.2	1049.6	118.52	499.49	307.53	699.56	144	282.39	789.98	1467	1363.9	151.73	193.91	125.4	1443	1564.6
HEMESYN2-PWY: heme b biosynthesis II (oxygen-independent)	893.87	57.043	0	1622.5	686.53	3842.4	1985.4	80.01	29.691	1717.5	834.05	2206.3	670.91	11.521	78.795	1136.9	729.83	2284.6	4406.8	30.998	231.33	693.39	354.06	35.852	182.85	978.71	652.6	332.89	24.896	82.873	615.33	749.8
METSYN-PWY: superpathway of L-homoserine and L-methionine biosynthesis	811.86	154.97	0	123.64	1569.1	3143.6	3364.6	108.42	77.15	110.73	1570.7	1752.9	1158.8	0	80.466	472.09	1204.2	1816.3	4845.7	43.476	444.05	1080.1	656.4	47.706	300.59	80.354	1141	624	24.944	140.72	914.94	68.746
PWY0-1261: anhydromuropeptides recycling I	0	153.37	35.938	27.271	156.51	3377.3	2174.9	91.865	791.42	1774.8	803.83	1197.7	670.45	0	906.83	1231.6	878.76	1540.3	4185.2	36.935	550.45	750.73	352.69	56.995	1383.1	777.81	1282.9	319.2	32.362	275.12	1050.1	747.39
BIOTIN-BIOSYNTHESIS-PWY: biotin biosynthesis I	50.56	240.64	0	12.714	913.68	2020.8	2992.2	257.42	531.94	395	1698.5	1863.3	981.72	0	415.57	780.4	1734.5	2130.2	3277.6	61.187	348.61	930.8	665.42	55.741	488.03	234.88	1650.6	637.12	65.677	191.82	1726.9	212.63
GLYCOLYSIS-TCA-GLYOX-BYPASS: superpathway of glycolysis, pyruvate dehydrogenase, TCA, and glyoxylate bypass	777.25	112.03	0	125.72	2729.9	202.1	892.77	0	122.8	750.19	2535.9	2063.9	1090.1	0	119.72	1377.7	2485.5	2601.4	699.43	0	94.529	957.77	911.45	0	10.829	747.09	1850.1	940.27	0	38.265	1824.7	796.54
PWY-6969: TCA cycle V (2-oxoglutarate synthase)	0	170.38	0	51.651	2989.4	100.76	424.45	131.66	595.85	2159.4	2546.6	1390.5	659.99	25.71	489.83	1588.3	2394.7	1975.7	317.06	55.935	174.36	615.49	608.54	91.076	577.95	1178	1573.2	680.58	50.757	113.36	1735.8	1255.1
PWY-7211: superpathway of pyrimidine deoxyribonucleotides de novo biosynthesis	181.54	3346	4522.6	0	918.72	312.27	572.02	1309.6	1352.3	563.59	955.54	614.5	169.67	309.61	1248	268.68	842.44	1097.5	173.12	476.72	763.39	136.63	362.17	348.61	1032.3	122.24	1547.7	344.18	200.89	465.99	1866.6	279.98
PWY-7388: octanoyl-[acyl-carrier protein] biosynthesis (mitochondria, yeast)	366.82	192.79	178.16	14.729	1168.9	430.59	3495	570.93	873.91	238.34	598.22	3414	1944.4	35.214	1153.3	240.25	683.81	1976.6	1876.7	72.832	765.89	94.832	1754.7	137.36	545.9	124.67	448.23	1635.5	75.335	599.79	524.64	137.66
PWY-6284: superpathway of unsaturated fatty acids biosynthesis (E. coli)	33.5	0	8115.5	12.832	383.94	1469.9	355.1	83.016	1650	213.65	753.47	685.36	230.73	51.121	2140.1	310.32	714.42	1818.8	43.069	0	1558.7	320.2	340.56	65.921	1615.2	205.98	796.49	324.31	23.975	1153.5	671.53	169.79
ARG+POLYAMINE-SYN: superpathway of arginine and polyamine biosynthesis	440.14	265.16	61.39	379.7	1684.5	340.37	417.51	265.13	381.27	1146.1	2648.7	635.57	485.14	0	389.05	2031.7	2632.5	903.99	266.94	43.431	441.34	1589.5	508.5	41.16	589.47	916.64	2152.4	551.68	22.852	242.28	2226.2	1012.1
PWY-2942: L-lysine biosynthesis III	0	0	73.922	30.798	506.6	0	0	0	630.78	643.75	510.42	0	0	1639.5	530.84	147.51	1010.5	20.085	442.58	742.37	178.4	8312.8	107.68	1491.4	693.27	1395.7	681.49	35.292	624.65	196.16	458.65	4479.7
PWY-5920: superpathway of heme b biosynthesis from glycine	31.266	156.88	27.857	32.921	1720.9	3416.3	2628.4	256.22	164.37	155.51	1718.7	1738.8	996.15	17.814	233.18	666.85	1723.8	2239.3	1801.2	66.043	217.65	800.1	646.63	46.961	149.68	69.3	1489.5	597.76	46.508	133.29	1458.4	123.82
P562-PWY: myo-inositol degradation I	2560.6	22.778	151.73	1327.1	1928.1	2553.7	631.51	24.694	283.5	1480.2	1148.5	3107.8	633.36	0	288.41	998.26	1061	2571.8	350.51	29.086	201.22	386.53	438.34	17.943	260.21	823.85	516.43	409.05	0	134.1	468.59	690.19
PWY-6595: superpathway of guanosine nucleotides degradation (plants)	191.99	0	29.673	1363.7	639.29	2296.5	289.14	113.55	1368.8	1901.5	619.86	1450.4	213.65	83.207	1499.7	1503.4	561.52	1773.5	96.571	55.184	1254.9	925.58	184.39	97.258	1975.6	1657.5	441.7	233.99	80.489	617.6	410.79	1459.8
P185-PWY: formaldehyde assimilation III (dihydroxyacetone cycle)	0	91.931	317.98	56.146	12.211	91.645	0	26.175	622.85	150.27	347.69	52.404	0	1141.2	752.96	210.04	875.56	159.36	565.69	1081	681.57	2325.6	117.71	1119.9	546.39	3083.7	3170.4	98.953	1466.4	410.11	1638.6	3193.8
PWY-6891: thiazole component of thiamine diphosphate biosynthesis II	1440.4	220.55	0	1603.1	1762.2	3862	549.08	242.65	141.1	1727.9	1245.7	2069.6	320.71	42.446	0	1118.9	1049	2348.5	118.95	0	0	464.55	251.7	153.87	0	1014.8	574.18	282.05	0	0	534.38	824.76
PWY-6285: superpathway of fatty acids biosynthesis (E. coli)	0	0	643.42	0	101.39	2425.9	666.91	153.12	1630.6	0	1164.4	1217.1	421.12	58.054	1963.9	476.49	1121.4	2652.7	85.676	0	1606	538.02	608.56	109.44	1517	0	1234	576.45	44.421	1124.9	1089.1	0
PWY-7858: (5Z)-dodecenoate biosynthesis II	0	164.12	0	0	8.1561	3548	2780.1	81.994	498.05	8.9819	457.97	1117	759.01	0	507.64	325.23	691.33	1720.5	6518.3	21.671	233.43	696.28	397.85	42.442	738.52	0	572.11	358.96	0	146.17	445.08	0
PWY0-1479: tRNA processing	0	248.23	0	0	111.44	2667.9	2730.3	119.89	88.522	0	951.72	1216.5	829.66	6.1028	104.11	428.07	947.91	1508.9	5867.4	103.11	371.39	883.42	482.09	86.806	363.94	0	1094.4	388.18	42.079	231.97	916.6	0
TCA-GLYOX-BYPASS: superpathway of glyoxylate bypass and TCA	753.91	64.548	0	64.408	3098.4	102.94	510.96	0	139.86	415.6	2538.5	1397.5	739.49	0	83.716	898.77	2442.2	1905.8	404.48	0	171.14	668.1	674.52	0	234.74	432.18	1682.3	735.72	18.832	109.37	1903.2	478.7
METHGLYUT-PWY: superpathway of methylglyoxal degradation	0	0	1173.1	88.59	1305	200.5	78.097	16.061	2124.3	563.44	912.48	2680.8	128.92	164.66	2322.6	477.46	847.68	1959.6	37.084	72.619	1439.6	269.3	175.08	128.42	1133.5	485.85	626.1	199.91	113.15	1903.6	601.96	338.47
PWY-801: homocysteine and cysteine interconversion	881.31	1573	1631.3	53.455	3371.3	470.28	936.24	540.65	198.97	91.818	1624.7	1086.2	556.54	27.638	217.21	54.197	1584.1	1190.4	238.23	74.386	111.4	18.945	655.81	41.095	57.464	34.791	1593.3	559.43	22.221	104.06	2369.6	35.063
PWY-5347: superpathway of L-methionine biosynthesis (transsulfuration)	640.33	176.4	0	77.356	1698.5	2842.5	1940.8	122.27	87.374	120.24	1650.9	1908.7	983.52	0	91.166	392.47	1279.9	1918.7	879.51	48.915	471.45	248.8	657.43	53.327	329.32	80.817	1208.6	626.85	28.018	156.19	1001.6	73.398
TCA: TCA cycle I (prokaryotic)	660.81	66.546	0	51.651	2989.4	100.76	424.45	0	153.84	354.46	2546.6	1390.5	659.99	0	134.37	786.95	2394.7	1975.7	329.68	0	166.22	615.49	608.54	0	249.58	365.88	1573.2	680.58	18.373	113.36	1735.8	406.28
PWY-6396: superpathway of 2,3-butanediol biosynthesis	1818.9	0	32.428	300.15	1012.6	1789.7	1150.9	0	334.58	1670	635.01	2245.8	995.38	8.2105	349.92	1026.2	647.65	2049.8	237.38	0	392.13	370.08	793.24	0	195.67	918.94	327.87	715.26	0	367.96	373.22	763.2
P105-PWY: TCA cycle IV (2-oxoglutarate decarboxylase)	0	63.793	0	51.449	2566.8	100.48	415.61	0	154.77	1860.2	2014.5	1303.1	645.78	0	135.28	1285.8	1810.2	1796.6	307.5	0	169.69	518.23	575.88	0	252.15	999.07	1220.2	645.65	17.777	115.9	1293.3	1007.4
HEME-BIOSYNTHESIS-II-1: heme b biosynthesis V (aerobic)	0	84.163	0	16.505	1023.2	2971	2108.2	43.065	55.57	79.578	1136.6	1059.5	603.95	5.3364	72.295	374.21	1152.3	1484.5	4741.6	29.555	214.28	561.71	399.44	26.949	134.58	35.154	1019.9	360.98	19.739	136.09	906.47	63.7
PWY-5265: peptidoglycan biosynthesis II (staphylococci)	0	1733.4	0	0	0	0	1743.2	767.85	2827.7	176.18	165.77	0	366.25	1014.4	2080	0	295.17	0	640.61	1413.7	1419.2	0	604.68	1399.8	1929.1	0	66.242	655.43	1133.1	371.3	46.783	0
PWY-241: C4 photosynthetic carbon assimilation cycle, NADP-ME type	29.593	415.07	0	114.56	1255.2	254.92	1203.8	257.48	643.97	750.92	1282.2	1357.6	466.26	238.26	597.99	615.78	1432.4	1594.7	827.94	351.78	373.85	633.05	470.4	323.2	741.62	299.2	1387.9	419.91	278.32	255.18	1402.8	415.85
PWY-5723: Rubisco shunt	0	202.99	0	0	1503.9	0	2934.1	50.539	59.619	112.5	1363.5	338.95	916.35	0	127.42	417.5	1259.6	593.56	6605.9	56.669	369.94	882.07	453.64	33.495	247.72	63.225	746.47	397.87	35.923	114.46	703.55	68.591
PWY-5022: 4-aminobutanoate degradation V	0	2061.5	0	1636.3	0	0	1962.1	1182.3	0	1816	0	0	911.67	0	0	1745.7	0	0	2949.7	360.46	0	849.54	853.01	329.8	0	1536.9	0	879.33	0	0	0	1403.1
PWY-7942: 5-oxo-L-proline metabolism	123.71	1581.4	59.925	0	700.15	788.65	2717.9	234.67	417.7	94.159	473.47	1117.3	965.31	29.582	396.79	421.52	633.11	1379.1	4185	112.33	295.1	838.06	603.39	112.44	280.52	59.13	665.22	448.16	49.312	121.84	427.87	21.225
P42-PWY: incomplete reductive TCA cycle	13.829	146.65	59.516	2625.9	328.12	135.27	491.87	109.39	1049.6	2127.8	1212.8	72.489	141.67	61.863	810.4	1874.6	1000.3	73.922	123.48	70.623	562.48	780.24	173.97	104.97	759.91	1682.2	865.64	232.14	62.146	281.73	833.53	1357.1
HOMOSER-METSYN-PWY: L-methionine biosynthesis I	483.75	89.461	0	71.081	990.57	2373	2459.6	62.588	44.561	63.753	996.47	1151.4	717.35	0	46.539	278.18	743.84	1215.5	4047	24.933	278.86	653.18	396.32	27.348	181.77	46.146	698.02	375.85	14.279	83.153	550.95	39.446
PWY66-430: myristate biosynthesis (mitochondria)	201.44	0	186.46	12.72	971.67	439.21	1798.7	391.2	839.37	217.7	578.78	2412.3	1058.9	33.99	1108.8	229.52	646.79	1874	436.67	66.958	739.55	96.077	1198.6	119.89	540.91	118.55	442.66	1124.3	65.046	574.96	509.19	127.38
PWY-6293: superpathway of L-cysteine biosynthesis (fungi)	870.28	1801.7	606.02	88.499	1280.7	361.61	967.33	714.27	301.13	148.87	1540.4	1496.6	598.52	45.113	322.73	88.81	1496.5	1385.2	232.52	115.45	165.36	31.155	589.78	65.493	90.693	57.297	1197.8	513.06	36.142	158.03	1454	57.627
GLUCUROCAT-PWY: superpathway of &beta;-D-glucuronosides degradation	0	191.57	1681.4	48.549	0	523.5	679.69	236.92	2178	160.76	428.76	241.78	257.7	97.178	1958.2	206.78	404.04	756.25	449	128.83	1858.7	293.69	155.66	153.27	1656.9	268.07	434.51	142.01	88.998	2143.3	375.71	136.47
URSIN-PWY: ureide biosynthesis	16.414	736.93	33.143	65.106	1318.2	202.71	476.81	436.02	640.37	1351	1293.2	547.87	359.19	36.419	643.59	1080.6	1374.6	825.45	186.75	30.732	254.82	599.94	470.44	70.853	840.98	920.14	845.03	508.02	67.114	192.38	771.46	900.84
PWY-5138: fatty acid &beta;-oxidation IV (unsaturated, even number)	0	112.63	0	0	152.96	3549.6	1908.1	85.933	7.4135	0	848.75	1139.4	462.01	11.139	12.06	331.1	787.81	1754.9	4162.6	16.746	101.61	515.25	261.12	23.466	42.372	19.554	719.62	184.07	13.446	45.562	544.38	25.145
PWY0-166: superpathway of pyrimidine deoxyribonucleotides de novo biosynthesis (E. coli)	146.27	2747.5	3727.9	0	1191.4	18.992	404.81	472.24	903.06	337.04	804.81	27.11	102.43	0	863.23	153.2	531.69	74.906	98.295	144.57	516.33	76.98	235.08	189.34	670.21	68.647	1044.9	234.28	121.51	340.74	1365.3	159.25
PWY-6590: superpathway of Clostridium acetobutylicum acidogenic fermentation	15.836	371.52	53.31	1721.9	105.62	152.74	798.68	289.62	364.17	1972.9	1595.9	82.881	186.01	110.23	350.21	1241.6	1435.6	84.023	224.46	201.62	238.82	579.8	221.25	273.39	347.48	1161.7	885.95	303.46	206.96	134.37	800.39	1004.4
POLYAMSYN-PWY: superpathway of polyamine biosynthesis I	227.19	156.38	31.683	196	1017.9	176	218.83	144.7	211.99	670.94	1924.6	340.96	260.29	0	218.4	1405.3	1978.2	505.98	136.97	22.113	261.35	1021.2	287.95	20.96	347.54	528.4	1526.1	314.12	11.524	140.01	1623.2	594.39
PWY-3801: sucrose degradation II (sucrose synthase)	89.2	0	7213.1	0	614.26	549.44	393.88	0	541.33	55.164	156.34	3232.9	97.113	0	874.44	0	66.856	2042.5	79.08	0	95.183	0	63.7	0	0	0	60.804	104.17	0	88.872	25.198	0
PWY-5676: acetyl-CoA fermentation to butanoate II	241.65	299.96	733.38	960.96	674.7	1075.8	595.61	223.06	285.18	1706.3	343.84	1405.9	240.78	87.088	211.28	1015.2	398.95	1730.3	70.207	191.41	67.482	521.78	145.55	206.86	140.14	1016	313.84	196.83	105.52	62.896	293.95	786.1
PWY66-399: gluconeogenesis III	0	0	0	84.012	145.95	0	0	0	1162.3	2830.4	743.19	0	0	0	1235.4	1980.1	563.88	0	0	0	58.199	842.46	0	0	1956.8	1703.3	661.24	0	0	0	653.86	1680
CENTFERM-PWY: pyruvate fermentation to butanoate	11.885	345.16	40.034	1955.5	79.776	115.72	641.28	293.28	275.35	1676.1	1387.1	62.454	141.25	83.145	264.6	1073.1	1261.8	63.359	175.87	153.86	179.94	444.23	169.66	208.19	262.41	944.72	713.35	234.6	157.03	101.02	664.41	807.22
FUCCAT-PWY: fucose degradation	0	0	856.83	15.57	0	157.98	0	0	1773.5	45.873	57.861	77.574	0	0	1731.8	51.384	60.198	291.71	0	0	1993.5	58.775	9.8995	0	4840.1	127.28	101.76	5.9133	0	2337.7	86.858	57.816
PWY0-41: allantoin degradation IV (anaerobic)	257.52	19.717	0	934.4	515.74	2367.5	473.06	0	6.3148	1281.7	486.41	1502.6	450.69	0	13.757	937.57	494.56	1810	139.73	10.451	26.314	348.49	356.02	13.744	12.883	760.5	163.61	413.11	0	9.0773	157.35	576.73
PWY-1269: CMP-3-deoxy-D-manno-octulosonate biosynthesis	0	150.15	12.333	0	57.741	2001.6	1463.8	87.928	64.938	8.2426	458.43	964.58	364.34	6.8773	24.836	148.98	479.06	1274.3	3908.7	14.279	220.38	280.91	287.51	52.912	228.59	17.096	503.89	187.02	16.545	111.33	405.16	15.762
LIPASYN-PWY: phospholipases	91.124	3289.7	4361.8	0	1105.7	82.199	174.43	955.78	299.51	58.519	220.41	133.86	81.692	55.948	306.62	44.764	205.35	230.33	38.264	107.75	106.52	76.155	80.004	92.197	108.28	12.713	323.19	68.487	33.278	73.596	307.99	14.394
PWY-6588: pyruvate fermentation to acetone	7.9087	502.53	20.846	1362.4	53.53	78.222	422.8	590.68	80.532	1630.2	718.49	41.786	92.799	153.89	95.537	1185.6	906.59	42.551	117.58	236.45	180.3	534.23	114.21	282.09	24.246	1096.1	450.18	158.39	175.54	5.5347	512.42	897.85
PWY-5941: glycogen degradation II	0	1101.2	3191.7	8.437	203.14	375.26	120.63	172.96	629.04	27.459	663.14	837.67	36.757	20.734	569.33	19.974	463.22	962.29	22.125	54.153	290.58	18.442	33.473	64.487	1079.9	0	587.96	39.669	31.256	112.49	680.27	15
PWY-181: photorespiration	0	0	59.943	191.98	43.752	181.68	0	59.848	36.586	1300.6	1112.4	218.6	45.938	0	39.869	1952.2	1166.8	242.13	59.818	0	67.52	546.12	102.07	0	0	1884.5	1086.8	118.85	25.459	83.458	1055.1	687.92
REDCITCYC: TCA cycle VI (Helicobacter)	0	103.76	0	35.252	1131.4	89.004	335.37	67.825	604.85	135.33	1219.1	1100.7	352.32	23.27	480.16	381.24	1019.9	1563.9	147.53	43.205	164.1	233.94	385.92	74.456	230.38	91.033	807.05	411.68	40.428	99.297	799.86	108.24
PWY-7039: phosphatidate metabolism, as a signaling molecule	103.87	3205.6	4669.4	0	1166.6	76.575	219.05	573.9	367.55	71.389	48.479	13.79	89.271	44.627	384.88	30.473	31.419	24.177	36.109	123.44	57.564	14.127	93.085	103.57	52.408	13.497	20.634	70	44.311	73.553	35.563	0
PWY-7883: anhydromuropeptides recycling II	0	134.54	0	0	47.663	2656.8	1091.3	77.22	3.6553	0	718.72	1158.3	341.7	0	5.165	252.95	693.84	1540.3	459.06	36.935	88.32	553.29	239	44.372	19.382	38.123	640.02	237.02	29.478	23.311	464.27	0
GLYCOL-GLYOXDEG-PWY: superpathway of glycol metabolism and degradation	39.775	32.047	132.17	6.7925	1905.7	28.274	331.21	0	157.44	66.035	1228.2	634.16	266.4	6.1166	127.5	73.69	1176	711.63	125.33	0	124.06	6.9509	268.97	0	187.26	34.276	1167.9	612.05	8.8647	77.321	1878.9	44.439
PWY-6549: L-glutamine biosynthesis III	0	96.484	0	0	1455.8	55.074	349.35	0	203.41	207.13	1083.1	684.9	399.46	28.22	235.83	492.73	1009.6	983.13	262.4	0	148.63	478.7	308.23	0	310.65	187.23	873.75	321.17	30.37	97.862	954.73	185.72
PWY0-845: superpathway of pyridoxal 5'-phosphate biosynthesis and salvage	0	58.539	0	0	30.174	843.62	1402.5	46.164	158.59	11.861	537.36	810.42	400.92	0	125.52	518.87	564.17	1086.7	1182	31.263	398.62	905.3	211.16	24.075	354.42	43.341	689.03	196.54	19.053	200.84	454.4	23.829
PWY-5855: ubiquinol-7 biosynthesis (early decarboxylation)	4.4816	164.87	0	0	73.281	1840.2	1234.9	115.34	35.541	0	329.94	519.7	337.48	0	27.524	207.06	404.55	793.77	3554.5	40.33	102.88	376.74	206.38	29.306	40.165	11.954	323.18	148.18	23.849	50.787	197.35	9.6218
PWY-5419: catechol degradation to 2-hydroxypentadienoate II	156.23	0	13.113	958.05	542.77	2169.9	244.38	20.097	28.123	1121	310.67	1190.8	170.4	10.109	17.546	691.72	289.12	1217	55.806	0	0	280.83	130.37	10.337	59.929	608.6	108.83	132.72	0	0	90.72	481.45
PWY-6313: serotonin degradation	0	0	0	3044.6	13.807	20.435	32.058	20.462	0	906.77	581.2	0	9.6352	0	0	1485.1	636.15	8.2134	24.782	0	9.445	623.95	30.523	0	0	1175.1	526.9	47.196	0	21.651	654.67	1200.5
LEU-DEG2-PWY: L-leucine degradation I	1052.3	0	0	166.21	1078.3	294.71	857.23	21.244	8.5545	211.98	682.72	685.2	771.01	0	0	263.34	784.79	926.77	288.58	0	0	115.22	810.85	0	0	229.33	355.94	717.74	0	0	418.63	226.25
PYRIDOXSYN-PWY: pyridoxal 5'-phosphate biosynthesis I	0	73.87	0	0	20.445	707.6	1239	41.165	71.552	5.0963	396.41	585.6	276.67	0	56.212	286.45	420.37	849.08	3466.8	18.888	236.85	495.82	144.29	19.263	191.86	18.843	503.57	134.23	11.852	94.276	384.57	10.3
PWY66-367: ketogenesis	0	230.44	52.287	21.498	1192.3	54.502	632.28	320.06	440.42	184.41	1137.1	125.53	129.4	81.526	336.89	205.68	1115.4	93.894	181.1	287.91	308.53	102.45	98.208	318.85	145.97	299.03	967.86	80.733	249.53	124.09	1005.2	174.5
PWY-5690: TCA cycle II (plants and fungi)	107.31	0	0	0	1771.1	41.124	400.41	0	103.62	188.79	1241.4	705.75	395.29	0	105.71	427.41	1074.8	1056.3	312.75	0	91.671	477.03	273.75	0	0	204.13	574.96	287.48	11.371	48.076	558.83	228.21
PWY0-781: aspartate superpathway	0	208.48	0	0	212.91	75.192	598.72	137.56	50.76	37.958	1346.8	601.59	629.24	0	73.638	250.15	1274.2	920.8	303.07	0	197.55	100.24	435.94	78.107	176.94	95.359	1080.3	458.16	35.547	86.571	911.74	53.983
AEROBACTINSYN-PWY: aerobactin biosynthesis	197.52	28.883	0	852.73	391.27	2080.5	198.31	25.566	0	1036.1	270.79	1137.7	104.17	0	0	680.34	248.52	1326	38.733	7.2911	0	256.07	59.756	7.9421	0	605.01	123.17	71.584	0	0	103.12	438.89
P4-PWY: superpathway of L-lysine, L-threonine and L-methionine biosynthesis I	0	199.33	0	0	201.52	71.065	570.36	130.82	48.13	35.863	1309.2	658.23	599.47	0	69.946	236.72	1276.8	893.56	287.14	0	189.89	94.74	414.89	74.911	167.98	90.136	1063.2	436.27	37.311	83.053	920.91	51.01
AST-PWY: L-arginine degradation II (AST pathway)	0	62.181	0	0	20.922	640.94	1359.3	38.785	22.376	0	222.61	463.58	292.7	0	16.744	150.02	307.99	614.31	4220.5	10.739	117.83	304.26	151.4	11.968	67.891	0	337.25	128.08	5.9571	39.993	259.6	0
PWY-8073: lipid IVA biosynthesis (P. putida)	0	39.784	0	0	26.958	1783.6	1045.5	29.535	24.666	0	275.84	498.76	240.68	0	18.063	111.44	291.73	697.32	3317.1	8.8206	119.63	275.59	132.2	18.259	82.814	0	299.58	107.14	9.4961	41.053	208.21	0
NAGLIPASYN-PWY: lipid IVA biosynthesis (E. coli)	0	39.784	0	0	26.958	1783.6	1045.5	29.535	24.666	0	275.84	498.76	240.68	0	18.063	111.44	291.73	697.32	3317.1	8.8206	119.63	275.59	132.2	18.259	82.814	0	299.58	107.14	9.4961	41.053	208.21	0
UDPNACETYLGALSYN-PWY: UDP-N-acetyl-D-glucosamine biosynthesis II	84.698	2113.2	3492.4	0	843.73	73.341	277.54	673.13	292.8	78.916	41.992	143.31	98.254	76.336	385.25	36.142	24.778	193.74	48.679	90.753	74.653	16.893	91.42	82.725	52.196	14.241	11.837	77.854	30.379	80.849	18.247	30.774
PWY-7431: aromatic biogenic amine degradation (bacteria)	0	0	0	2795.5	13.76	17.834	26.872	14.239	0	663.29	513.31	0	9.3447	0	0	1191.5	546.82	8.1915	20.765	0	9.3945	478.55	28.432	0	0	953.55	444.8	42.853	0	21.465	534.35	1006.1
PWY0-1241: ADP-L-glycero-&beta;-D-manno-heptose biosynthesis	0	36.02	0	0	7.4739	572.87	1291.2	18.314	10.309	0	203.67	434.6	317.06	0	5.85	194.05	295.8	618.62	4025.7	12.201	98.615	341.83	143.55	12.199	34.233	8.8611	286.61	140.13	7.6133	38.873	166.98	9.8754
PPGPPMET-PWY: ppGpp metabolism	0	104.21	140.46	19.982	47.895	178.18	11.881	38.463	998.85	52.675	528.34	1973.3	9.7374	0	1141.1	34.415	302.53	835.2	5.1585	14.369	814.08	8.4191	25.96	23.529	385.1	13.269	361.9	18.614	19.112	807.11	376.98	0
PWY-7383: anaerobic energy metabolism (invertebrates, cytosol)	0	0	0	41.158	84.363	0	0	0	627.06	1549.7	484.9	0	0	0	637.53	1148.8	367.03	0	0	0	36.158	452.47	0	0	810.02	971.82	440.6	0	0	0	440.09	955.22
PWY4LZ-257: superpathway of fermentation (Chlamydomonas reinhardtii)	25.456	97.4	537.83	41.292	480.26	346.68	243.96	60.293	303.46	145.96	149.66	2339.5	66.403	24.415	417.03	149.76	81.222	1515.3	49.608	43.448	261.67	106.61	44.195	56.481	177.82	85.109	142.01	70.36	26.172	85.84	124.31	105.29
FASYN-INITIAL-PWY: superpathway of fatty acid biosynthesis initiation (E. coli)	16.266	0	4538.5	0	695.39	3.8863	112.86	0	585.61	7.56	372.59	132.64	63.555	0	604.78	28.064	283.57	207.43	12.962	0	117.4	17.548	105.34	0	108.95	28.746	103.61	45.252	0	113.03	77.119	10.686
PWY3O-4107: NAD salvage pathway V (PNC V cycle)	70.742	0	0	25.352	784.95	72.603	1181.5	248.83	205.27	362.06	356.32	180.08	597.69	54.777	143.21	133.62	651.12	343.42	434.81	110.22	211.2	57.266	432.59	138.63	100.83	24.933	505.06	331.42	102.99	139.76	282.04	71.759
PWY-7204: pyridoxal 5'-phosphate salvage II (plants)	0	51.763	0	957.24	13.559	45.907	31.75	46.61	6.7495	1075.4	460.85	12.185	14.836	0	2.5745	1099.9	490.22	14.438	24.486	10.081	65.862	699.21	30.72	0	25.795	1028.7	538.59	48.195	0	47.995	453.84	1018.9
GLYCOCAT-PWY: glycogen degradation I	0	187.39	0	8.4357	14.948	372.73	16.389	130.54	646.5	27.393	658.13	832.92	17.005	0	585.06	19.953	463.02	966.77	12.021	38.024	300.62	18.391	28.715	62.468	1182.1	0	585.07	39.436	31.519	113.57	682.92	14.971
COLANSYN-PWY: colanic acid building blocks biosynthesis	111.6	571.47	0	0	0	23.052	196.1	1320.1	133.97	0	471.39	418.53	73.623	187.05	197.96	51.294	282.52	621.68	50.157	329.82	223.5	61.263	106.14	489.76	362.29	0	491.68	52.179	321.25	121.48	555.91	0
PWY-5464: superpathway of cytosolic glycolysis (plants), pyruvate dehydrogenase and TCA cycle	0	0	0	0	1621.4	37.176	519.08	0	109.38	231.87	164.15	250.54	540.97	0	128.49	450.47	928.07	235.5	316.4	0	83.746	283.04	387.74	0	0	131.74	566.27	413.14	0	36.056	71.376	187.23
PWY-8011: L-serine biosynthesis II	0	0	8.5005	1632.5	18.123	31.999	21.163	14.8	6.8797	868.86	578.85	42.566	9.8037	0	7.8635	946.18	596.12	45.335	10.734	0	13.076	372.29	23.287	0	0	792.23	445.25	28.255	5.6595	12.738	493.49	652.08
PWY-5675: nitrate reduction V (assimilatory)	0	758.89	0	0	811.41	79.672	11.186	144.95	214.01	59.605	515.63	461.83	0	28.5	224.89	115.28	413.13	748.88	10.842	60.538	305.36	38.42	17.714	66.012	341.66	99.428	726.09	19.066	58.092	139.29	780.67	83.84
PWY-5705: allantoin degradation to glyoxylate III	0	0	0	5.8215	33.167	2085.3	369.28	0	30.062	55.942	115.25	675.4	293.22	0	30.956	452.61	378.93	1034.3	120.09	7.221	32.781	343.37	216.16	9.382	58.108	55.13	248.88	194.99	0	17.953	175.06	53.632
PWY-5497: purine nucleobases degradation II (anaerobic)	11.683	44.508	14.585	105.51	78.493	99.669	455.84	86.374	60.165	253.74	1317.9	60.591	120.69	21.695	74.196	210.28	1128	62.191	131.97	12.533	95.981	80.808	139.93	33.927	44.738	134.85	833.83	193	14.474	60.925	736.83	214.95
PWY-5180: toluene degradation I (aerobic) (via o-cresol)	0	73.805	0	0	0	2854.8	0	36.73	120.12	163.84	88.074	989.05	0	0	126.49	0	69.489	1306.1	0	0	223.59	0	0	24.511	160.23	0	103.38	0	15.828	50.181	95.5	0
ALLANTOINDEG-PWY: superpathway of allantoin degradation in yeast	0	22.884	0	33.711	30.767	215.96	37.653	46.912	54.033	882.58	142.99	545.58	21.477	0	91.342	664.2	471.46	822.63	23.155	0	19.331	455.07	24.08	7.7201	137.37	507.7	335.49	53.086	0	33.573	234.98	552.96
FUC-RHAMCAT-PWY: superpathway of fucose and rhamnose degradation	0	0	430.11	27.9	0	213.15	0	0	632.02	97.546	127.24	161.24	0	0	509.61	111.82	132.54	479.85	0	0	1157.7	33.077	22.182	0	864.69	159.16	220.93	13.273	0	555.18	190.46	114.66
NADSYN-PWY: NAD de novo biosynthesis II (from tryptophan)	53.611	1196.2	2524	0	326.63	45.305	117.29	228.64	278.25	77.111	26.822	43.478	70.764	25.577	287.11	30.545	21.101	112.9	37.418	63.966	65.934	0	74.731	46.514	67.144	16.798	20.965	67.005	14.257	72.294	8.856	33.777
PWY-7396: butanol and isobutanol biosynthesis (engineered)	71.799	0	44.007	0	544.81	463.78	211.91	0	317.04	46.948	130.04	1832.3	72.425	0	412.06	0	56.479	1411	53.768	0	68.35	0	49.586	0	0	0	50.7	77.618	0	60.436	21.331	0
PWY-5080: very long chain fatty acid biosynthesis I	38.72	1333.3	2478.8	0	460.91	29.786	73.28	386.68	241.66	34.912	29.344	52.336	45.595	26.321	237.57	9.3811	15.15	84.742	20.173	45.766	25.413	5.4343	47.934	50.033	43.149	0	8.1758	27.754	25.599	62.461	3.6607	5.8044
GOLPDLCAT-PWY: superpathway of glycerol degradation to 1,3-propanediol	0	102.93	172.36	38.618	12.149	37.378	0	474.63	263.49	118.51	250.1	49.962	0	118.45	275.78	124.44	459.17	143.74	218.62	291.8	228.85	68.549	107.43	206.37	362.11	71.355	449.23	90.56	270.08	223.51	518.81	153.42
PWY-5873: ubiquinol-7 biosynthesis (late decarboxylation)	50.8	1492	1676.9	0	441.57	48.992	122.44	483.61	217.55	38.704	26.113	78.665	74.184	28.341	223.96	23.766	19.254	160.66	40.89	77.962	47.8	9.2227	66.813	58.38	38.259	0	6.4246	61.737	28.006	59.179	9.2664	15.52
PWY-7238: sucrose biosynthesis II	0	162.58	0	5.6361	9.9791	259.57	10.977	95.715	439.87	18.358	475.09	617.35	11.448	0	396.02	13.358	325.63	722.25	8.1112	27.377	200.42	12.357	19.342	46.222	812.15	0	417.92	26.699	21.81	75.819	484.18	10.027
P621-PWY: nylon-6 oligomer degradation	0	0	0	0	169.88	48.037	0	0	25.68	3.519	1110.5	36.881	0	10.535	28.399	0	1317.1	71.198	0	0	41.496	0	0	0	42.761	0	1260.7	9.8271	12.907	48.408	1476.1	7.3767
PWY-5651: L-tryptophan degradation to 2-amino-3-carboxymuconate semialdehyde	46.408	1237.3	2532.2	0	234.93	33.895	74.62	179.04	232.58	49.057	17.169	29.426	45.428	21.364	248.92	19.257	13.324	78.66	23.462	55.738	46.518	0	49.178	33.892	52.895	10.578	13.279	44.507	9.8984	55.73	5.5907	21.405
PWY-5130: 2-oxobutanoate degradation I	0	12.357	0	28.019	16.852	14.207	15.055	0	17.041	773.52	595.71	6.8488	17.01	0	37.361	666.49	639.6	8.5914	13.378	0	61.527	270.22	13.028	0	119.86	587.84	447.2	42.103	0	37.06	514.67	548.27
PWY-5156: superpathway of fatty acid biosynthesis II (plant)	0	0	77.448	0	0	0	84.934	43.055	844.99	0	170.79	0	83.587	25.164	810.16	0	199.68	0	18.656	0	1000.4	0	168.61	39.952	672.84	0	167.32	152.37	15.673	560.96	150.91	0
P221-PWY: octane oxidation	0	16.113	0	14.857	29.051	1919	0	32.933	43.331	31.926	359.51	754.13	0	0	44.701	35.964	195.06	943.38	0	0	58.305	20.021	0	20.77	33.728	25.868	252.45	0	7.3574	37.342	300.78	27.137
PWY-2221: Entner-Doudoroff pathway III (semi-phosphorylative)	0	0	0	0	0	0	1159.3	0	0	0	0	60.256	456	0	0	320.23	400.24	113.89	674.69	18.3	115.2	668.19	362.57	0	0	23.203	253.47	308.68	0	64.4	29.479	0
DENOVOPURINE2-PWY: superpathway of purine nucleotides de novo biosynthesis II	0	0	54.813	0	71.521	0	0	0	182.11	0	1597.8	0	0	0	203.47	0	768.53	0	0	0	250.77	0	0	0	155.62	0	852.69	0	0	155.65	590.95	0
P23-PWY: reductive TCA cycle I	0	104.42	0	0	161.88	0	73.805	69.128	674.97	29.171	506.92	0	0	23.333	543.33	51.739	411.84	0	0	44.471	187.6	16.252	0	74.515	652.45	24.43	447.16	41.63	41.276	114.6	518.18	27.718
PWY66-398: TCA cycle III (animals)	0	0	0	0	1163.9	0	354.62	0	19.757	156.25	110.32	169.25	368.86	0	34.259	306.28	534.85	159.05	214.2	0	0	190.89	262.52	0	0	88.309	286.47	279.95	0	0	41.405	78.948
GLUCARDEG-PWY: D-glucarate degradation I	0	120.21	0	0	13.478	209.93	54.753	36.285	55.182	0	431.1	1611.6	0	0	61.042	6.3008	225.67	761.16	0	19.851	164.82	0	0	13.52	151	0	356.06	27.835	20.649	33.495	356.72	0
PWY-7323: superpathway of GDP-mannose-derived O-antigen building blocks biosynthesis	0	292.94	0	0	12.036	0	18.027	738.4	52.526	0	288.99	643.33	0	67.336	65.482	23.54	188.22	722.34	0	234.12	118.31	16.967	0	252.78	223.86	0	288.49	0	154.6	46.991	279.83	0
PWY-7480: 2,3-dihydroxybenzoate degradation	0	0	0	15.012	425.37	951.35	94.288	0	4.8391	82.325	245.9	768.91	91.883	0	4.3046	161.6	229.08	989.68	26.328	0	0	65.207	103.96	0	0	93.474	72.225	100.68	0	0	59.636	91.924
PWY-822: fructan biosynthesis	0	0	0	0	876.03	23.74	70.841	46.46	6.4868	65.446	603.14	363.24	123.8	0	4.9924	94.19	588.24	586.77	50.354	0	0	31.125	133.66	0	0	81.464	260.94	186.98	0	0	250.5	59.785
HEXITOLDEGSUPER-PWY: superpathway of hexitol degradation (bacteria)	0	0	0	72.537	0	43.394	0	0	201.95	246.19	515.17	0	0	0	238.46	1035.5	392.48	0	0	0	533.87	55.86	0	0	71.84	79.583	354.83	0	0	267.49	245.02	124.2
GALACTARDEG-PWY: D-galactarate degradation I	0	80.269	0	0	13.471	207.47	53.449	34.43	72.721	0	436.13	984.88	0	0	124.21	6.302	227.36	679.04	0	19.872	221.66	0	0	13.515	175.33	0	378.02	27.342	20.668	57.682	388.94	0
GLUCARGALACTSUPER-PWY: superpathway of D-glucarate and D-galactarate degradation	0	80.269	0	0	13.471	207.47	53.449	34.43	72.721	0	436.13	984.88	0	0	124.21	6.302	227.36	679.04	0	19.872	221.66	0	0	13.515	175.33	0	378.02	27.342	20.668	57.682	388.94	0
PWY-5420: catechol degradation II (meta-cleavage pathway)	0	0	0	0	36.142	1358.9	0	20.377	41.386	113.52	122.94	908.79	0	0	27.633	0	99.889	1154.2	0	0	0	0	0	12.89	84.473	35.619	90.154	0	0	0	75.902	0
GALACT-GLUCUROCAT-PWY: superpathway of hexuronide and hexuronate degradation	0	0	81.937	0	0	0	309.12	50.196	434.99	0	62.725	0	0	14.419	579.37	0	127.17	0	161.91	40.483	724.93	0	47.787	22.441	576.81	0	198.04	22.504	0	363.17	107.67	0
PWY0-1338: polymyxin resistance	0	44.44	0	0	0	1917.6	0	23.336	13.135	0	67.787	539.4	0	0	7.3908	0	51.27	761.16	0	6.3478	24.106	0	0	17.5	57.299	0	117.2	0	9.4642	16.229	153.37	0
ORNDEG-PWY: superpathway of ornithine degradation	0	0	0	0	0	0	9.4644	0	478.61	0	158.18	35.876	9.3872	0	448.1	0	132.45	80.429	5.7337	0	612.48	0	23.482	0	681.93	0	297.78	16.553	0	320.83	466.76	0
PWY490-3: nitrate reduction VI (assimilatory)	0	19.915	15.932	0	316.49	946.22	0	38.729	3.8079	70.45	366.71	123.91	0	8.415	0	24.962	321.38	216.53	0	0	0	23.324	0	11.629	0	102.33	519.16	0	0	0	579.17	54.32
PWY-6992: 1,5-anhydrofructose degradation	0	10.995	513.44	73.684	0	69.076	0	33.091	276.43	345.63	242.42	33.894	0	13.361	358.89	245.62	244.15	81.906	0	27.988	12.383	81.052	0	52.68	21.26	132.66	322.93	0	17.641	43.211	276.66	172.66
PWY-5028: L-histidine degradation II	0	0	56.594	0	18.386	211.54	0	25.201	403.37	0	48.567	800.43	7.4298	0	349.36	0	72.365	728.27	0	0	29.434	0	0	0	531.21	0	130.2	0	0	0	148.95	0
COBALSYN-PWY: superpathway of adenosylcobalamin salvage from cobinamide I	0	0	0	7.051	38.01	434.23	35.268	0	38.652	74.551	256.04	524.32	14.25	0	56.575	27.607	269.19	693.65	29.775	0	98.523	18.818	37.693	0	211.98	22.646	238.45	47.618	0	57.646	292.69	29.557
PROTOCATECHUATE-ORTHO-CLEAVAGE-PWY: protocatechuate degradation II (ortho-cleavage pathway)	0	0	0	15.179	25.899	134.34	404.43	0	5.494	32.633	330.81	78.793	160.2	0	0	232.7	419.59	96.258	127.26	0	17.695	450.89	117.17	0	0	44.987	362.06	93.035	0	0	358.21	17.907
PWY-5505: L-glutamate and L-glutamine biosynthesis	0	279.5	0	0	72.705	32.029	0	241.35	229.19	0	488.1	165.52	0	43.024	197.92	0	399.28	289.45	0	86.774	115.55	0	0	97.502	21.511	0	318.17	0	88.36	67.891	274.67	0
PWY0-301: L-ascorbate degradation I (bacterial, anaerobic)	0	152.33	206.95	0	26.852	0	0	443.33	316.52	0	276.4	27.78	0	46.036	333.77	0	128.81	45	0	104.37	257.58	0	0	134.8	383.07	0	175.5	0	111.72	217.45	85.574	0
PYRIDNUCSAL-PWY: NAD salvage pathway I (PNC VI cycle)	0	0	0	0	138.65	100.64	0	76.295	70.962	19.457	415.72	231.41	0	0	38.418	25.138	494.46	429.34	0	24.68	172.68	27.5	0	31.499	116.01	0	493.11	0	49.198	71.281	321.69	13.493
PWY-7626: bacilysin biosynthesis	0	0	0	0	845.43	25.905	10.249	0	4.0209	74.844	523.98	318.46	0	0	0	70.465	476.52	492.55	0	0	0	35.986	0	0	0	0	180.09	0	0	0	156.35	36.187
PWY-7385: 1,3-propanediol biosynthesis (engineered)	0	223.04	0	0	0	0	0	997.01	372.67	0	24.722	0	0	145.39	330.71	0	7.0207	0	0	196.56	239.41	0	0	116.28	224.5	0	8.1589	0	66.042	248.67	10.694	0
PWY1G-0: mycothiol biosynthesis	0	0	0	19.031	0	0	0	0	209.12	851.88	17.276	0	0	0	212.18	488.05	27.813	0	0	0	13.683	181.27	0	0	361.42	397.01	19.811	0	0	0	7.0467	392.93
PRPP-PWY: superpathway of histidine, purine, and pyrimidine biosynthesis	0	0	64.111	0	82.69	0	0	0	203.33	0	262.06	0	0	0	221.57	0	413.5	0	0	0	284.3	0	0	0	198.66	0	655.08	0	0	191.43	559.76	0
PWY66-201: nicotine degradation IV	0	0	0	0	642.83	23.689	11.809	0	0	75.444	314.15	452.67	7.5658	0	0	106.1	277.2	742.9	10.924	0	0	48.195	10.051	0	0	99.384	81.73	10.144	0	0	67.135	136.3
NAD-BIOSYNTHESIS-II: NAD salvage pathway III (to nicotinamide riboside)	0	0	0	0	80.53	131.4	0	0	20.287	0	523.58	762.96	0	0	15.174	0	282.46	632.3	0	0	17.707	0	0	0	25.297	0	199.59	0	0	8.0795	187.92	0
PWY0-1337: oleate &beta;-oxidation	0	0	0	0	87.905	0	0	0	6.6714	0	636.15	0	0	0	7.339	0	512.33	0	0	0	16.503	0	0	0	26.616	0	775.91	0	0	16.856	761.46	0
PWY0-881: superpathway of fatty acid biosynthesis I (E. coli)	0	0	0	0	0	9.705	270.79	0	88.924	0	117.31	32.137	148.75	0	165.66	0	276.79	346.92	32.33	0	218.7	32.231	200.21	0	192.71	0	228.94	104.58	0	183.98	172.7	0
PWY-7528: L-methionine salvage cycle I (bacteria and plants)	0	0	0	0	37.667	14.831	0	0	11.698	47.608	632.46	319.38	0	0	0	0	428.69	541.8	0	0	0	0	0	0	0	0	388.16	0	0	0	383.56	0
PWY-6731: starch degradation III	14.882	0	0	0	637.74	11.278	111.11	0	90.095	34.916	245.47	209.62	89.993	0	95.913	25.217	251.08	178.99	41.539	0	124.51	10.079	105.85	0	91.24	17.109	94.761	80.184	0	36.891	146.52	28.653
VALDEG-PWY: L-valine degradation I	0	0	0	0	429.81	156.57	148.34	34.752	47.313	51.766	105.88	331.06	93.193	0	26.697	16.922	118.73	588.79	44.803	0	7.15	23.416	110.07	0	0	0	141.97	86.686	0	0	150.6	42.497
PWY-5415: catechol degradation I (meta-cleavage pathway)	0	51.342	0	0	0	620.04	0	22.983	88.072	15.202	34.669	583.41	0	0	107.42	0	39.981	819.8	0	0	113.91	0	0	22.227	84.025	0	35.982	0	14.349	43.515	30.464	0
PWY3DJ-35471: L-ascorbate biosynthesis IV (animals, D-glucuronate pathway)	0	0	0	0	25.493	9.037	81.438	0	0	0	60.007	17.85	48.239	0	0	287.61	443.07	29.277	48.7	0	33.142	689.83	89.804	0	0	21.294	403.88	128.35	0	42.523	257.34	0
PWY-7761: NAD salvage pathway II (PNC IV cycle)	0	116.63	0	0	100.12	86.279	0	60.401	56.072	14.144	313.54	169.04	0	0	29.826	19.184	377.98	325.24	0	18.781	143.26	23.598	0	23.99	87.533	0	376.11	0	37.832	54.418	237.5	10.304
PWY-7254: TCA cycle VII (acetate-producers)	0	61.009	0	0	267.53	0	48.416	0	162.68	18.261	371.6	0	0	0	139.29	32.37	303.91	0	0	0	115.9	10.23	0	0	239.89	15.256	348.35	0	17.694	71.725	426.69	17.352
PWY-6307: L-tryptophan degradation X (mammalian, via tryptamine)	0	0	0	0	10.361	15.343	24.071	16.04	0	124.14	419.56	0	7.2303	0	0	194.76	416.45	6.1625	18.598	0	7.1097	68.938	22.949	0	0	185.2	282.91	35.545	0	16.593	359.29	196.67
PWY-4041: &gamma;-glutamyl cycle	0	53.095	80.111	0	100.41	0	40.845	35.541	49.528	0	339.57	61.683	0	0	60.595	0	215.45	83.798	0	0	168.24	15.076	10.318	7.5682	146.65	7.6348	389.51	0	12.128	96.386	437.33	0
PWY-6876: isopropanol biosynthesis (engineered)	0	139.16	33.176	0	0	0	0	244.06	297.54	123.69	0	15.684	0	45.064	276.17	28.915	0	13.562	0	173.62	193.4	7.1428	0	191.91	260.97	0	0	0	159.36	126.05	0	9.2194
PWY-4702: phytate degradation I	0	0	0	0	436.45	0	0	12.819	39.202	0	580.12	0	0	0	34.907	0	505.91	0	0	0	11.674	0	0	0	8.0905	0	311.04	0	0	6.765	351.09	0
PWY-7527: L-methionine salvage cycle III	0	0	0	0	34.341	15.174	0	0	19.764	47.118	487.5	332.39	0	0	0	0	360.66	570.85	0	0	0	0	0	0	0	0	203.24	0	0	6.9971	177.75	0
PWY-6803: phosphatidylcholine acyl editing	0	43.005	0	0	18.425	0	158.49	16.569	57.234	0	268.75	30.998	27.662	5.6829	33.677	88.601	251.46	74.942	20.353	10.082	163.08	145.42	17.792	0	127.92	10.896	285.05	26.78	0	72.679	293.9	0
PWY-7187: pyrimidine deoxyribonucleotides de novo biosynthesis II	0	0	23.822	0	50.617	0	0	0	74.067	0	525.2	0	0	0	99.838	0	300.23	0	0	0	141.6	0	0	0	104.86	0	439.46	0	0	85.027	374.79	0
PWY-5417: catechol degradation III (ortho-cleavage pathway)	0	0	0	0	35.584	216.96	159.19	9.392	0	11.888	186.03	312.94	68.259	0	0	37.864	250.39	301.75	44.594	0	0	16.698	0	0	0	15.698	249.24	37.096	0	0	202.05	0
PWY-5431: aromatic compounds degradation via &beta;-ketoadipate	0	0	0	0	35.584	216.96	159.19	9.392	0	11.888	186.03	312.94	68.259	0	0	37.864	250.39	301.75	44.594	0	0	16.698	0	0	0	15.698	249.24	37.096	0	0	202.05	0
PWY-6807: xyloglucan degradation II (exoglucanase)	0	0	1481.8	0	66.901	11.609	47.019	0	93.102	7.9967	18.476	0	26.308	0	151.9	13.674	21.823	0	19.67	0	8.9912	7.5132	18.821	0	0	0	14.848	19.841	0	22.836	0	11.222
PWY-4361: S-methyl-5-thio-&alpha;-D-ribose 1-phosphate degradation I	0	0	0	0	20.765	9.116	0	0	12.138	28.493	457.31	213.09	0	0	0	0	286.09	377.99	0	0	0	0	0	0	0	0	307.06	0	0	4.3233	307.19	0
CATECHOL-ORTHO-CLEAVAGE-PWY: catechol degradation to &beta;-ketoadipate	0	0	0	0	29.51	158.37	115.24	9.1667	0	9.531	224.07	284.88	48.795	0	0	30.886	242.65	254.14	31.401	0	13.302	14.228	0	0	0	14.176	229.04	26.417	0	6.956	248.63	0
PWY0-42: 2-methylcitrate cycle I	0	0	0	0	156.93	0	131.51	0	39.797	14.214	224.37	32.295	13.165	0	19.105	216.82	171.82	7.7844	4.9047	0	74.653	257.78	0	0	69.532	0	234.35	0	0	39.099	241.05	0
PWY-7315: dTDP-N-acetylthomosamine biosynthesis	0	130	0	0	0	0	0	39.053	13.125	0	375.78	50.283	0	0	16.23	0	176.33	113.25	0	32.796	49.942	0	0	24.285	54.873	0	294.77	0	17.918	20.265	312.34	0
PWY-7094: fatty acid salvage	0	0	0	0	10.569	0	0	0	47.175	0	337.78	0	0	0	28.859	0	216.49	0	0	0	31.018	7.2726	20.016	0	137.23	18.501	346.57	0	0	48.313	391.22	0
PWY-5961: superpathway of aflatoxin biosynthesis	0	0	1422.6	0	56.138	0	25.784	0	48.159	0	11.544	0	0	0	64.737	0	5.2908	0	0	0	0	0	0	0	0	0	0	0	0	0	0	0
PWY-7269: mitochondrial NADPH production (yeast)	0	0	0	0	26.779	0	0	0	24.421	35.091	440.07	0	0	0	25.372	24.621	227.48	12.19	0	0	31.932	0	0	0	37.097	0	383.2	0	0	21.912	338.39	0
PWY-6185: 4-methylcatechol degradation (ortho cleavage)	0	0	0	0	29.735	191.55	144.99	10.733	0	10.721	98.556	97.153	63.139	0	0	73.575	217.95	118.95	40.93	0	0	30.871	0	0	0	18.534	217.9	31.963	0	0	172.56	0
PWY-5954: (1'S,5'S)-averufin biosynthesis	0	0	1366.3	0	50.711	0	22.476	0	42.83	3.9386	10.529	0	0	0	58.99	0	5.4868	0	0	0	0	0	0	0	0	0	0	0	0	0	0	0
GALACTITOLCAT-PWY: galactitol degradation	0	0	0	21.448	0	12.49	0	0	60.085	74.071	179.08	0	0	0	71.589	407.1	129.78	0	0	0	170.62	16.375	0	0	20.831	23.279	117.76	0	0	82.918	77.368	37.071
PWY-7819: poly(3-O-&beta;-D-glucopyranosyl-N-acetylgalactosamine 1-phosphate) wall teichoic acid biosynthesis	0	0	0	0	20.545	0	84.694	0	0	11.778	51.954	132.3	155.61	0	0	6.0174	85.902	197.54	58.907	0	0	0	203.54	0	0	0	92.826	269.04	0	0	128.45	0
PWY-7268: cytosolic NADPH production (yeast)	0	0	0	0	40.066	0	0	0	0	0	160.3	0	0	0	0	0	230.13	18.262	0	0	0	0	0	0	0	0	556.71	0	0	0	492.64	0
PWY-6269: superpathway of adenosylcobalamin salvage from cobinamide II	0	0	0	7.6641	13.91	0	40.589	0	0	63.085	237.6	62.151	16.518	0	0	27.231	262.33	97.698	33.417	0	0	16.383	43.189	0	0	20.161	195.21	54.04	0	0	264.18	26.265
GLUDEG-I-PWY: GABA shunt	0	0	0	0	0	0	0	85.965	151.54	0	77.783	0	0	39.276	164.52	0	35.223	0	8.287	71.293	182.73	0	11.372	50.921	341.49	0	0	0	62.53	192.01	0	0
PWY-7009: 2,2'-dihydroxybiphenyl degradation	0	0	0	0	305.77	0	31.359	0	0	18.792	261.01	84.411	36.264	0	0	11.577	233.86	118.41	16.442	0	0	0	33.53	0	0	3.429	92.279	63.748	0	0	80.727	0
PWY-1622: formaldehyde assimilation I (serine pathway)	0	0	0	0	19.498	96.723	0	0	7.9555	0	335.6	151.64	0	0	8.8509	0	209.29	153.44	0	0	26.654	0	0	0	0	0	163.31	0	0	19.351	124.92	0
P108-PWY: pyruvate fermentation to propanoate I	86.59	0	0	5.6171	116.09	0	66.559	19.906	38.681	72.312	125.21	43.155	51.756	0	16.83	38.667	136.71	36.901	20.613	0	12.348	0	50.791	0	20.644	0	121.58	50.886	0	5.1218	161.35	0
PWY0-1277: 3-phenylpropanoate and 3-(3-hydroxyphenyl)propanoate degradation	0	0	0	0	0	298.33	0	0	73.013	0	30.424	134.91	0	0	63.71	0	25.847	288.6	0	0	104.83	0	0	0	170.61	0	24.546	0	0	41.925	16.723	0
PWY-5430: meta cleavage pathway of aromatic compounds	0	0	0	0	0	466.21	0	0	0	0	48.948	235.41	0	0	0	0	56.055	331.94	0	0	0	0	0	0	0	0	47.736	0	0	0	41.828	0
TEICHOICACID-PWY: poly(glycerol phosphate) wall teichoic acid biosynthesis	0	0	0	0	27.803	0	54.116	0	0	12.647	67.15	102.28	99.832	0	0	7.3102	104.85	157.01	44.541	0	0	0	124.14	0	0	0	98.708	167.37	0	0	127.43	0
PWY-5392: reductive TCA cycle II	0	0	0	0	0	0	0	26.564	94.188	22.848	61.307	0	0	0	131.14	33	142.18	0	0	0	74.753	13.405	0	23.417	26.995	20.265	211.3	0	0	52.563	232.37	24.015
PWY-7209: superpathway of pyrimidine ribonucleosides degradation	0	0	0	0	0	578.07	75.699	0	0	15.034	0	38.014	67.545	0	0	13.415	11.127	89.04	33.043	0	0	12.13	108.75	0	36.858	10.995	0	81.836	0	0	0	14.142
PWY-6182: superpathway of salicylate degradation	0	0	0	0	15.99	0	147.9	10.769	0	0	116.37	165.75	67.074	0	0	0	113.35	141.45	47.523	0	0	0	0	0	0	0	173.88	39.178	0	0	136.79	0
PWY-5994: palmitate biosynthesis (type I fatty acid synthase)	0	0	380.23	0	0	0	24.829	0	231.75	0	0	0	0	0	208.83	0	0	0	6.5531	0	97.162	11.228	31	0	59.128	19.965	0	14.056	0	68.09	0	0
PWY-7456: &beta;-(1,4)-mannan degradation	0	0	0	16.164	134.4	0	67.201	0	0	28.779	39.456	63.971	76.773	0	49.579	36.289	83.469	105.2	33.36	0	0	0	64.368	0	0	27.091	57.368	68.525	0	25.024	90.203	0
PWY66-391: fatty acid &beta;-oxidation VI (mammalian peroxisome)	0	0	0	0	0	0	0	0	292.2	9.1122	0	14.475	0	0	302.71	0	18.53	23.806	8.6855	0	43.921	0	0	0	281.39	0	15.699	17.405	0	0	9.0292	9.2576
PWY-6961: L-ascorbate degradation II (bacterial, aerobic)	0	96.13	0	0	0	0	0	223.5	38.279	0	37.18	17.6	0	25.106	21.342	0	19.262	11.329	0	53.875	126.94	0	0	68.271	132.15	0	32.51	0	64.767	34.956	7.6416	0
PWY-6113: superpathway of mycolate biosynthesis	0	0	0	0	0	0	74.439	0	238.22	0	0	0	0	0	170.1	0	0	0	16.908	0	176.24	0	71.261	0	97.077	0	0	36.908	0	129.6	0	0
ECASYN-PWY: enterobacterial common antigen biosynthesis	0	79.096	0	0	0	0	0	0	0	0	266.87	52.584	0	0	0	0	129.35	84.517	0	0	30.694	0	0	17.792	14.858	0	159.33	0	8.5536	10.336	153.17	0
ARGDEG-PWY: superpathway of L-arginine, putrescine, and 4-aminobutanoate degradation	0	0	0	0	0	0	0	0	76.028	0	163.1	0	0	0	77.827	0	88.032	0	0	0	178.11	0	0	0	265.05	0	0	0	0	102.26	0	0
ORNARGDEG-PWY: superpathway of L-arginine and L-ornithine degradation	0	0	0	0	0	0	0	0	76.028	0	163.1	0	0	0	77.827	0	88.032	0	0	0	178.11	0	0	0	265.05	0	0	0	0	102.26	0	0
PWY-7165: L-ascorbate biosynthesis VIII (engineered pathway)	0	0	0	0	0	15.568	0	0	0	0	53.339	151.65	0	0	0	85.677	123.82	280.34	0	0	49.053	41.331	0	0	0	27.038	66.542	0	0	50.501	0	0
PWY0-1415: superpathway of heme b biosynthesis from uroporphyrinogen-III	0	0	0	0	14.726	0	0	0	18.065	0	221.43	0	0	4.6595	39.05	0	111.73	0	0	0	80.625	0	0	20.179	111.04	0	101.4	0	15.88	19.752	155.09	0
PWY-7279: aerobic respiration II (cytochrome c) (yeast)	0	0	0	0	11.641	0	0	0	75.421	17.547	227.07	0	15.306	0	66.284	12.316	114.92	41.819	0	0	17.545	28.611	0	0	18.601	0	119.34	0	0	12.009	99.336	0
PWY-6981: chitin biosynthesis	0	360.05	0	0	19.693	5.265	35.768	165.32	11.742	0	13.975	0	32.332	0	0	0	26.062	0	22.605	23.018	0	0	46.849	23.25	0	0	12.045	43.618	13.003	0	0	0
PWY-6565: superpathway of polyamine biosynthesis III	0	0	0	0	0	0	0	17.082	0	0	0	357.15	0	0	0	0	0	339.93	0	0	0	0	0	0	0	0	0	0	0	0	0	0
PWY-7245: superpathway of NAD/NADP - NADH/NADPH interconversion (yeast)	0	0	0	0	16.235	0	0	0	0	0	173.1	0	0	0	0	0	153.72	0	0	0	0	0	0	0	0	0	185.81	0	0	0	155.79	0
DENITRIFICATION-PWY: nitrate reduction I (denitrification)	0	0	0	0	0	5.7653	179.07	0	4.1198	0	0	0	117.5	0	0	0	50.763	26.368	50.027	0	0	30.677	63.896	0	0	0	62.784	72.767	0	0	5.4583	0
TYRFUMCAT-PWY: L-tyrosine degradation I	0	0	0	0	39.913	41.228	0	0	0	0	133.53	7.6398	0	0	0	0	125	9.7878	0	0	0	5.52	0	0	0	0	151.15	0	0	0	153.3	0
PWY-5656: mannosylglycerate biosynthesis I	0	0	0	0	0	0	39.075	0	23.17	0	34.633	2.3496	0	0	0	8.264	41.494	0	0	0	52.955	8.4046	0	0	115.98	0	110.48	0	0	19.688	140.8	0
PWY-5004: superpathway of L-citrulline metabolism	0	0	0	0	25.014	0	65.229	0	0	0	49.334	0	72.908	0	0	0	43.221	0	33.03	0	0	0	101.38	0	0	0	92.793	97.234	0	0	15.532	0
PWY-6562: norspermidine biosynthesis	0	0	0	0	0	0	0	12.908	0	0	4.0133	289.63	0	0	0	0	0	287.29	0	0	0	0	0	0	0	0	0	0	0	0	0	0
PWY-6690: cinnamate and 3-hydroxycinnamate degradation to 2-hydroxypentadienoate	0	0	0	0	0	106.87	0	0	35.874	0	20.46	40.17	0	0	26.716	0	12.732	95.187	0	0	72.425	0	0	0	136.52	0	11.657	0	0	20.868	6.715	0
HCAMHPDEG-PWY: 3-phenylpropanoate and 3-(3-hydroxyphenyl)propanoate degradation to 2-hydroxypentadienoate	0	0	0	0	0	106.87	0	0	35.874	0	20.46	40.17	0	0	26.716	0	12.732	95.187	0	0	72.425	0	0	0	136.52	0	11.657	0	0	20.868	6.715	0
PWY-5514: UDP-N-acetyl-D-galactosamine biosynthesis II	0	0	0	0	0	64.039	0	0	0	19.119	8.5492	141.64	0	0	0	21.708	16.316	183.43	0	0	57.894	0	0	0	0	8.4107	0	0	0	36.743	0	0
PWY-5972: stearate biosynthesis I (animals)	0	0	0	0	0	0	0	0	15.445	0	106.84	27.972	0	0	18.924	0	61.977	88.313	0	0	47.086	0	0	0	40.346	0	47.491	0	0	19.743	30.402	5.9684
THREOCAT-PWY: superpathway of L-threonine metabolism	0	0	0	0	0	0	0	0	0	0	141.52	0	0	0	14.677	0	71.835	0	0	0	23.249	0	0	0	0	0	124.67	0	0	32.974	91.79	0
PWY-7992: superpathway of menaquinol-8 biosynthesis III	0	0	0	0	17.909	21.67	0	0	41.445	0	56.645	0	0	0	42.997	0	67.894	0	0	0	66.897	0	0	0	13.294	0	47.966	0	0	38.483	51.586	15.212
3-HYDROXYPHENYLACETATE-DEGRADATION-PWY: 4-hydroxyphenylacetate degradation	0	0	0	0	4.6925	0	0	0	14.288	0	74.599	0	0	0	15.913	0	58.361	0	0	0	36.672	0	0	0	38.261	0	108.27	0	0	12.51	98.817	0
DARABCATK12-PWY: D-arabinose degradation I	0	0	0	0	0	0	0	0	29.67	0	11.842	0	0	0	67.831	0	11.515	0	0	0	116.63	0	0	0	159.23	0	5.2722	0	0	31.749	12.088	0
PWY-8190: L-glutamate degradation XI (reductive Stickland reaction)	0	0	0	0	8.9475	57.712	0	0	0	0	0	106.77	0	0	0	6.9306	6.0331	229.82	0	0	0	0	0	0	0	0	7.7192	0	0	0	6.8065	0
PWY-7723: bacterial bioluminescence	0	0	0	0	0	0	0	0	34.882	0	59.369	30.41	0	0	32.1	0	0	45.645	0	0	93.602	0	0	0	65.829	0	24.948	0	0	36.582	0	0
KDO-NAGLIPASYN-PWY: superpathway of (Kdo)2-lipid A biosynthesis	0	0	0	0	0	0	0	0	2.1198	0	71.988	16.097	0	0	0	0	64.592	31.136	0	0	22.198	0	0	0	22.096	0	95.758	0	0	8.2794	58.272	0
PWY-7616: methanol oxidation to carbon dioxide	0	0	0	0	0	0	0	0	97.584	0	14.056	0	0	0	88.086	0	26.778	0	0	0	40.674	0	0	0	21.463	0	33.074	0	0	12.421	44.895	0
PWY-7820: teichuronic acid biosynthesis (B. subtilis 168)	0	0	0	0	0	0	0	0	0	5.0396	5.523	105.81	39.872	0	0	3.0485	13.891	154.95	8.6372	0	0	0	18.894	0	0	0	0	0	0	0	0	0
PWY-5030: L-histidine degradation III	0	0	0	9.135	0	0	0	0	60.256	0	0	0	0	0	73.536	15.563	0	0	0	0	72.058	0	0	0	12.49	0	0	0	0	51.005	0	21.833
PWY-7371: 1,4-dihydroxy-6-naphthoate biosynthesis II	0	0	0	4.5787	8.9624	8.4705	0	0	19.843	16.51	22.27	0	0	0	30.052	20.028	28.369	0	0	0	28.372	8.8479	0	0	5.1348	16.319	19.055	0	0	17.934	21.164	16.919
PWY-7374: 1,4-dihydroxy-6-naphthoate biosynthesis I	0	0	0	4.24	8.0584	8.6467	0	0	19.197	16.344	22.557	0	0	0	29.281	19.113	27.181	0	0	0	27.7	8.8587	0	0	5.2553	15.661	19.359	0	0	18.798	20.962	17.478
PWY-5104: L-isoleucine biosynthesis IV	0	0	0	0	0	0	0	0	0	56.902	18.678	0	0	0	0	68.595	18.127	0	0	0	0	25.897	0	0	0	50.987	0	0	0	0	0	38.396
PWY-5747: 2-methylcitrate cycle II	0	0	0	0	0	0	0	0	1.0645	0	55.067	0	0	0	0	0	47.274	0	0	0	58.71	0	0	0	2.9423	0	37.521	0	0	27.283	17.683	0
PWY-7816: poly(ribitol phosphate) wall teichoic acid biosynthesis II (S. aureus)	0	0	0	0	0	0	0	0	0	24.869	51.266	0	0	0	0	0	58.463	109.17	0	0	0	0	0	0	0	0	0	0	0	0	0	0
PWY-5654: 2-amino-3-carboxymuconate semialdehyde degradation to 2-hydroxypentadienoate	0	0	0	0	12.505	0	0	0	0	0	87.294	0	0	0	0	0	67.892	0	0	0	0	0	0	0	0	0	34.899	0	0	0	20.4	0
PWY-6210: 2-aminophenol degradation	0	0	0	0	12.505	0	0	0	0	0	87.294	0	0	0	0	0	67.892	0	0	0	0	0	0	0	0	0	34.899	0	0	0	20.4	0
PWY-7196: superpathway of pyrimidine ribonucleosides salvage	0	0	0	0	0	0	0	0	0	71.105	41.803	0	0	0	0	39.248	20.858	0	0	0	0	23.497	0	0	0	17.158	0	0	0	0	0	0
GALLATE-DEGRADATION-II-PWY: gallate degradation I	0	0	0	0	0	204.33	0	0	0	0	0	0	0	0	0	0	0	0	0	0	0	0	0	0	0	0	0	0	0	0	0	0
PWY-7783: plasmalogen degradation	0	0	0	0	0	0	0	0	6.6649	0	61.058	0	3.709	0	5.8768	0	43.4	0	4.8497	0	0	0	12.719	0	0	0	23.009	0	0	0	35.698	0
PWY-6165: chorismate biosynthesis II (archaea)	0	0	0	0	0	0	190.95	0	0	0	0	0	0	0	0	0	0	0	0	0	0	0	0	0	0	0	0	0	0	0	0	0
PWY-6763: salicortin biosynthesis	0	0	0	0	0	0	25.717	0	0	0	0	0	0	0	0	0	0	0	0	0	0	0	62.437	0	0	0	0	61.341	0	0	0	0
PWY-6174: mevalonate pathway II (haloarchaea)	0	0	0	0	0	0	143.05	0	0	0	0	0	0	0	0	0	0	0	0	0	0	0	0	0	0	0	0	0	0	0	0	0
PWY-8125: mevalonate pathway IV (archaea)	0	0	0	0	0	0	143.05	0	0	0	0	0	0	0	0	0	0	0	0	0	0	0	0	0	0	0	0	0	0	0	0	0
PWY-5647: 2-nitrobenzoate degradation I	0	0	0	0	15.265	0	0	0	0	0	54.818	0	0	0	0	0	40.221	0	0	0	0	0	0	0	0	0	15.799	0	0	0	6.1106	0
PWY-6837: fatty acid &beta;-oxidation V (unsaturated, odd number, di-isomerase-dependent)	0	0	0	0	0	0	0	0	5.0538	0	0	9.562	0	0	7.2996	0	0	13.997	5.792	0	24.658	0	0	0	36.87	0	0	10.961	0	0	0	0
PWY-7376: cob(II)yrinate a,c-diamide biosynthesis II (late cobalt incorporation)	0	0	0	0	0	0	0	0	0	0	0	41.879	0	0	0	0	0	69.435	0	0	0	0	0	0	0	0	0	0	0	0	0	0
4-HYDROXYMANDELATE-DEGRADATION-PWY: 4-hydroxymandelate degradation	0	0	0	0	0	0	0	0	0	0	0	0	0	0	0	0	34.935	0	0	0	0	0	0	0	0	0	48.818	0	0	0	25.568	0
PWY-7815: poly(ribitol phosphate) wall teichoic acid biosynthesis I (B. subtilis)	0	0	0	0	0	0	0	0	0	16.454	0	21.652	0	0	0	16.626	0	44.778	0	0	0	0	0	0	0	0	0	0	0	0	0	9.5137
PWY-7446: sulfoquinovose degradation I	0	0	0	0	0	0	0	0	0	0	46.149	3.3522	0	0	0	0	21.813	0	0	0	0	0	0	0	0	0	18.468	0	0	0	3.7665	0
PWY-6435: 4-hydroxybenzoate biosynthesis III (plants)	0	0	0	0	0	0	25.706	0	0	0	0	0	13.533	0	0	0	0	0	10.82	0	0	0	28.559	0	0	0	0	14.773	0	0	0	0
PWY-6349: CDP-archaeol biosynthesis	0	0	0	0	0	0	88.613	0	0	0	0	0	0	0	0	0	0	0	0	0	0	0	0	0	0	0	0	0	0	0	0	0
PWY-7340: 9-cis, 11-trans-octadecadienoyl-CoA degradation (isomerase-dependent, yeast)	0	0	0	0	0	0	0	0	0	0	0	0	0	0	0	0	14.248	18.402	0	0	16.738	0	0	0	13.525	0	12.101	0	0	0	6.9734	5.508
PWY-8143: L-ascorbate biosynthesis VII (plants, D-galacturonate pathway)	0	0	0	0	0	0	18.965	0	0	0	0	0	11.911	0	0	0	0	0	11.646	0	0	0	20.171	0	0	0	0	23.119	0	0	0	0
PWY-6215: 4-chlorobenzoate degradation	0	0	0	0	0	0	0	0	0	0	1.3402	0	0	0	0	0	9.0372	0	0	0	16.755	0	0	0	0	0	36.49	0	0	4.5381	17.281	0
M-CRESOL-DEGRADATION-PWY: m-cresol degradation	0	0	0	0	0	0	0	0	0	0	0	0	0	0	0	0	61.334	0	0	0	0	0	0	0	0	0	21.736	0	0	0	0	0
PWY-7919: protein N-glycosylation processing phase (plants and animals)	0	0	0	0	0	0	17.989	0	0	0	0	0	12.053	0	0	0	0	0	7.9619	0	0	0	19.24	0	0	0	0	17.979	0	0	0	0
PWY-6328: L-lysine degradation X	0	0	0	0	0	0	0	0	1.5705	0	2.9508	8.8542	0	0	1.9042	0	15.662	43.438	0	0	0	0	0	0	0	0	0	0	0	0	0	0
PWY-6160: 3-dehydroquinate biosynthesis II (archaea)	0	0	0	0	0	0	72.863	0	0	0	0	0	0	0	0	0	0	0	0	0	0	0	0	0	0	0	0	0	0	0	0	0
PWY-6797: 6-hydroxymethyl-dihydropterin diphosphate biosynthesis II (Methanocaldococcus)	0	0	0	11.365	0	0	0	0	0	12.932	17.68	0	0	0	0	18.291	8.5298	0	0	0	0	0	0	0	0	0	0	0	0	0	0	0
PWY-5870: ubiquinol-8 biosynthesis (late decarboxylation)	0	0	0	0	0	0	0	0	6.3057	0	0	0	0	0	6.5858	0	0	0	0	0	19.904	0	0	0	19.196	0	0	0	0	13.841	0	0
PWY-7546: diphthamide biosynthesis II (eukaryotes)	0	0	0	0	24.554	0	0	0	10.579	0	14.671	0	0	0	0	0	9.5348	0	0	0	0	0	0	0	0	0	4.3693	0	0	0	0	0
PWY-7389: superpathway of anaerobic energy metabolism (invertebrates)	0	0	0	0	0	0	0	0	9.0295	0	8.64	0	0	0	6.3732	0	0	0	0	0	24.767	0	0	0	10.327	0	3.7997	0	0	0	0	0
PWY66-388: ceramide degradation by &alpha;-oxidation	0	0	0	0	0	0	0	0	0	0	0	0	0	0	0	0	0	0	0	0	0	9.7384	15.817	11.012	12.374	12.894	0	0	0	0	0	0
PWY-5067: glycogen biosynthesis II (from UDP-D-Glucose)	0	0	0	0	0	0	14.723	0	0	0	0	0	0	0	0	0	0	0	9.0796	0	0	0	16.471	0	0	0	0	21.465	0	0	0	0
PWY-8086: (S)-lactate fermentation to propanoate, acetate and hydrogen	0	0	0	0	0	0	0	0	4.2404	0	4.022	0	0	0	2.9727	0	0	0	0	0	16.607	0	0	0	28.723	0	1.7618	0	0	3.323	0	0
PWY6666-2: dopamine degradation	0	0	0	0	0	0	0	0	0	0	0	0	10.442	0	0	0	0	0	11.009	0	0	11.616	12.58	0	0	0	0	15.88	0	0	0	0
PWY-6342: noradrenaline and adrenaline degradation	0	0	0	0	0	0	0	0	0	0	0	0	9.1672	0	0	0	0	0	11.35	0	0	11.616	12.778	0	0	0	0	15.88	0	0	0	0
PWY0-1221: putrescine degradation II	0	0	0	0	0	0	0	0	7.0234	0	2.2069	0	0	0	1.8692	0	0	0	0	0	22.616	0	0	0	24.314	0	0	0	0	2.2567	0	0
14DICHLORBENZDEG-PWY: 1,4-dichlorobenzene degradation	0	0	0	0	0	0	9.5066	0	0	0	0	0	8.3846	0	0	0	0	0	9.087	0	0	0	15.105	0	0	0	0	16.859	0	0	0	0
PWY-6084: 3,5-dichlorocatechol degradation	0	0	0	0	0	0	9.5066	0	0	0	0	0	8.3846	0	0	0	0	0	9.087	0	0	0	15.105	0	0	0	0	16.859	0	0	0	0
LPSSYN-PWY: superpathway of lipopolysaccharide biosynthesis	0	0	0	0	0	0	0	0	0	0	0	0	0	0	0	0	0	0	0	0	40.483	0	0	0	0	0	4.7979	0	0	11.092	0	0
PWY-8020: D-xylose degradation V	0	0	0	0	0	0	11.065	0	0	0	0	0	0	0	0	0	27.726	0	0	0	0	0	0	0	0	0	14.841	0	0	0	0	0
PWY-5692: allantoin degradation to glyoxylate II	0	0	0	0	0	0	0	0	1.4731	0	0	0	0	0	3.8946	0	0	0	0	0	22.136	0	0	0	10.61	0	8.8659	0	0	6.1929	0	0
URDEGR-PWY: superpathway of allantoin degradation in plants	0	0	0	0	0	0	0	0	1.4731	0	0	0	0	0	3.8946	0	0	0	0	0	22.136	0	0	0	10.61	0	8.8659	0	0	6.1929	0	0
PWY-7159: 3,8-divinyl-chlorophyllide a biosynthesis III (aerobic, light independent)	0	0	0	0	0	0	0	0	5.4987	0	0	0	0	0	0	0	8.4248	0	0	0	7.01	0	0	0	0	0	6.9003	7.3877	0	6.6283	10.115	0
PWY0-461: L-lysine degradation I	0	0	0	0	0	0	0	0	6.8961	0	0	0	0	0	8.2146	0	0	0	0	0	0	0	0	0	27.134	0	0	0	0	3.8858	5.3246	0
PWY-7384: anaerobic energy metabolism (invertebrates, mitochondrial)	0	0	0	0	0	0	0	0	5.5876	0	5.3536	0	0	0	3.9371	0	0	0	0	0	20.692	0	0	0	6.3861	0	2.346	0	0	4.2847	0	0
PWY-7270: L-methionine salvage cycle II (plants)	0	0	0	0	0	0	0	0	0	0	27.816	0	0	0	0	0	0	0	0	0	0	0	0	0	0	0	13.734	0	0	0	0	0
PWY-6263: superpathway of menaquinol-8 biosynthesis II	0	0	0	0	0	0	0	0	17.178	0	0	0	0	0	0	0	0	0	0	0	0	0	0	0	0	0	0	0	0	20.923	0	0
LIPA-CORESYN-PWY: lipid A-core biosynthesis (E. coli K-12)	0	0	0	0	0	0	0	0	0	0	0	0	0	0	0	0	0	0	0	0	24.304	0	0	0	0	0	1.1463	0	0	11.684	0	0
PWY-6920: 6-gingerol analog biosynthesis (engineered)	0	0	0	0	0	0	0	0	0	0	0	0	0	0	0	0	0	8.673	4.8215	0	8.5691	0	0	0	6.7407	0	0	8.0115	0	0	0	0
PWY-7337: 10-cis-heptadecenoyl-CoA degradation (yeast)	0	0	0	0	0	0	0	0	0	0	0	0	0	0	0	0	0	11.193	0	0	12.945	0	0	0	12.42	0	0	0	0	0	0	0
PWY-7338: 10-trans-heptadecenoyl-CoA degradation (reductase-dependent, yeast)	0	0	0	0	0	0	0	0	0	0	0	0	0	0	0	0	0	11.193	0	0	12.945	0	0	0	12.42	0	0	0	0	0	0	0
UBISYN-PWY: superpathway of ubiquinol-8 biosynthesis (early decarboxylation)	0	0	0	0	0	0	0	0	4.4805	0	0	0	0	0	5.2161	0	0	0	0	0	0	0	0	0	11.644	0	0	0	0	10.894	0	0
PWY-1541: superpathway of taurine degradation	0	0	0	0	0	0	0	0	0	0	19.637	0	0	0	0	0	11.34	0	0	0	0	0	0	0	0	0	0	0	0	0	0	0
PWY-7373: superpathway of demethylmenaquinol-6 biosynthesis II	0	0	0	0	0	0	0	0	7.7657	13.865	0	0	0	0	0	0	0	0	0	0	0	0	0	0	0	0	0	0	0	9.1883	0	0
PWY-6708: ubiquinol-8 biosynthesis (early decarboxylation)	0	0	0	0	0	0	0	0	4.0443	0	0	0	0	0	4.9341	0	0	0	0	0	0	0	0	0	10.477	0	0	0	0	9.8535	0	0
PWY-7874: L-threonate degradation	0	0	0	0	0	0	0	0	0	0	0	0	0	0	0	0	0	0	0	0	12.795	0	0	0	11.297	0	0	0	0	3.8611	0	0
ALL-CHORISMATE-PWY: superpathway of chorismate metabolism	0	0	0	0	0	0	0	0	0	0	0	0	0	0	0	0	0	0	0	0	0	0	0	0	27.448	0	0	0	0	0	0	0
PWY-8055: palmitoyl ethanolamide biosynthesis	0	0	0	0	0	0	0	0	4.7872	0	1.9723	18.09	0	0	0	0	0	0	0	0	0	0	0	0	0	0	0	0	0	0	2.5043	0
PWY-6148: tetrahydromethanopterin biosynthesis	0	0	0	0	0	0	26.485	0	0	0	0	0	0	0	0	0	0	0	0	0	0	0	0	0	0	0	0	0	0	0	0	0
PWY-6318: L-phenylalanine degradation IV (mammalian, via side chain)	0	0	0	0	0	0	0	0	2.2502	0	4.9332	0	0	0	0	0	0	0	0	0	0	0	0	0	13.652	0	2.3632	0	0	0	2.7123	0
PWY-7688: dTDP-&alpha;-D-ravidosamine and dTDP-4-acetyl-&alpha;-D-ravidosamine biosynthesis	0	0	0	0	0	0	0	0	0	0	0	4.6517	0	0	0	0	0	20.786	0	0	0	0	0	0	0	0	0	0	0	0	0	0
PWY-6309: L-tryptophan degradation XI (mammalian, via kynurenine)	0	0	0	0	0	0	0	0	0	0	0	0	8.2893	0	0	0	0	0	2.2592	0	0	0	6.7072	0	0	0	0	3.9194	0	0	0	0
PWY-6873: long chain fatty acid ester synthesis (engineered)	0	0	0	0	0	0	0	0	0	0	4.7871	0	0	0	0	0	3.4794	0	0	0	0	0	0	0	0	0	5.7593	0	0	0	6.9421	0
PWY-7807: glyphosate degradation III	0	0	0	0	0	0	0	0	2.252	0	3.305	0	0	0	1.1731	0	0	0	0	0	0	0	0	0	5.298	0	3.8454	0	0	0	3.1728	0
PWY-7511: protein ubiquitination	0	0	0	0	0	0	0	0	14.205	0	0	0	0	0	0	0	0	0	0	0	0	0.85846	1.5354	0.88213	0	1.366	0	0	0	0	0	0
PWY-7805: (aminomethyl)phosphonate degradation	0	0	0	0	0	0	0	0	2.3456	0	2.0989	0	0	0	1.2959	0	0	0	0	0	0	0	0	0	5.8243	0	3.6785	0	0	0	2.8201	0
PWY-7411: phosphatidate biosynthesis (yeast)	0	0	0	0	0	0	0	0	0	0	0	0	0	0	7.1298	0	0	0	0	0	0	0	9.3629	0	0	0	0	0	0	0	0	0
PWY-7724: icosapentaenoate biosynthesis III (8-desaturase, mammals)	0	0	0	0	0	0	0	0	8.9477	0	0	0	0	0	0	0	0	0	0	0	0	5.5166	0	0	0	0	0	0	0	0	0	0
LYSINE-DEG1-PWY: L-lysine degradation XI (mammalian)	0	0	0	0	0	0	0	0	0	0	0	6.5739	0	0	0	0	0	7.8688	0	0	0	0	0	0	0	0	0	0	0	0	0	0
PWY-7725: arachidonate biosynthesis V (8-detaturase, mammals)	0	0	0	0	0	0	0	0	7.4981	0	0	0	0	0	0	0	0	0	0	0	0	4.5998	0	0	0	0	0	0	0	0	0	0
PWY-7035: (9Z)-tricosene biosynthesis	0	0	0	0	0	0	0	0	11.798	0	0	0	0	0	0	0	0	0	0	0	0	0	0	0	0	0	0	0	0	0	0	0
PWY-8041: ultra-long-chain fatty acid biosynthesis	0	0	0	0	0	0	0	0	11.798	0	0	0	0	0	0	0	0	0	0	0	0	0	0	0	0	0	0	0	0	0	0	0
PWY-7036: very long chain fatty acid biosynthesis II	0	0	0	0	0	0	0	0	11.798	0	0	0	0	0	0	0	0	0	0	0	0	0	0	0	0	0	0	0	0	0	0	0
PWY-7873: D-erythronate degradation II	0	0	0	0	0	0	0	0	0	0	0	0	0	0	0	0	0	0	0	0	3.7657	0	0	0	4.1668	0	0	0	0	3.3265	0	0
PWY0-1533: methylphosphonate degradation I	0	0	0	0	0	0	0	0	1.3231	0	1.9523	0	0	0	0.68427	0	0	0	0	0	0	0	0	0	3.0783	0	2.2161	0	0	0	1.8226	0
DHGLUCONATE-PYR-CAT-PWY: glucose degradation (oxidative)	0	0	0	0	0	0	0	0	0	0	0	0	0	0	0	0	0	0	0	0	0	0	0	0	0	0	10.545	0	0	0	0	0
PWY-7409: phospholipid remodeling (phosphatidylethanolamine, yeast)	0	0	0	0	0	0	0	0	0	0	2.1795	0	0	0	0	0	0	0	0	0	0	0	8.313	0	0	0	0	0	0	0	0	0
PWY-7726: (4Z,7Z,10Z,13Z,16Z)-docosapentaenoate biosynthesis (6-desaturase)	0	0	0	0	0	0	0	0	9.8324	0	0	0	0	0	0	0	0	0	0	0	0	0	0	0	0	0	0	0	0	0	0	0
PWY-7606: docosahexaenoate biosynthesis III (6-desaturase, mammals)	0	0	0	0	0	0	0	0	9.8324	0	0	0	0	0	0	0	0	0	0	0	0	0	0	0	0	0	0	0	0	0	0	0
CRNFORCAT-PWY: creatinine degradation I	0	0	0	0	0	0	0	0	0	0	0	0	0	0	0	0	4.0733	0	0	0	0	0	0	0	0	0	0	0	0	0	5.7492	0
PWY-6421: arsenate detoxification IV (mycothiol)	0	0	0	0	0	0	0	0	0	0	8.7867	0	0	0	0	0	0	0	0	0	0	0	0	0	0	0	0	0	0	0	0	0
CARNMET-PWY: L-carnitine degradation I	0	0	0	0	0	0	0	0	0	0	0.99055	0	0	0	0	0	0	0	0	0	2.3627	0	0	0	3.8431	0	0	0	0	1.5658	0	0
PWY-6598: sciadonate biosynthesis	0	0	0	0	0	0	0	0	7.4981	0	0	0	0	0	0	0	0	0	0	0	0	0	0	0	0	0	0	0	0	0	0	0
PWY-7619: juniperonate biosynthesis	0	0	0	0	0	0	0	0	7.4981	0	0	0	0	0	0	0	0	0	0	0	0	0	0	0	0	0	0	0	0	0	0	0
CHLOROPHYLL-SYN: 3,8-divinyl-chlorophyllide a biosynthesis I (aerobic, light-dependent)	0	0	0	0	0	0	0	0	0	0	0	0	0	0	0	0	0	0	0	0	0	0	0	0	0	0	0	7.3877	0	0	0	0
PWY-6948: sitosterol degradation to androstenedione	0	0	0	0	0	0	0	0	0	0	0	0	0	0	0	0	0	0	0	0	0	6.067	0	0	0	0	0	0	0	0	0	0
PWY-5306: superpathway of thiosulfate metabolism (Desulfovibrio sulfodismutans)	0	0	0	0	0	0	0	0	5.4346	0	0	0	0	0	0	0	0	0	0	0	0	0	0	0	0	0	0	0	0	0	0	0
PWY-1361: benzoyl-CoA degradation I (aerobic)	0	0	0	0	0	0	0	0	0	0	0	5.3832	0	0	0	0	0	0	0	0	0	0	0	0	0	0	0	0	0	0	0	0
PWY-5754: 4-hydroxybenzoate biosynthesis I (eukaryotes)	0	0	0	0	0	0	0	0	0	0	0	0	0	0	0	0	0	0	0	0	0	0	0	0	0	0	2.3279	0	0	0	2.5206	0
PWY-6748: nitrate reduction VII (denitrification)	0	0	0	0	0	0	0	0	4.1198	0	0	0	0	0	0	0	0	0	0	0	0	0	0	0	0	0	0	0	0	0	0	0
PWY3DJ-12: ceramide de novo biosynthesis	0	0	0	0	0	0	0	0	0	0	0	0	0	0	0	0	0	0	0	0	0	0	3.7024	0	0	0	0	0	0	0	0	0
PWY-722: nicotinate degradation I	0	0	0	0	0	0	0	0	0	0	0	0	0	0	0	0	3.4935	0	0	0	0	0	0	0	0	0	0	0	0	0	0	0
PWY-5079: L-phenylalanine degradation III	0	0	0	0	0	0	0	0	3.2532	0	0	0	0	0	0	0	0	0	0	0	0	0	0	0	0	0	0	0	0	0	0	0
PWY3O-4108: L-tyrosine degradation III	0	0	0	0	0	0	0	0	3.2532	0	0	0	0	0	0	0	0	0	0	0	0	0	0	0	0	0	0	0	0	0	0	0
