assembly_accession,assembly_name,ncbi_taxid,ftp_url
GCF_041956525.1,Rhipu1,4840,https://ftp.ncbi.nlm.nih.gov/genomes/all/GCF/041/956/525/GCF_041956525.1_Rhipu1/GCF_041956525.1_Rhipu1_genomic.fna.gz
GCF_000002945.2,ASM294v3,4896,https://ftp.ncbi.nlm.nih.gov/genomes/all/GCF/000/002/945/GCF_000002945.2_ASM294v3/GCF_000002945.2_ASM294v3_genomic.fna.gz
GCF_001661405.1,Cybja1,4903,https://ftp.ncbi.nlm.nih.gov/genomes/all/GCF/001/661/405/GCF_001661405.1_Cybja1/GCF_001661405.1_Cybja1_genomic.fna.gz
GCF_003054445.1,ASM305444v1,4909,https://ftp.ncbi.nlm.nih.gov/genomes/all/GCF/003/054/445/GCF_003054445.1_ASM305444v1/GCF_003054445.1_ASM305444v1_genomic.fna.gz
GCF_001661255.1,Wican1,4927,https://ftp.ncbi.nlm.nih.gov/genomes/all/GCF/001/661/255/GCF_001661255.1_Wican1/GCF_001661255.1_Wican1_genomic.fna.gz
GCF_000243375.1,ASM24337v1,4950,https://ftp.ncbi.nlm.nih.gov/genomes/all/GCF/000/243/375/GCF_000243375.1_ASM24337v1/GCF_000243375.1_ASM24337v1_genomic.fna.gz
GCF_001761485.1,ASM176148v1,4952,https://ftp.ncbi.nlm.nih.gov/genomes/all/GCF/001/761/485/GCF_001761485.1_ASM176148v1/GCF_001761485.1_ASM176148v1_genomic.fna.gz
GCF_000026365.1,ASM2636v1,4956,https://ftp.ncbi.nlm.nih.gov/genomes/all/GCF/000/026/365/GCF_000026365.1_ASM2636v1/GCF_000026365.1_ASM2636v1_genomic.fna.gz
GCF_025882075.1,ASM2588207v1,4972,https://ftp.ncbi.nlm.nih.gov/genomes/all/GCF/025/882/075/GCF_025882075.1_ASM2588207v1/GCF_025882075.1_ASM2588207v1_genomic.fna.gz
GCF_002102565.1,Kocim1,4999,https://ftp.ncbi.nlm.nih.gov/genomes/all/GCF/002/102/565/GCF_002102565.1_Kocim1/GCF_002102565.1_Kocim1_genomic.fna.gz
GCF_011074885.1,ASM1107488v2,5007,https://ftp.ncbi.nlm.nih.gov/genomes/all/GCF/011/074/885/GCF_011074885.1_ASM1107488v2/GCF_011074885.1_ASM1107488v2_genomic.fna.gz
GCF_028858645.1,CocheC4_6,5016,https://ftp.ncbi.nlm.nih.gov/genomes/all/GCF/028/858/645/GCF_028858645.1_CocheC4_6/GCF_028858645.1_CocheC4_6_genomic.fna.gz
GCF_022343315.1,CAIQ.LM.1,5022,https://ftp.ncbi.nlm.nih.gov/genomes/all/GCF/022/343/315/GCF_022343315.1_CAIQ.LM.1/GCF_022343315.1_CAIQ.LM.1_genomic.fna.gz
GCF_009017415.1,ASM901741v1,5059,https://ftp.ncbi.nlm.nih.gov/genomes/all/GCF/009/017/415/GCF_009017415.1_ASM901741v1/GCF_009017415.1_ASM901741v1_genomic.fna.gz
GCF_000002855.4,ASM285v2,5061,https://ftp.ncbi.nlm.nih.gov/genomes/all/GCF/000/002/855/GCF_000002855.4_ASM285v2/GCF_000002855.4_ASM285v2_genomic.fna.gz
GCF_013340325.1,ASM1334032v1,5068,https://ftp.ncbi.nlm.nih.gov/genomes/all/GCF/013/340/325/GCF_013340325.1_ASM1334032v1/GCF_013340325.1_ASM1334032v1_genomic.fna.gz
GCF_028827555.1,ASM2882755v1,5074,https://ftp.ncbi.nlm.nih.gov/genomes/all/GCF/028/827/555/GCF_028827555.1_ASM2882755v1/GCF_028827555.1_ASM2882755v1_genomic.fna.gz
GCF_028827035.1,ASM2882703v1,5076,https://ftp.ncbi.nlm.nih.gov/genomes/all/GCF/028/827/035/GCF_028827035.1_ASM2882703v1/GCF_028827035.1_ASM2882703v1_genomic.fna.gz
GCF_028827155.1,ASM2882715v1,5077,https://ftp.ncbi.nlm.nih.gov/genomes/all/GCF/028/827/155/GCF_028827155.1_ASM2882715v1/GCF_028827155.1_ASM2882715v1_genomic.fna.gz
GCF_001561935.1,ASM156193v1,5078,https://ftp.ncbi.nlm.nih.gov/genomes/all/GCF/001/561/935/GCF_001561935.1_ASM156193v1/GCF_001561935.1_ASM156193v1_genomic.fna.gz
GCF_015533775.1,ASM1553377v1,5082,https://ftp.ncbi.nlm.nih.gov/genomes/all/GCF/015/533/775/GCF_015533775.1_ASM1553377v1/GCF_015533775.1_ASM1553377v1_genomic.fna.gz
GCF_028828765.1,ASM2882876v1,5083,https://ftp.ncbi.nlm.nih.gov/genomes/all/GCF/028/828/765/GCF_028828765.1_ASM2882876v1/GCF_028828765.1_ASM2882876v1_genomic.fna.gz
GCF_041956765.1,Thecr1,5088,https://ftp.ncbi.nlm.nih.gov/genomes/all/GCF/041/956/765/GCF_041956765.1_Thecr1/GCF_041956765.1_Thecr1_genomic.fna.gz
GCF_050947815.1,OSU_Fsam_2.1,5128,https://ftp.ncbi.nlm.nih.gov/genomes/all/GCF/050/947/815/GCF_050947815.1_OSU_Fsam_2.1/GCF_050947815.1_OSU_Fsam_2.1_genomic.fna.gz
GCF_033870435.1,ASM3387043v1,5147,https://ftp.ncbi.nlm.nih.gov/genomes/all/GCF/033/870/435/GCF_033870435.1_ASM3387043v1/GCF_033870435.1_ASM3387043v1_genomic.fna.gz
GCF_021052385.1,Filflo1,5210,https://ftp.ncbi.nlm.nih.gov/genomes/all/GCF/021/052/385/GCF_021052385.1_Filflo1/GCF_021052385.1_Filflo1_genomic.fna.gz
GCF_000328475.2,Umaydis521_2.0,5270,https://ftp.ncbi.nlm.nih.gov/genomes/all/GCF/000/328/475/GCF_000328475.2_Umaydis521_2.0/GCF_000328475.2_Umaydis521_2.0_genomic.fna.gz
GCF_014466165.1,ASM1446616v1,5322,https://ftp.ncbi.nlm.nih.gov/genomes/all/GCF/014/466/165/GCF_014466165.1_ASM1446616v1/GCF_014466165.1_ASM1446616v1_genomic.fna.gz
GCF_021015755.1,Lenedo1,5353,https://ftp.ncbi.nlm.nih.gov/genomes/all/GCF/021/015/755/GCF_021015755.1_Lenedo1/GCF_021015755.1_Lenedo1_genomic.fna.gz
GCF_004011695.2,ASM401169v2,5454,https://ftp.ncbi.nlm.nih.gov/genomes/all/GCF/004/011/695/GCF_004011695.2_ASM401169v2/GCF_004011695.2_ASM401169v2_genomic.fna.gz
GCF_014235925.2,CTRU02v2,5467,https://ftp.ncbi.nlm.nih.gov/genomes/all/GCF/014/235/925/GCF_014235925.2_CTRU02v2/GCF_014235925.2_CTRU02v2_genomic.fna.gz
GCF_010111755.1,ASM1011175v1,5478,https://ftp.ncbi.nlm.nih.gov/genomes/all/GCF/010/111/755/GCF_010111755.1_ASM1011175v1/GCF_010111755.1_ASM1011175v1_genomic.fna.gz
GCF_000182765.1,ASM18276v2,5480,https://ftp.ncbi.nlm.nih.gov/genomes/all/GCF/000/182/765/GCF_000182765.1_ASM18276v2/GCF_000182765.1_ASM18276v2_genomic.fna.gz
GCF_008704595.1,ASM870459v1,5481,https://ftp.ncbi.nlm.nih.gov/genomes/all/GCF/008/704/595/GCF_008704595.1_ASM870459v1/GCF_008704595.1_ASM870459v1_genomic.fna.gz
GCF_020509005.1,Cfulv_R5_v5,5499,https://ftp.ncbi.nlm.nih.gov/genomes/all/GCF/020/509/005/GCF_020509005.1_Cfulv_R5_v5/GCF_020509005.1_Cfulv_R5_v5_genomic.fna.gz
GCF_041956635.1,Thela1,5541,https://ftp.ncbi.nlm.nih.gov/genomes/all/GCF/041/956/635/GCF_041956635.1_Thela1/GCF_041956635.1_Thela1_genomic.fna.gz
GCF_001642055.1,Altal1,5599,https://ftp.ncbi.nlm.nih.gov/genomes/all/GCF/001/642/055/GCF_001642055.1_Altal1/GCF_001642055.1_Altal1_genomic.fna.gz
GCF_036630325.1,ASM3663032v1,6039,https://ftp.ncbi.nlm.nih.gov/genomes/all/GCF/036/630/325/GCF_036630325.1_ASM3663032v1/GCF_036630325.1_ASM3663032v1_genomic.fna.gz
GCF_011074865.1,ASM1107486v2,13502,https://ftp.ncbi.nlm.nih.gov/genomes/all/GCF/011/074/865/GCF_011074865.1_ASM1107486v2/GCF_011074865.1_ASM1107486v2_genomic.fna.gz
GCF_000237345.1,ASM23734v1,27288,https://ftp.ncbi.nlm.nih.gov/genomes/all/GCF/000/237/345/GCF_000237345.1_ASM23734v1/GCF_000237345.1_ASM23734v1_genomic.fna.gz
GCF_002079055.1,ASM207905v1,27291,https://ftp.ncbi.nlm.nih.gov/genomes/all/GCF/002/079/055/GCF_002079055.1_ASM207905v1/GCF_002079055.1_ASM207905v1_genomic.fna.gz
GCF_000769745.1,ASM76974v1,27334,https://ftp.ncbi.nlm.nih.gov/genomes/all/GCF/000/769/745/GCF_000769745.1_ASM76974v1/GCF_000769745.1_ASM76974v1_genomic.fna.gz
GCF_030867785.1,Colac2,27357,https://ftp.ncbi.nlm.nih.gov/genomes/all/GCF/030/867/785/GCF_030867785.1_Colac2/GCF_030867785.1_Colac2_genomic.fna.gz
GCF_900007245.1,AQF_AC_PRJEB9495_v1,28549,https://ftp.ncbi.nlm.nih.gov/genomes/all/GCF/900/007/245/GCF_900007245.1_AQF_AC_PRJEB9495_v1/GCF_900007245.1_AQF_AC_PRJEB9495_v1_genomic.fna.gz
GCF_041956625.1,Talth1,28565,https://ftp.ncbi.nlm.nih.gov/genomes/all/GCF/041/956/625/GCF_041956625.1_Talth1/GCF_041956625.1_Talth1_genomic.fna.gz
GCF_000002515.2,ASM251v1,28985,https://ftp.ncbi.nlm.nih.gov/genomes/all/GCF/000/002/515/GCF_000002515.2_ASM251v1/GCF_000002515.2_ASM251v1_genomic.fna.gz
GCF_028829585.1,ASM2882958v1,29845,https://ftp.ncbi.nlm.nih.gov/genomes/all/GCF/028/829/585/GCF_028829585.1_ASM2882958v1/GCF_028829585.1_ASM2882958v1_genomic.fna.gz
GCF_051309035.1,Mrafri1,29902,https://ftp.ncbi.nlm.nih.gov/genomes/all/GCF/051/309/035/GCF_051309035.1_Mrafri1/GCF_051309035.1_Mrafri1_genomic.fna.gz
GCF_025094135.1,Mucmuc1,29922,https://ftp.ncbi.nlm.nih.gov/genomes/all/GCF/025/094/135/GCF_025094135.1_Mucmuc1/GCF_025094135.1_Mucmuc1_genomic.fna.gz
GCF_023168085.1,PurlilCBS_1.0,33203,https://ftp.ncbi.nlm.nih.gov/genomes/all/GCF/023/168/085/GCF_023168085.1_PurlilCBS_1.0/GCF_023168085.1_PurlilCBS_1.0_genomic.fna.gz
GCF_034447905.1,ASM3444790v1,34406,https://ftp.ncbi.nlm.nih.gov/genomes/all/GCF/034/447/905/GCF_034447905.1_ASM3444790v1/GCF_034447905.1_ASM3444790v1_genomic.fna.gz
GCF_022264815.1,Fomros1,34475,https://ftp.ncbi.nlm.nih.gov/genomes/all/GCF/022/264/815/GCF_022264815.1_Fomros1/GCF_022264815.1_Fomros1_genomic.fna.gz
GCF_020623625.1,UHD_SCDLUD_16,36035,https://ftp.ncbi.nlm.nih.gov/genomes/all/GCF/020/623/625/GCF_020623625.1_UHD_SCDLUD_16/GCF_020623625.1_UHD_SCDLUD_16_genomic.fna.gz
GCF_019609905.1,ASM1960990v1,36050,https://ftp.ncbi.nlm.nih.gov/genomes/all/GCF/019/609/905/GCF_019609905.1_ASM1960990v1/GCF_019609905.1_ASM1960990v1_genomic.fna.gz
GCF_028826855.1,ASM2882685v1,36646,https://ftp.ncbi.nlm.nih.gov/genomes/all/GCF/028/826/855/GCF_028826855.1_ASM2882685v1/GCF_028826855.1_ASM2882685v1_genomic.fna.gz
GCF_016767815.1,ASM1676781v1,36651,https://ftp.ncbi.nlm.nih.gov/genomes/all/GCF/016/767/815/GCF_016767815.1_ASM1676781v1/GCF_016767815.1_ASM1676781v1_genomic.fna.gz
GCF_028827405.1,ASM2882740v1,36656,https://ftp.ncbi.nlm.nih.gov/genomes/all/GCF/028/827/405/GCF_028827405.1_ASM2882740v1/GCF_028827405.1_ASM2882740v1_genomic.fna.gz
GCF_014636115.1,ASM1463611v1,36911,https://ftp.ncbi.nlm.nih.gov/genomes/all/GCF/014/636/115/GCF_014636115.1_ASM1463611v1/GCF_014636115.1_ASM1463611v1_genomic.fna.gz
GCF_030384665.1,ASM3038466v1,36914,https://ftp.ncbi.nlm.nih.gov/genomes/all/GCF/030/384/665/GCF_030384665.1_ASM3038466v1/GCF_030384665.1_ASM3038466v1_genomic.fna.gz
GCF_009556855.1,ASM955685v1,37727,https://ftp.ncbi.nlm.nih.gov/genomes/all/GCF/009/556/855/GCF_009556855.1_ASM955685v1/GCF_009556855.1_ASM955685v1_genomic.fna.gz
GCF_050947745.1,ASM5094774v1,37994,https://ftp.ncbi.nlm.nih.gov/genomes/all/GCF/050/947/745/GCF_050947745.1_ASM5094774v1/GCF_050947745.1_ASM5094774v1_genomic.fna.gz
GCF_000151645.1,ASM15164v1,39416,https://ftp.ncbi.nlm.nih.gov/genomes/all/GCF/000/151/645/GCF_000151645.1_ASM15164v1/GCF_000151645.1_ASM15164v1_genomic.fna.gz
GCF_000988165.1,ASM98816v1,40302,https://ftp.ncbi.nlm.nih.gov/genomes/all/GCF/000/988/165/GCF_000988165.1_ASM98816v1/GCF_000988165.1_ASM98816v1_genomic.fna.gz
GCF_028827395.1,ASM2882739v1,40994,https://ftp.ncbi.nlm.nih.gov/genomes/all/GCF/028/827/395/GCF_028827395.1_ASM2882739v1/GCF_028827395.1_ASM2882739v1_genomic.fna.gz
GCF_002237265.1,ASM223726v2,41047,https://ftp.ncbi.nlm.nih.gov/genomes/all/GCF/002/237/265/GCF_002237265.1_ASM223726v2/GCF_002237265.1_ASM223726v2_genomic.fna.gz
GCF_002847045.1,Aspcand1,41067,https://ftp.ncbi.nlm.nih.gov/genomes/all/GCF/002/847/045/GCF_002847045.1_Aspcand1/GCF_002847045.1_Aspcand1_genomic.fna.gz
GCF_047715735.1,Aspmul1_1,41759,https://ftp.ncbi.nlm.nih.gov/genomes/all/GCF/047/715/735/GCF_047715735.1_Aspmul1_1/GCF_047715735.1_Aspmul1_1_genomic.fna.gz
GCF_013402915.1,ASM1340291v1,42260,https://ftp.ncbi.nlm.nih.gov/genomes/all/GCF/013/402/915/GCF_013402915.1_ASM1340291v1/GCF_013402915.1_ASM1340291v1_genomic.fna.gz
GCF_013396075.1,ASM1339607v1,42677,https://ftp.ncbi.nlm.nih.gov/genomes/all/GCF/013/396/075/GCF_013396075.1_ASM1339607v1/GCF_013396075.1_ASM1339607v1_genomic.fna.gz
GCF_051103115.1,ASM5110311v1,43265,https://ftp.ncbi.nlm.nih.gov/genomes/all/GCF/051/103/115/GCF_051103115.1_ASM5110311v1/GCF_051103115.1_ASM5110311v1_genomic.fna.gz
GCF_024521635.1,Tripra1,43433,https://ftp.ncbi.nlm.nih.gov/genomes/all/GCF/024/521/635/GCF_024521635.1_Tripra1/GCF_024521635.1_Tripra1_genomic.fna.gz
GCF_037102585.1,ASM3710258v1,43959,https://ftp.ncbi.nlm.nih.gov/genomes/all/GCF/037/102/585/GCF_037102585.1_ASM3710258v1/GCF_037102585.1_ASM3710258v1_genomic.fna.gz
GCF_038497935.1,Diptot1,44089,https://ftp.ncbi.nlm.nih.gov/genomes/all/GCF/038/497/935/GCF_038497935.1_Diptot1/GCF_038497935.1_Diptot1_genomic.fna.gz
GCF_012971845.1,ASM1297184v1,45133,https://ftp.ncbi.nlm.nih.gov/genomes/all/GCF/012/971/845/GCF_012971845.1_ASM1297184v1/GCF_012971845.1_ASM1297184v1_genomic.fna.gz
GCF_003171515.1,CUR_PTRM4_2.2,45151,https://ftp.ncbi.nlm.nih.gov/genomes/all/GCF/003/171/515/GCF_003171515.1_CUR_PTRM4_2.2/GCF_003171515.1_CUR_PTRM4_2.2_genomic.fna.gz
GCF_001548555.1,ASM154855v1,45286,https://ftp.ncbi.nlm.nih.gov/genomes/all/GCF/001/548/555/GCF_001548555.1_ASM154855v1/GCF_001548555.1_ASM154855v1_genomic.fna.gz
GCF_024043175.1,ASM2404317v1,45303,https://ftp.ncbi.nlm.nih.gov/genomes/all/GCF/024/043/175/GCF_024043175.1_ASM2404317v1/GCF_024043175.1_ASM2404317v1_genomic.fna.gz
GCF_002926055.2,CanHae_1.0,45357,https://ftp.ncbi.nlm.nih.gov/genomes/all/GCF/002/926/055/GCF_002926055.2_CanHae_1.0/GCF_002926055.2_CanHae_1.0_genomic.fna.gz
GCF_019049425.1,ASM1904942v1,45513,https://ftp.ncbi.nlm.nih.gov/genomes/all/GCF/019/049/425/GCF_019049425.1_ASM1904942v1/GCF_019049425.1_ASM1904942v1_genomic.fna.gz
GCF_002251995.1,ASM225199v2,45607,https://ftp.ncbi.nlm.nih.gov/genomes/all/GCF/002/251/995/GCF_002251995.1_ASM225199v2/GCF_002251995.1_ASM225199v2_genomic.fna.gz
GCF_038497815.1,Lipoli1,45792,https://ftp.ncbi.nlm.nih.gov/genomes/all/GCF/038/497/815/GCF_038497815.1_Lipoli1/GCF_038497815.1_Lipoli1_genomic.fna.gz
GCF_042100115.1,ASM4210011v1,48095,https://ftp.ncbi.nlm.nih.gov/genomes/all/GCF/042/100/115/GCF_042100115.1_ASM4210011v1/GCF_042100115.1_ASM4210011v1_genomic.fna.gz
GCF_014133895.1,ASM1413389v1,48254,https://ftp.ncbi.nlm.nih.gov/genomes/all/GCF/014/133/895/GCF_014133895.1_ASM1413389v1/GCF_014133895.1_ASM1413389v1_genomic.fna.gz
GCF_016758785.1,Suibov1,48563,https://ftp.ncbi.nlm.nih.gov/genomes/all/GCF/016/758/785/GCF_016758785.1_Suibov1/GCF_016758785.1_Suibov1_genomic.fna.gz
GCF_016628075.1,Suipal1,48578,https://ftp.ncbi.nlm.nih.gov/genomes/all/GCF/016/628/075/GCF_016628075.1_Suipal1/GCF_016628075.1_Suipal1_genomic.fna.gz
GCF_016647625.1,Suisu1,48586,https://ftp.ncbi.nlm.nih.gov/genomes/all/GCF/016/647/625/GCF_016647625.1_Suisu1/GCF_016647625.1_Suisu1_genomic.fna.gz
GCF_016647635.1,Suisub1,48587,https://ftp.ncbi.nlm.nih.gov/genomes/all/GCF/016/647/635/GCF_016647635.1_Suisub1/GCF_016647635.1_Suisub1_genomic.fna.gz
GCF_020744475.1,Fusre1,48865,https://ftp.ncbi.nlm.nih.gov/genomes/all/GCF/020/744/475/GCF_020744475.1_Fusre1/GCF_020744475.1_Fusre1_genomic.fna.gz
GCF_030347475.1,UMN_CgA_1,51156,https://ftp.ncbi.nlm.nih.gov/genomes/all/GCF/030/347/475/GCF_030347475.1_UMN_CgA_1/GCF_030347475.1_UMN_CgA_1_genomic.fna.gz
GCF_029532465.1,Liptet1,54092,https://ftp.ncbi.nlm.nih.gov/genomes/all/GCF/029/532/465/GCF_029532465.1_Liptet1/GCF_029532465.1_Liptet1_genomic.fna.gz
GCF_037950935.1,Myxme1,54550,https://ftp.ncbi.nlm.nih.gov/genomes/all/GCF/037/950/935/GCF_037950935.1_Myxme1/GCF_037950935.1_Myxme1_genomic.fna.gz
GCF_038497795.1,Liparx1,56418,https://ftp.ncbi.nlm.nih.gov/genomes/all/GCF/038/497/795/GCF_038497795.1_Liparx1/GCF_038497795.1_Liparx1_genomic.fna.gz
GCF_020744135.1,Fusven1,56646,https://ftp.ncbi.nlm.nih.gov/genomes/all/GCF/020/744/135/GCF_020744135.1_Fusven1/GCF_020744135.1_Fusven1_genomic.fna.gz
GCF_038497905.1,Lipjap1,56871,https://ftp.ncbi.nlm.nih.gov/genomes/all/GCF/038/497/905/GCF_038497905.1_Lipjap1/GCF_038497905.1_Lipjap1_genomic.fna.gz
GCF_001447935.2,debFab1.1,58627,https://ftp.ncbi.nlm.nih.gov/genomes/all/GCF/001/447/935/GCF_001447935.2_debFab1.1/GCF_001447935.2_debFab1.1_genomic.fna.gz
GCF_003025115.1,Trici_v4.0,58853,https://ftp.ncbi.nlm.nih.gov/genomes/all/GCF/003/025/115/GCF_003025115.1_Trici_v4.0/GCF_003025115.1_Trici_v4.0_genomic.fna.gz
GCF_003144115.1,Tilwa1,58919,https://ftp.ncbi.nlm.nih.gov/genomes/all/GCF/003/144/115/GCF_003144115.1_Tilwa1/GCF_003144115.1_Tilwa1_genomic.fna.gz
GCF_028828655.1,ASM2882865v1,60171,https://ftp.ncbi.nlm.nih.gov/genomes/all/GCF/028/828/655/GCF_028828655.1_ASM2882865v1/GCF_028828655.1_ASM2882865v1_genomic.fna.gz
GCF_028829755.1,ASM2882975v1,60172,https://ftp.ncbi.nlm.nih.gov/genomes/all/GCF/028/829/755/GCF_028829755.1_ASM2882975v1/GCF_028829755.1_ASM2882975v1_genomic.fna.gz
GCF_903064755.1,KABA2,61262,https://ftp.ncbi.nlm.nih.gov/genomes/all/GCF/903/064/755/GCF_903064755.1_KABA2/GCF_903064755.1_KABA2_genomic.fna.gz
GCF_002104995.1,Linpe1,61395,https://ftp.ncbi.nlm.nih.gov/genomes/all/GCF/002/104/995/GCF_002104995.1_Linpe1/GCF_002104995.1_Linpe1_genomic.fna.gz
GCF_025024165.1,Kicala1,61397,https://ftp.ncbi.nlm.nih.gov/genomes/all/GCF/025/024/165/GCF_025024165.1_Kicala1/GCF_025024165.1_Kicala1_genomic.fna.gz
GCF_009193585.1,Aspcae1,61420,https://ftp.ncbi.nlm.nih.gov/genomes/all/GCF/009/193/585/GCF_009193585.1_Aspcae1/GCF_009193585.1_Aspcae1_genomic.fna.gz
GCF_022984875.1,Hypfra2,63214,https://ftp.ncbi.nlm.nih.gov/genomes/all/GCF/022/984/875/GCF_022984875.1_Hypfra2/GCF_022984875.1_Hypfra2_genomic.fna.gz
GCF_020647795.1,ASM2064779v1,63577,https://ftp.ncbi.nlm.nih.gov/genomes/all/GCF/020/647/795/GCF_020647795.1_ASM2064779v1/GCF_020647795.1_ASM2064779v1_genomic.fna.gz
GCF_028974085.1,ASM2897408v1,63820,https://ftp.ncbi.nlm.nih.gov/genomes/all/GCF/028/974/085/GCF_028974085.1_ASM2897408v1/GCF_028974085.1_ASM2897408v1_genomic.fna.gz
GCF_028827525.1,ASM2882752v1,63821,https://ftp.ncbi.nlm.nih.gov/genomes/all/GCF/028/827/525/GCF_028827525.1_ASM2882752v1/GCF_028827525.1_ASM2882752v1_genomic.fna.gz
GCF_002105155.1,Lobtra1,64571,https://ftp.ncbi.nlm.nih.gov/genomes/all/GCF/002/105/155/GCF_002105155.1_Lobtra1/GCF_002105155.1_Lobtra1_genomic.fna.gz
GCF_025331425.1,Radspe1,64574,https://ftp.ncbi.nlm.nih.gov/genomes/all/GCF/025/331/425/GCF_025331425.1_Radspe1/GCF_025331425.1_Radspe1_genomic.fna.gz
GCF_025528875.1,Mycafr1,64632,https://ftp.ncbi.nlm.nih.gov/genomes/all/GCF/025/528/875/GCF_025528875.1_Mycafr1/GCF_025528875.1_Mycafr1_genomic.fna.gz
GCF_025766255.1,Zycmex1,64656,https://ftp.ncbi.nlm.nih.gov/genomes/all/GCF/025/766/255/GCF_025766255.1_Zycmex1/GCF_025766255.1_Zycmex1_genomic.fna.gz
GCF_004382785.1,ASM438278v1,65468,https://ftp.ncbi.nlm.nih.gov/genomes/all/GCF/004/382/785/GCF_004382785.1_ASM438278v1/GCF_004382785.1_ASM438278v1_genomic.fna.gz
GCF_001723175.1,ASM172317v3,69781,https://ftp.ncbi.nlm.nih.gov/genomes/all/GCF/001/723/175/GCF_001723175.1_ASM172317v3/GCF_001723175.1_ASM172317v3_genomic.fna.gz
GCF_028829465.1,ASM2882946v1,69789,https://ftp.ncbi.nlm.nih.gov/genomes/all/GCF/028/829/465/GCF_028829465.1_ASM2882946v1/GCF_028829465.1_ASM2882946v1_genomic.fna.gz
GCF_028829765.1,ASM2882976v1,69791,https://ftp.ncbi.nlm.nih.gov/genomes/all/GCF/028/829/765/GCF_028829765.1_ASM2882976v1/GCF_028829765.1_ASM2882976v1_genomic.fna.gz
GCF_028974065.1,ASM2897406v1,70096,https://ftp.ncbi.nlm.nih.gov/genomes/all/GCF/028/974/065/GCF_028974065.1_ASM2897406v1/GCF_028974065.1_ASM2897406v1_genomic.fna.gz
GCF_042764415.1,Remth1,72144,https://ftp.ncbi.nlm.nih.gov/genomes/all/GCF/042/764/415/GCF_042764415.1_Remth1/GCF_042764415.1_Remth1_genomic.fna.gz
GCF_011692745.1,ASM1169274v1,74035,https://ftp.ncbi.nlm.nih.gov/genomes/all/GCF/011/692/745/GCF_011692745.1_ASM1169274v1/GCF_011692745.1_ASM1169274v1_genomic.fna.gz
GCF_018404265.1,Aspvir_assembly01,75553,https://ftp.ncbi.nlm.nih.gov/genomes/all/GCF/018/404/265/GCF_018404265.1_Aspvir_assembly01/GCF_018404265.1_Aspvir_assembly01_genomic.fna.gz
GCF_003290485.1,ASM329048v1,76775,https://ftp.ncbi.nlm.nih.gov/genomes/all/GCF/003/290/485/GCF_003290485.1_ASM329048v1/GCF_003290485.1_ASM329048v1_genomic.fna.gz
GCF_001278385.1,MalaPachy,77020,https://ftp.ncbi.nlm.nih.gov/genomes/all/GCF/001/278/385/GCF_001278385.1_MalaPachy/GCF_001278385.1_MalaPachy_genomic.fna.gz
GCF_014595645.1,ASM1459564v1,83186,https://ftp.ncbi.nlm.nih.gov/genomes/all/GCF/014/595/645/GCF_014595645.1_ASM1459564v1/GCF_014595645.1_ASM1459564v1_genomic.fna.gz
GCF_019650295.1,Ck_assembly01,84275,https://ftp.ncbi.nlm.nih.gov/genomes/all/GCF/019/650/295/GCF_019650295.1_Ck_assembly01/GCF_019650295.1_Ck_assembly01_genomic.fna.gz
GCF_000747765.1,ASM74776v1,84753,https://ftp.ncbi.nlm.nih.gov/genomes/all/GCF/000/747/765/GCF_000747765.1_ASM74776v1/GCF_000747765.1_ASM74776v1_genomic.fna.gz
GCF_041956435.1,Mycthe1,85995,https://ftp.ncbi.nlm.nih.gov/genomes/all/GCF/041/956/435/GCF_041956435.1_Mycthe1/GCF_041956435.1_Mycthe1_genomic.fna.gz
GCF_050403205.1,Rt_paludigena_JCM10292v1,86838,https://ftp.ncbi.nlm.nih.gov/genomes/all/GCF/050/403/205/GCF_050403205.1_Rt_paludigena_JCM10292v1/GCF_050403205.1_Rt_paludigena_JCM10292v1_genomic.fna.gz
GCF_014898465.1,ASM1489846v1,87229,https://ftp.ncbi.nlm.nih.gov/genomes/all/GCF/014/898/465/GCF_014898465.1_ASM1489846v1/GCF_014898465.1_ASM1489846v1_genomic.fna.gz
GCF_041956645.1,Rasby1,89139,https://ftp.ncbi.nlm.nih.gov/genomes/all/GCF/041/956/645/GCF_041956645.1_Rasby1/GCF_041956645.1_Rasby1_genomic.fna.gz
GCF_025118155.1,Cokrec1,90255,https://ftp.ncbi.nlm.nih.gov/genomes/all/GCF/025/118/155/GCF_025118155.1_Cokrec1/GCF_025118155.1_Cokrec1_genomic.fna.gz
GCF_001078395.1,Aud_assembly02,91492,https://ftp.ncbi.nlm.nih.gov/genomes/all/GCF/001/078/395/GCF_001078395.1_Aud_assembly02/GCF_001078395.1_Aud_assembly02_genomic.fna.gz
GCF_000836115.1,Exop_spin_CBS89968_V1,91928,https://ftp.ncbi.nlm.nih.gov/genomes/all/GCF/000/836/115/GCF_000836115.1_Exop_spin_CBS89968_V1/GCF_000836115.1_Exop_spin_CBS89968_V1_genomic.fna.gz
GCF_019434415.1,Coph_MacrARSEF324_H1_v1.0,92637,https://ftp.ncbi.nlm.nih.gov/genomes/all/GCF/019/434/415/GCF_019434415.1_Coph_MacrARSEF324_H1_v1.0/GCF_019434415.1_Coph_MacrARSEF324_H1_v1.0_genomic.fna.gz
GCF_028827675.1,ASM2882767v1,94218,https://ftp.ncbi.nlm.nih.gov/genomes/all/GCF/028/827/675/GCF_028827675.1_ASM2882767v1/GCF_028827675.1_ASM2882767v1_genomic.fna.gz
GCF_033439725.1,Gelte1,94610,https://ftp.ncbi.nlm.nih.gov/genomes/all/GCF/033/439/725/GCF_033439725.1_Gelte1/GCF_033439725.1_Gelte1_genomic.fna.gz
GCF_004000055.1,DF_1.0,97331,https://ftp.ncbi.nlm.nih.gov/genomes/all/GCF/004/000/055/GCF_004000055.1_DF_1.0/GCF_004000055.1_DF_1.0_genomic.fna.gz
GCF_001625195.1,ASM162519v1,98403,https://ftp.ncbi.nlm.nih.gov/genomes/all/GCF/001/625/195/GCF_001625195.1_ASM162519v1/GCF_001625195.1_ASM162519v1_genomic.fna.gz
GCF_025201335.1,Gilper1,101096,https://ftp.ncbi.nlm.nih.gov/genomes/all/GCF/025/201/335/GCF_025201335.1_Gilper1/GCF_025201335.1_Gilper1_genomic.fna.gz
GCF_025024155.1,Mormul1,101098,https://ftp.ncbi.nlm.nih.gov/genomes/all/GCF/025/024/155/GCF_025024155.1_Mormul1/GCF_025024155.1_Mormul1_genomic.fna.gz
GCF_025201355.1,Halrad1,101107,https://ftp.ncbi.nlm.nih.gov/genomes/all/GCF/025/201/355/GCF_025201355.1_Halrad1/GCF_025201355.1_Halrad1_genomic.fna.gz
GCF_020647865.1,ASM2064786v1,101201,https://ftp.ncbi.nlm.nih.gov/genomes/all/GCF/020/647/865/GCF_020647865.1_ASM2064786v1/GCF_020647865.1_ASM2064786v1_genomic.fna.gz
GCF_022478755.1,Dalloc1,103429,https://ftp.ncbi.nlm.nih.gov/genomes/all/GCF/022/478/755/GCF_022478755.1_Dalloc1/GCF_022478755.1_Dalloc1_genomic.fna.gz
GCF_003942205.1,ASM394220v1,105984,https://ftp.ncbi.nlm.nih.gov/genomes/all/GCF/003/942/205/GCF_003942205.1_ASM394220v1/GCF_003942205.1_ASM394220v1_genomic.fna.gz
GCF_001792695.1,ASM179269v1,109264,https://ftp.ncbi.nlm.nih.gov/genomes/all/GCF/001/792/695/GCF_001792695.1_ASM179269v1/GCF_001792695.1_ASM179269v1_genomic.fna.gz
GCF_025602895.1,Polagg1_1,110093,https://ftp.ncbi.nlm.nih.gov/genomes/all/GCF/025/602/895/GCF_025602895.1_Polagg1_1/GCF_025602895.1_Polagg1_1_genomic.fna.gz
GCF_020360975.1,ASM2036097v1,111463,https://ftp.ncbi.nlm.nih.gov/genomes/all/GCF/020/360/975/GCF_020360975.1_ASM2036097v1/GCF_020360975.1_ASM2036097v1_genomic.fna.gz
GCF_014066305.1,Lecol_v1.0,112416,https://ftp.ncbi.nlm.nih.gov/genomes/all/GCF/014/066/305/GCF_014066305.1_Lecol_v1.0/GCF_014066305.1_Lecol_v1.0_genomic.fna.gz
GCF_900074925.1,version_1,112498,https://ftp.ncbi.nlm.nih.gov/genomes/all/GCF/900/074/925/GCF_900074925.1_version_1/GCF_900074925.1_version_1_genomic.fna.gz
GCF_022497035.1,Dalver1,114800,https://ftp.ncbi.nlm.nih.gov/genomes/all/GCF/022/497/035/GCF_022497035.1_Dalver1/GCF_022497035.1_Dalver1_genomic.fna.gz
GCF_016647745.1,Suiplo1,116603,https://ftp.ncbi.nlm.nih.gov/genomes/all/GCF/016/647/745/GCF_016647745.1_Suiplo1/GCF_016647745.1_Suiplo1_genomic.fna.gz
GCF_028827245.1,ASM2882724v1,116970,https://ftp.ncbi.nlm.nih.gov/genomes/all/GCF/028/827/245/GCF_028827245.1_ASM2882724v1/GCF_028827245.1_ASM2882724v1_genomic.fna.gz
GCF_907166805.1,ALTATR162,119953,https://ftp.ncbi.nlm.nih.gov/genomes/all/GCF/907/166/805/GCF_907166805.1_ALTATR162/GCF_907166805.1_ALTATR162_genomic.fna.gz
GCF_900519145.1,Uho2_v1,120017,https://ftp.ncbi.nlm.nih.gov/genomes/all/GCF/900/519/145/GCF_900519145.1_Uho2_v1/GCF_900519145.1_Uho2_v1_genomic.fna.gz
GCF_038381095.1,Phycap1,121624,https://ftp.ncbi.nlm.nih.gov/genomes/all/GCF/038/381/095/GCF_038381095.1_Phycap1/GCF_038381095.1_Phycap1_genomic.fna.gz
GCF_013368755.1,ASM1336875v1,121627,https://ftp.ncbi.nlm.nih.gov/genomes/all/GCF/013/368/755/GCF_013368755.1_ASM1336875v1/GCF_013368755.1_ASM1336875v1_genomic.fna.gz
GCF_033473495.1,ASM3347349v1,122368,https://ftp.ncbi.nlm.nih.gov/genomes/all/GCF/033/473/495/GCF_033473495.1_ASM3347349v1/GCF_033473495.1_ASM3347349v1_genomic.fna.gz
GCF_028826915.1,ASM2882691v1,126998,https://ftp.ncbi.nlm.nih.gov/genomes/all/GCF/028/826/915/GCF_028826915.1_ASM2882691v1/GCF_028826915.1_ASM2882691v1_genomic.fna.gz
GCF_009193445.1,Asppset1,132259,https://ftp.ncbi.nlm.nih.gov/genomes/all/GCF/009/193/445/GCF_009193445.1_Asppset1/GCF_009193445.1_Asppset1_genomic.fna.gz
GCF_016097325.1,ASM1609732v1,138277,https://ftp.ncbi.nlm.nih.gov/genomes/all/GCF/016/097/325/GCF_016097325.1_ASM1609732v1/GCF_016097325.1_ASM1609732v1_genomic.fna.gz
GCF_022376445.1,Antser1,139415,https://ftp.ncbi.nlm.nih.gov/genomes/all/GCF/022/376/445/GCF_022376445.1_Antser1/GCF_022376445.1_Antser1_genomic.fna.gz
GCF_014898295.1,ASM1489829v1,139641,https://ftp.ncbi.nlm.nih.gov/genomes/all/GCF/014/898/295/GCF_014898295.1_ASM1489829v1/GCF_014898295.1_ASM1489829v1_genomic.fna.gz
GCF_003851025.1,SCP_1.1,139825,https://ftp.ncbi.nlm.nih.gov/genomes/all/GCF/003/851/025/GCF_003851025.1_SCP_1.1/GCF_003851025.1_SCP_1.1_genomic.fna.gz
GCF_020906515.1,ASM2090651v1,143232,https://ftp.ncbi.nlm.nih.gov/genomes/all/GCF/020/906/515/GCF_020906515.1_ASM2090651v1/GCF_020906515.1_ASM2090651v1_genomic.fna.gz
GCF_023278565.1,ASM2327856v1,145971,https://ftp.ncbi.nlm.nih.gov/genomes/all/GCF/023/278/565/GCF_023278565.1_ASM2327856v1/GCF_023278565.1_ASM2327856v1_genomic.fna.gz
GCF_004355905.1,PgNI,148305,https://ftp.ncbi.nlm.nih.gov/genomes/all/GCF/004/355/905/GCF_004355905.1_PgNI/GCF_004355905.1_PgNI_genomic.fna.gz
GCF_001500285.1,Phisc1,149040,https://ftp.ncbi.nlm.nih.gov/genomes/all/GCF/001/500/285/GCF_001500285.1_Phisc1/GCF_001500285.1_Phisc1_genomic.fna.gz
GCF_020726525.1,Truan1,152316,https://ftp.ncbi.nlm.nih.gov/genomes/all/GCF/020/726/525/GCF_020726525.1_Truan1/GCF_020726525.1_Truan1_genomic.fna.gz
GCF_004154835.1,ASM415483v1,156630,https://ftp.ncbi.nlm.nih.gov/genomes/all/GCF/004/154/835/GCF_004154835.1_ASM415483v1/GCF_004154835.1_ASM415483v1_genomic.fna.gz
GCF_021901695.1,Pst134E36_v1_pri,168172,https://ftp.ncbi.nlm.nih.gov/genomes/all/GCF/021/901/695/GCF_021901695.1_Pst134E36_v1_pri/GCF_021901695.1_Pst134E36_v1_pri_genomic.fna.gz
GCF_028828555.1,ASM2882855v1,168475,https://ftp.ncbi.nlm.nih.gov/genomes/all/GCF/028/828/555/GCF_028828555.1_ASM2882855v1/GCF_028828555.1_ASM2882855v1_genomic.fna.gz
GCF_023522795.1,NDSU_Fsol_1.0,169388,https://ftp.ncbi.nlm.nih.gov/genomes/all/GCF/023/522/795/GCF_023522795.1_NDSU_Fsol_1.0/GCF_023522795.1_NDSU_Fsol_1.0_genomic.fna.gz
GCF_033847375.1,Triagg1,173218,https://ftp.ncbi.nlm.nih.gov/genomes/all/GCF/033/847/375/GCF_033847375.1_Triagg1/GCF_033847375.1_Triagg1_genomic.fna.gz
GCF_047715705.1,Aspamb1,176160,https://ftp.ncbi.nlm.nih.gov/genomes/all/GCF/047/715/705/GCF_047715705.1_Aspamb1/GCF_047715705.1_Aspamb1_genomic.fna.gz
GCF_044049455.1,Aspluc1,176173,https://ftp.ncbi.nlm.nih.gov/genomes/all/GCF/044/049/455/GCF_044049455.1_Aspluc1/GCF_044049455.1_Aspluc1_genomic.fna.gz
GCF_028828445.1,ASM2882844v1,176176,https://ftp.ncbi.nlm.nih.gov/genomes/all/GCF/028/828/445/GCF_028828445.1_ASM2882844v1/GCF_028828445.1_ASM2882844v1_genomic.fna.gz
GCF_044049435.1,Asppdef1,176178,https://ftp.ncbi.nlm.nih.gov/genomes/all/GCF/044/049/435/GCF_044049435.1_Asppdef1/GCF_044049435.1_Asppdef1_genomic.fna.gz
GCF_023757985.1,ASM2375798v1,181014,https://ftp.ncbi.nlm.nih.gov/genomes/all/GCF/023/757/985/GCF_023757985.1_ASM2375798v1/GCF_023757985.1_ASM2375798v1_genomic.fna.gz
GCF_024043145.1,ASM2404314v1,181017,https://ftp.ncbi.nlm.nih.gov/genomes/all/GCF/024/043/145/GCF_024043145.1_ASM2404314v1/GCF_024043145.1_ASM2404314v1_genomic.fna.gz
GCF_018924745.1,UU_Maror_2,181124,https://ftp.ncbi.nlm.nih.gov/genomes/all/GCF/018/924/745/GCF_018924745.1_UU_Maror_2/GCF_018924745.1_UU_Maror_2_genomic.fna.gz
GCF_041260175.1,TUD_VanAlb_v1.0,181172,https://ftp.ncbi.nlm.nih.gov/genomes/all/GCF/041/260/175/GCF_041260175.1_TUD_VanAlb_v1.0/GCF_041260175.1_TUD_VanAlb_v1.0_genomic.fna.gz
GCF_017499595.1,MGC_Penvy_1,181762,https://ftp.ncbi.nlm.nih.gov/genomes/all/GCF/017/499/595/GCF_017499595.1_MGC_Penvy_1/GCF_017499595.1_MGC_Penvy_1_genomic.fna.gz
GCF_016861735.1,AchevalieriM1_assembly01,182096,https://ftp.ncbi.nlm.nih.gov/genomes/all/GCF/016/861/735/GCF_016861735.1_AchevalieriM1_assembly01/GCF_016861735.1_AchevalieriM1_assembly01_genomic.fna.gz
GCF_050403485.1,S_salmoneus_JCM6883v1,183962,https://ftp.ncbi.nlm.nih.gov/genomes/all/GCF/050/403/485/GCF_050403485.1_S_salmoneus_JCM6883v1/GCF_050403485.1_S_salmoneus_JCM6883v1_genomic.fna.gz
GCF_028826845.1,ASM2882684v1,189055,https://ftp.ncbi.nlm.nih.gov/genomes/all/GCF/028/826/845/GCF_028826845.1_ASM2882684v1/GCF_028826845.1_ASM2882684v1_genomic.fna.gz
GCF_900044065.1,Genome_assembly_version_1,192010,https://ftp.ncbi.nlm.nih.gov/genomes/all/GCF/900/044/065/GCF_900044065.1_Genome_assembly_version_1/GCF_900044065.1_Genome_assembly_version_1_genomic.fna.gz
GCF_026873545.1,ASM2687354v1,195108,https://ftp.ncbi.nlm.nih.gov/genomes/all/GCF/026/873/545/GCF_026873545.1_ASM2687354v1/GCF_026873545.1_ASM2687354v1_genomic.fna.gz
GCF_028828005.1,ASM2882800v1,203109,https://ftp.ncbi.nlm.nih.gov/genomes/all/GCF/028/828/005/GCF_028828005.1_ASM2882800v1/GCF_028828005.1_ASM2882800v1_genomic.fna.gz
GCF_026914185.1,ASM2691418v1,208348,https://ftp.ncbi.nlm.nih.gov/genomes/all/GCF/026/914/185/GCF_026914185.1_ASM2691418v1/GCF_026914185.1_ASM2691418v1_genomic.fna.gz
GCF_009176365.1,Aspalli1,209559,https://ftp.ncbi.nlm.nih.gov/genomes/all/GCF/009/176/365/GCF_009176365.1_Aspalli1/GCF_009176365.1_Aspalli1_genomic.fna.gz
GCF_047715535.1,Aspfove1,210207,https://ftp.ncbi.nlm.nih.gov/genomes/all/GCF/047/715/535/GCF_047715535.1_Aspfove1/GCF_047715535.1_Aspfove1_genomic.fna.gz
GCF_000836275.1,Exop_meso_CBS40295_V1,212818,https://ftp.ncbi.nlm.nih.gov/genomes/all/GCF/000/836/275/GCF_000836275.1_Exop_meso_CBS40295_V1/GCF_000836275.1_Exop_meso_CBS40295_V1_genomic.fna.gz
GCF_000091045.1,ASM9104v1,214684,https://ftp.ncbi.nlm.nih.gov/genomes/all/GCF/000/091/045/GCF_000091045.1_ASM9104v1/GCF_000091045.1_ASM9104v1_genomic.fna.gz
GCF_000835515.1,Exop_olig_CBS72588_V1,215243,https://ftp.ncbi.nlm.nih.gov/genomes/all/GCF/000/835/515/GCF_000835515.1_Exop_olig_CBS72588_V1/GCF_000835515.1_Exop_olig_CBS72588_V1_genomic.fna.gz
GCF_003144295.1,Acain1,215250,https://ftp.ncbi.nlm.nih.gov/genomes/all/GCF/003/144/295/GCF_003144295.1_Acain1/GCF_003144295.1_Acain1_genomic.fna.gz
GCF_029542785.1,ASM2954278v1,223818,https://ftp.ncbi.nlm.nih.gov/genomes/all/GCF/029/542/785/GCF_029542785.1_ASM2954278v1/GCF_029542785.1_ASM2954278v1_genomic.fna.gz
GCF_947241705.1,Smik-IFO1815,226126,https://ftp.ncbi.nlm.nih.gov/genomes/all/GCF/947/241/705/GCF_947241705.1_Smik-IFO1815/GCF_947241705.1_Smik-IFO1815_genomic.fna.gz
GCF_947243775.1,Skud-IFO1802,226230,https://ftp.ncbi.nlm.nih.gov/genomes/all/GCF/947/243/775/GCF_947243775.1_Skud-IFO1802/GCF_947243775.1_Skud-IFO1802_genomic.fna.gz
GCF_000011425.1,ASM1142v1,227321,https://ftp.ncbi.nlm.nih.gov/genomes/all/GCF/000/011/425/GCF_000011425.1_ASM1142v1/GCF_000011425.1_ASM1142v1_genomic.fna.gz
GCF_000240135.3,ASM24013v3,229533,https://ftp.ncbi.nlm.nih.gov/genomes/all/GCF/000/240/135/GCF_000240135.3_ASM24013v3/GCF_000240135.3_ASM24013v3_genomic.fna.gz
GCF_003316985.1,ASM331698v1,231269,https://ftp.ncbi.nlm.nih.gov/genomes/all/GCF/003/316/985/GCF_003316985.1_ASM331698v1/GCF_003316985.1_ASM331698v1_genomic.fna.gz
GCF_024043155.1,ASM2404315v1,232088,https://ftp.ncbi.nlm.nih.gov/genomes/all/GCF/024/043/155/GCF_024043155.1_ASM2404315v1/GCF_024043155.1_ASM2404315v1_genomic.fna.gz
GCF_000149245.1,CNA3,235443,https://ftp.ncbi.nlm.nih.gov/genomes/all/GCF/000/149/245/GCF_000149245.1_CNA3/GCF_000149245.1_CNA3_genomic.fna.gz
GCF_001883845.1,ASM188384v1,236234,https://ftp.ncbi.nlm.nih.gov/genomes/all/GCF/001/883/845/GCF_001883845.1_ASM188384v1/GCF_001883845.1_ASM188384v1_genomic.fna.gz
GCF_000182965.3,ASM18296v3,237561,https://ftp.ncbi.nlm.nih.gov/genomes/all/GCF/000/182/965/GCF_000182965.3_ASM18296v3/GCF_000182965.3_ASM18296v3_genomic.fna.gz
GCF_000182895.1,CC3,240176,https://ftp.ncbi.nlm.nih.gov/genomes/all/GCF/000/182/895/GCF_000182895.1_CC3/GCF_000182895.1_CC3_genomic.fna.gz
GCF_000002495.2,MG8,242507,https://ftp.ncbi.nlm.nih.gov/genomes/all/GCF/000/002/495/GCF_000002495.2_MG8/GCF_000002495.2_MG8_genomic.fna.gz
GCF_010093505.1,Horac1,245834,https://ftp.ncbi.nlm.nih.gov/genomes/all/GCF/010/093/505/GCF_010093505.1_Horac1/GCF_010093505.1_Horac1_genomic.fna.gz
GCF_000149305.1,RO3,246409,https://ftp.ncbi.nlm.nih.gov/genomes/all/GCF/000/149/305/GCF_000149305.1_RO3/GCF_000149305.1_RO3_genomic.fna.gz
GCF_000149335.2,ASM14933v2,246410,https://ftp.ncbi.nlm.nih.gov/genomes/all/GCF/000/149/335/GCF_000149335.2_ASM14933v2/GCF_000149335.2_ASM14933v2_genomic.fna.gz
GCF_000836295.1,O_gall_CBS43764,253628,https://ftp.ncbi.nlm.nih.gov/genomes/all/GCF/000/836/295/GCF_000836295.1_O_gall_CBS43764/GCF_000836295.1_O_gall_CBS43764_genomic.fna.gz
GCF_001642475.1,ASM164247v1,254056,https://ftp.ncbi.nlm.nih.gov/genomes/all/GCF/001/642/475/GCF_001642475.1_ASM164247v1/GCF_001642475.1_ASM164247v1_genomic.fna.gz
GCF_004022145.1,Paevar1,264951,https://ftp.ncbi.nlm.nih.gov/genomes/all/GCF/004/022/145/GCF_004022145.1_Paevar1/GCF_004022145.1_Paevar1_genomic.fna.gz
GCF_028829835.1,ASM2882983v1,268346,https://ftp.ncbi.nlm.nih.gov/genomes/all/GCF/028/829/835/GCF_028829835.1_ASM2882983v1/GCF_028829835.1_ASM2882983v1_genomic.fna.gz
GCF_045282275.1,CBM3,273131,https://ftp.ncbi.nlm.nih.gov/genomes/all/GCF/045/282/275/GCF_045282275.1_CBM3/GCF_045282275.1_CBM3_genomic.fna.gz
GCF_017655625.1,BP57,273372,https://ftp.ncbi.nlm.nih.gov/genomes/all/GCF/017/655/625/GCF_017655625.1_BP57/GCF_017655625.1_BP57_genomic.fna.gz
GCF_036370985.1,Kaz3,278026,https://ftp.ncbi.nlm.nih.gov/genomes/all/GCF/036/370/985/GCF_036370985.1_Kaz3/GCF_036370985.1_Kaz3_genomic.fna.gz
GCF_030864355.1,ASM3086435v1,279322,https://ftp.ncbi.nlm.nih.gov/genomes/all/GCF/030/864/355/GCF_030864355.1_ASM3086435v1/GCF_030864355.1_ASM3086435v1_genomic.fna.gz
GCF_005498985.1,PGRAM_IIB_1.0,280036,https://ftp.ncbi.nlm.nih.gov/genomes/all/GCF/005/498/985/GCF_005498985.1_PGRAM_IIB_1.0/GCF_005498985.1_PGRAM_IIB_1.0_genomic.fna.gz
GCF_023757995.1,ASM2375799v1,283354,https://ftp.ncbi.nlm.nih.gov/genomes/all/GCF/023/757/995/GCF_023757995.1_ASM2375799v1/GCF_023757995.1_ASM2375799v1_genomic.fna.gz
GCF_000149385.1,ASM14938v1,283643,https://ftp.ncbi.nlm.nih.gov/genomes/all/GCF/000/149/385/GCF_000149385.1_ASM14938v1/GCF_000149385.1_ASM14938v1_genomic.fna.gz
GCF_000006445.2,ASM644v2,284592,https://ftp.ncbi.nlm.nih.gov/genomes/all/GCF/000/006/445/GCF_000006445.2_ASM644v2/GCF_000006445.2_ASM644v2_genomic.fna.gz
GCF_000091025.4,ASM9102v4,284811,https://ftp.ncbi.nlm.nih.gov/genomes/all/GCF/000/091/025/GCF_000091025.4_ASM9102v4/GCF_000091025.4_ASM9102v4_genomic.fna.gz
GCF_000091225.2,ASM9122v2,284813,https://ftp.ncbi.nlm.nih.gov/genomes/all/GCF/000/091/225/GCF_000091225.2_ASM9122v2/GCF_000091225.2_ASM9122v2_genomic.fna.gz
GCF_035610405.1,ASM3561040v1,291208,https://ftp.ncbi.nlm.nih.gov/genomes/all/GCF/035/610/405/GCF_035610405.1_ASM3561040v1/GCF_035610405.1_ASM3561040v1_genomic.fna.gz
GCF_028827145.1,ASM2882714v1,293559,https://ftp.ncbi.nlm.nih.gov/genomes/all/GCF/028/827/145/GCF_028827145.1_ASM2882714v1/GCF_028827145.1_ASM2882714v1_genomic.fna.gz
GCF_010724455.1,ASM1072445v1,293939,https://ftp.ncbi.nlm.nih.gov/genomes/all/GCF/010/724/455/GCF_010724455.1_ASM1072445v1/GCF_010724455.1_ASM1072445v1_genomic.fna.gz
GCF_000149425.1,ASM14942v1,294746,https://ftp.ncbi.nlm.nih.gov/genomes/all/GCF/000/149/425/GCF_000149425.1_ASM14942v1/GCF_000149425.1_ASM14942v1_genomic.fna.gz
GCF_000006335.3,ASM633v3,294747,https://ftp.ncbi.nlm.nih.gov/genomes/all/GCF/000/006/335/GCF_000006335.3_ASM633v3/GCF_000006335.3_ASM633v3_genomic.fna.gz
GCF_002954075.1,C._deuterogattii_R265_chr,294750,https://ftp.ncbi.nlm.nih.gov/genomes/all/GCF/002/954/075/GCF_002954075.1_C._deuterogattii_R265_chr/GCF_002954075.1_C._deuterogattii_R265_chr_genomic.fna.gz
GCF_023758025.1,ASM2375802v1,297637,https://ftp.ncbi.nlm.nih.gov/genomes/all/GCF/023/758/025/GCF_023758025.1_ASM2375802v1/GCF_023758025.1_ASM2375802v1_genomic.fna.gz
GCF_010093625.1,Macan1,301207,https://ftp.ncbi.nlm.nih.gov/genomes/all/GCF/010/093/625/GCF_010093625.1_Macan1/GCF_010093625.1_Macan1_genomic.fna.gz
GCF_028827735.1,ASM2882773v1,303699,https://ftp.ncbi.nlm.nih.gov/genomes/all/GCF/028/827/735/GCF_028827735.1_ASM2882773v1/GCF_028827735.1_ASM2882773v1_genomic.fna.gz
GCF_000143365.1,ASM14336v1,306901,https://ftp.ncbi.nlm.nih.gov/genomes/all/GCF/000/143/365/GCF_000143365.1_ASM14336v1/GCF_000143365.1_ASM14336v1_genomic.fna.gz
GCF_010094085.1,Wesor1,318751,https://ftp.ncbi.nlm.nih.gov/genomes/all/GCF/010/094/085/GCF_010094085.1_Wesor1/GCF_010094085.1_Wesor1_genomic.fna.gz
GCF_000146915.1,ASM14691v2,321614,https://ftp.ncbi.nlm.nih.gov/genomes/all/GCF/000/146/915/GCF_000146915.1_ASM14691v2/GCF_000146915.1_ASM14691v2_genomic.fna.gz
GCF_000209165.1,ASM20916v1,322104,https://ftp.ncbi.nlm.nih.gov/genomes/all/GCF/000/209/165/GCF_000209165.1_ASM20916v1/GCF_000209165.1_ASM20916v1_genomic.fna.gz
GCF_022478825.1,Dalcal1,326644,https://ftp.ncbi.nlm.nih.gov/genomes/all/GCF/022/478/825/GCF_022478825.1_Dalcal1/GCF_022478825.1_Dalcal1_genomic.fna.gz
GCF_008694065.1,Dalch_JS-1345,326645,https://ftp.ncbi.nlm.nih.gov/genomes/all/GCF/008/694/065/GCF_008694065.1_Dalch_JS-1345/GCF_008694065.1_Dalch_JS-1345_genomic.fna.gz
GCF_022478715.1,Daldec1,326647,https://ftp.ncbi.nlm.nih.gov/genomes/all/GCF/022/478/715/GCF_022478715.1_Daldec1/GCF_022478715.1_Daldec1_genomic.fna.gz
GCF_022578975.1,Hyptru1,326681,https://ftp.ncbi.nlm.nih.gov/genomes/all/GCF/022/578/975/GCF_022578975.1_Hyptru1/GCF_022578975.1_Hyptru1_genomic.fna.gz
GCF_022495145.1,Xylbam139988_1,326684,https://ftp.ncbi.nlm.nih.gov/genomes/all/GCF/022/495/145/GCF_022495145.1_Xylbam139988_1/GCF_022495145.1_Xylbam139988_1_genomic.fna.gz
GCF_022578515.1,Anntru1,327061,https://ftp.ncbi.nlm.nih.gov/genomes/all/GCF/022/578/515/GCF_022578515.1_Anntru1/GCF_022578515.1_Anntru1_genomic.fna.gz
GCF_000002655.1,ASM265v1,330879,https://ftp.ncbi.nlm.nih.gov/genomes/all/GCF/000/002/655/GCF_000002655.1_ASM265v1/GCF_000002655.1_ASM265v1_genomic.fna.gz
GCF_000149645.3,ASM14964v4,331117,https://ftp.ncbi.nlm.nih.gov/genomes/all/GCF/000/149/645/GCF_000149645.3_ASM14964v4/GCF_000149645.3_ASM14964v4_genomic.fna.gz
GCF_000143535.2,ASM14353v4,332648,https://ftp.ncbi.nlm.nih.gov/genomes/all/GCF/000/143/535/GCF_000143535.2_ASM14353v4/GCF_000143535.2_ASM14353v4_genomic.fna.gz
GCF_000149555.1,ASM14955v1,334819,https://ftp.ncbi.nlm.nih.gov/genomes/all/GCF/000/149/555/GCF_000149555.1_ASM14955v1/GCF_000149555.1_ASM14955v1_genomic.fna.gz
GCF_038362705.1,ASM3836270v1,335848,https://ftp.ncbi.nlm.nih.gov/genomes/all/GCF/038/362/705/GCF_038362705.1_ASM3836270v1/GCF_038362705.1_ASM3836270v1_genomic.fna.gz
GCF_038362585.1,ASM3836258v1,335849,https://ftp.ncbi.nlm.nih.gov/genomes/all/GCF/038/362/585/GCF_038362585.1_ASM3836258v1/GCF_038362585.1_ASM3836258v1_genomic.fna.gz
GCF_000219625.1,MYCGR_v2.0,336722,https://ftp.ncbi.nlm.nih.gov/genomes/all/GCF/000/219/625/GCF_000219625.1_MYCGR_v2.0/GCF_000219625.1_MYCGR_v2.0_genomic.fna.gz
GCF_000003515.1,ASM351v2,336963,https://ftp.ncbi.nlm.nih.gov/genomes/all/GCF/000/003/515/GCF_000003515.1_ASM351v2/GCF_000003515.1_ASM351v2_genomic.fna.gz
GCF_000149615.1,ASM14961v1,341663,https://ftp.ncbi.nlm.nih.gov/genomes/all/GCF/000/149/615/GCF_000149615.1_ASM14961v1/GCF_000149615.1_ASM14961v1_genomic.fna.gz
GCF_001662655.1,ASM166265v1,342668,https://ftp.ncbi.nlm.nih.gov/genomes/all/GCF/001/662/655/GCF_001662655.1_ASM166265v1/GCF_001662655.1_ASM166265v1_genomic.fna.gz
GCF_000002715.2,ASM271v1,344612,https://ftp.ncbi.nlm.nih.gov/genomes/all/GCF/000/002/715/GCF_000002715.2_ASM271v1/GCF_000002715.2_ASM271v1_genomic.fna.gz
GCF_000835505.1,Exop_xeno_CBS118157_V1,348802,https://ftp.ncbi.nlm.nih.gov/genomes/all/GCF/000/835/505/GCF_000835505.1_Exop_xeno_CBS118157_V1/GCF_000835505.1_Exop_xeno_CBS118157_V1_genomic.fna.gz
GCF_030913505.1,Colph1,359342,https://ftp.ncbi.nlm.nih.gov/genomes/all/GCF/030/913/505/GCF_030913505.1_Colph1/GCF_030913505.1_Colph1_genomic.fna.gz
GCF_000182925.2,NC12,367110,https://ftp.ncbi.nlm.nih.gov/genomes/all/GCF/000/182/925/GCF_000182925.2_NC12/GCF_000182925.2_NC12_genomic.fna.gz
GCF_000185945.1,ASM18594v1,367775,https://ftp.ncbi.nlm.nih.gov/genomes/all/GCF/000/185/945/GCF_000185945.1_ASM18594v1/GCF_000185945.1_ASM18594v1_genomic.fna.gz
GCF_022376455.1,Epityp1,378194,https://ftp.ncbi.nlm.nih.gov/genomes/all/GCF/022/376/455/GCF_022376455.1_Epityp1/GCF_022376455.1_Epityp1_genomic.fna.gz
GCF_038497915.1,Lipodoor1,383834,https://ftp.ncbi.nlm.nih.gov/genomes/all/GCF/038/497/915/GCF_038497915.1_Lipodoor1/GCF_038497915.1_Lipodoor1_genomic.fna.gz
GCF_000340215.1,Mycfi2,383855,https://ftp.ncbi.nlm.nih.gov/genomes/all/GCF/000/340/215/GCF_000340215.1_Mycfi2/GCF_000340215.1_Mycfi2_genomic.fna.gz
GCF_010094035.1,Trepe1,390896,https://ftp.ncbi.nlm.nih.gov/genomes/all/GCF/010/094/035/GCF_010094035.1_Trepe1/GCF_010094035.1_Trepe1_genomic.fna.gz
GCF_001481775.2,TGAM01v2,398673,https://ftp.ncbi.nlm.nih.gov/genomes/all/GCF/001/481/775/GCF_001481775.2_TGAM01v2/GCF_001481775.2_TGAM01v2_genomic.fna.gz
GCF_000149845.2,SJ5,402676,https://ftp.ncbi.nlm.nih.gov/genomes/all/GCF/000/149/845/GCF_000149845.2_SJ5/GCF_000149845.2_SJ5_genomic.fna.gz
GCF_000170995.1,TRIVI_v2.0,413071,https://ftp.ncbi.nlm.nih.gov/genomes/all/GCF/000/170/995/GCF_000170995.1_TRIVI_v2.0/GCF_000170995.1_TRIVI_v2.0_genomic.fna.gz
GCF_028974205.1,ASM2897420v1,416450,https://ftp.ncbi.nlm.nih.gov/genomes/all/GCF/028/974/205/GCF_028974205.1_ASM2897420v1/GCF_028974205.1_ASM2897420v1_genomic.fna.gz
GCF_000149925.1,ASM14992v1,418459,https://ftp.ncbi.nlm.nih.gov/genomes/all/GCF/000/149/925/GCF_000149925.1_ASM14992v1/GCF_000149925.1_ASM14992v1_genomic.fna.gz
GCF_003013735.1,Cand_pseudohaemulonii_B12108,418784,https://ftp.ncbi.nlm.nih.gov/genomes/all/GCF/003/013/735/GCF_003013735.1_Cand_pseudohaemulonii_B12108/GCF_003013735.1_Cand_pseudohaemulonii_B12108_genomic.fna.gz
GCF_024521655.1,Durrog2,419775,https://ftp.ncbi.nlm.nih.gov/genomes/all/GCF/024/521/655/GCF_024521655.1_Durrog2/GCF_024521655.1_Durrog2_genomic.fna.gz
GCF_021436955.1,ASM2143695v3,420778,https://ftp.ncbi.nlm.nih.gov/genomes/all/GCF/021/436/955/GCF_021436955.1_ASM2143695v3/GCF_021436955.1_ASM2143695v3_genomic.fna.gz
GCF_000181695.2,ASM18169v2,425265,https://ftp.ncbi.nlm.nih.gov/genomes/all/GCF/000/181/695/GCF_000181695.2_ASM18169v2/GCF_000181695.2_ASM18169v2_genomic.fna.gz
GCF_000149955.1,ASM14995v2,426428,https://ftp.ncbi.nlm.nih.gov/genomes/all/GCF/000/149/955/GCF_000149955.1_ASM14995v2/GCF_000149955.1_ASM14995v2_genomic.fna.gz
GCF_023758075.1,ASM2375807v1,430562,https://ftp.ncbi.nlm.nih.gov/genomes/all/GCF/023/758/075/GCF_023758075.1_ASM2375807v1/GCF_023758075.1_ASM2375807v1_genomic.fna.gz
GCF_000167675.1,v2.0,431241,https://ftp.ncbi.nlm.nih.gov/genomes/all/GCF/000/167/675/GCF_000167675.1_v2.0/GCF_000167675.1_v2.0_genomic.fna.gz
GCF_000150035.1,ASM15003v1,436907,https://ftp.ncbi.nlm.nih.gov/genomes/all/GCF/000/150/035/GCF_000150035.1_ASM15003v1/GCF_000150035.1_ASM15003v1_genomic.fna.gz
GCF_000003125.1,JCVI-TSTA1-3.0,441959,https://ftp.ncbi.nlm.nih.gov/genomes/all/GCF/000/003/125/GCF_000003125.1_JCVI-TSTA1-3.0/GCF_000003125.1_JCVI-TSTA1-3.0_genomic.fna.gz
GCF_046127475.1,ASM4612747v1,441960,https://ftp.ncbi.nlm.nih.gov/genomes/all/GCF/046/127/475/GCF_046127475.1_ASM4612747v1/GCF_046127475.1_ASM4612747v1_genomic.fna.gz
GCF_018416015.2,ASM1841601v2,443226,https://ftp.ncbi.nlm.nih.gov/genomes/all/GCF/018/416/015/GCF_018416015.2_ASM1841601v2/GCF_018416015.2_ASM1841601v2_genomic.fna.gz
GCF_000150115.1,ASM15011v1,447093,https://ftp.ncbi.nlm.nih.gov/genomes/all/GCF/000/150/115/GCF_000150115.1_ASM15011v1/GCF_000150115.1_ASM15011v1_genomic.fna.gz
GCF_016906535.1,ASM1690653v1,456999,https://ftp.ncbi.nlm.nih.gov/genomes/all/GCF/016/906/535/GCF_016906535.1_ASM1690653v1/GCF_016906535.1_ASM1690653v1_genomic.fna.gz
GCF_001664045.1,Hanpo2,460523,https://ftp.ncbi.nlm.nih.gov/genomes/all/GCF/001/664/045/GCF_001664045.1_Hanpo2/GCF_001664045.1_Hanpo2_genomic.fna.gz
GCF_010093815.1,Psehy1,470096,https://ftp.ncbi.nlm.nih.gov/genomes/all/GCF/010/093/815/GCF_010093815.1_Psehy1/GCF_010093815.1_Psehy1_genomic.fna.gz
GCF_011800055.1,NFU_CgLc1_1.0,474922,https://ftp.ncbi.nlm.nih.gov/genomes/all/GCF/011/800/055/GCF_011800055.1_NFU_CgLc1_1.0/GCF_011800055.1_NFU_CgLc1_1.0_genomic.fna.gz
GCF_000150505.1,SO6,483514,https://ftp.ncbi.nlm.nih.gov/genomes/all/GCF/000/150/505/GCF_000150505.1_SO6/GCF_000150505.1_SO6_genomic.fna.gz
GCF_000143565.1,V1.0,486041,https://ftp.ncbi.nlm.nih.gov/genomes/all/GCF/000/143/565/GCF_000143565.1_V1.0/GCF_000143565.1_V1.0_genomic.fna.gz
GCF_023343755.2,ASM2334375v2,497107,https://ftp.ncbi.nlm.nih.gov/genomes/all/GCF/023/343/755/GCF_023343755.2_ASM2334375v2/GCF_023343755.2_ASM2334375v2_genomic.fna.gz
GCF_024610255.1,ASM2461025v1,497108,https://ftp.ncbi.nlm.nih.gov/genomes/all/GCF/024/610/255/GCF_024610255.1_ASM2461025v1/GCF_024610255.1_ASM2461025v1_genomic.fna.gz
GCF_024610245.1,ASM2461024v1,497109,https://ftp.ncbi.nlm.nih.gov/genomes/all/GCF/024/610/245/GCF_024610245.1_ASM2461024v1/GCF_024610245.1_ASM2461024v1_genomic.fna.gz
GCF_003013715.1,ASM301371v2,498019,https://ftp.ncbi.nlm.nih.gov/genomes/all/GCF/003/013/715/GCF_003013715.1_ASM301371v2/GCF_003013715.1_ASM301371v2_genomic.fna.gz
GCF_000150675.1,ASM15067v2,498257,https://ftp.ncbi.nlm.nih.gov/genomes/all/GCF/000/150/675/GCF_000150675.1_ASM15067v2/GCF_000150675.1_ASM15067v2_genomic.fna.gz
GCF_013426205.1,ASM1342620v1,500148,https://ftp.ncbi.nlm.nih.gov/genomes/all/GCF/013/426/205/GCF_013426205.1_ASM1342620v1/GCF_013426205.1_ASM1342620v1_genomic.fna.gz
GCF_050403365.1,S_koalae_JCM15063v1,500713,https://ftp.ncbi.nlm.nih.gov/genomes/all/GCF/050/403/365/GCF_050403365.1_S_koalae_JCM15063v1/GCF_050403365.1_S_koalae_JCM15063v1_genomic.fna.gz
GCF_000150705.2,Paracocci_br_Pb01_V2,502779,https://ftp.ncbi.nlm.nih.gov/genomes/all/GCF/000/150/705/GCF_000150705.2_Paracocci_br_Pb01_V2/GCF_000150705.2_Paracocci_br_Pb01_V2_genomic.fna.gz
GCF_000150735.1,Paracocci_br_Pb18_V2,502780,https://ftp.ncbi.nlm.nih.gov/genomes/all/GCF/000/150/735/GCF_000150735.1_Paracocci_br_Pb18_V2/GCF_000150735.1_Paracocci_br_Pb18_V2_genomic.fna.gz
GCF_000184455.2,ASM18445v3,510516,https://ftp.ncbi.nlm.nih.gov/genomes/all/GCF/000/184/455/GCF_000184455.2_ASM18445v3/GCF_000184455.2_ASM18445v3_genomic.fna.gz
GCF_000213175.1,v2.0,510951,https://ftp.ncbi.nlm.nih.gov/genomes/all/GCF/000/213/175/GCF_000213175.1_v2.0/GCF_000213175.1_v2.0_genomic.fna.gz
GCF_000226545.1,ASM22654v1,515849,https://ftp.ncbi.nlm.nih.gov/genomes/all/GCF/000/226/545/GCF_000226545.1_ASM22654v1/GCF_000226545.1_ASM22654v1_genomic.fna.gz
GCF_000150825.1,ASM15082v1,526221,https://ftp.ncbi.nlm.nih.gov/genomes/all/GCF/000/150/825/GCF_000150825.1_ASM15082v1/GCF_000150825.1_ASM15082v1_genomic.fna.gz
GCF_000150975.2,MS_CBS118893,535722,https://ftp.ncbi.nlm.nih.gov/genomes/all/GCF/000/150/975/GCF_000150975.2_MS_CBS118893/GCF_000150975.2_MS_CBS118893_genomic.fna.gz
GCF_050947405.1,Triev1,549676,https://ftp.ncbi.nlm.nih.gov/genomes/all/GCF/050/947/405/GCF_050947405.1_Triev1/GCF_050947405.1_Triev1_genomic.fna.gz
GCF_000151145.1,ASM15114v1,554155,https://ftp.ncbi.nlm.nih.gov/genomes/all/GCF/000/151/145/GCF_000151145.1_ASM15114v1/GCF_000151145.1_ASM15114v1_genomic.fna.gz
GCF_000146045.2,R64,559292,https://ftp.ncbi.nlm.nih.gov/genomes/all/GCF/000/146/045/GCF_000146045.2_R64/GCF_000146045.2_R64_genomic.fna.gz
GCF_000142805.1,ASM14280v1,559295,https://ftp.ncbi.nlm.nih.gov/genomes/all/GCF/000/142/805/GCF_000142805.1_ASM14280v1/GCF_000142805.1_ASM14280v1_genomic.fna.gz
GCF_000003525.1,BD_ER3_V1,559297,https://ftp.ncbi.nlm.nih.gov/genomes/all/GCF/000/003/525/GCF_000003525.1_BD_ER3_V1/GCF_000003525.1_BD_ER3_V1_genomic.fna.gz
GCF_000003855.2,BD_SLH14081_V1,559298,https://ftp.ncbi.nlm.nih.gov/genomes/all/GCF/000/003/855/GCF_000003855.2_BD_SLH14081_V1/GCF_000003855.2_BD_SLH14081_V1_genomic.fna.gz
GCF_000151425.1,ASM15142v1,559305,https://ftp.ncbi.nlm.nih.gov/genomes/all/GCF/000/151/425/GCF_000151425.1_ASM15142v1/GCF_000151425.1_ASM15142v1_genomic.fna.gz
GCF_014066315.1,Lelup_v1.1,560253,https://ftp.ncbi.nlm.nih.gov/genomes/all/GCF/014/066/315/GCF_014066315.1_Lelup_v1.1/GCF_014066315.1_Lelup_v1.1_genomic.fna.gz
GCF_019202705.1,ASM1920270v1,561895,https://ftp.ncbi.nlm.nih.gov/genomes/all/GCF/019/202/705/GCF_019202705.1_ASM1920270v1/GCF_019202705.1_ASM1920270v1_genomic.fna.gz
GCF_000732125.1,ScApio1.0,563466,https://ftp.ncbi.nlm.nih.gov/genomes/all/GCF/000/732/125/GCF_000732125.1_ScApio1.0/GCF_000732125.1_ScApio1.0_genomic.fna.gz
GCF_035658355.1,ASM3565835v1,564305,https://ftp.ncbi.nlm.nih.gov/genomes/all/GCF/035/658/355/GCF_035658355.1_ASM3565835v1/GCF_035658355.1_ASM3565835v1_genomic.fna.gz
GCF_023758015.1,ASM2375801v1,566460,https://ftp.ncbi.nlm.nih.gov/genomes/all/GCF/023/758/015/GCF_023758015.1_ASM2375801v1/GCF_023758015.1_ASM2375801v1_genomic.fna.gz
GCF_000835495.1,Clad_immu_CBS83496_V1,569365,https://ftp.ncbi.nlm.nih.gov/genomes/all/GCF/000/835/495/GCF_000835495.1_Clad_immu_CBS83496_V1/GCF_000835495.1_Clad_immu_CBS83496_V1_genomic.fna.gz
GCF_000226095.1,ASM22609v1,573729,https://ftp.ncbi.nlm.nih.gov/genomes/all/GCF/000/226/095/GCF_000226095.1_ASM22609v1/GCF_000226095.1_ASM22609v1_genomic.fna.gz
GCF_000026945.1,ASM2694v1,573826,https://ftp.ncbi.nlm.nih.gov/genomes/all/GCF/000/026/945/GCF_000026945.1_ASM2694v1/GCF_000026945.1_ASM2694v1_genomic.fna.gz
GCF_035927965.1,ASM3592796v1,574656,https://ftp.ncbi.nlm.nih.gov/genomes/all/GCF/035/927/965/GCF_035927965.1_ASM3592796v1/GCF_035927965.1_ASM3592796v1_genomic.fna.gz
GCF_010093595.1,Mytre1,574789,https://ftp.ncbi.nlm.nih.gov/genomes/all/GCF/010/093/595/GCF_010093595.1_Mytre1/GCF_010093595.1_Mytre1_genomic.fna.gz
GCF_000226115.1,ASM22611v1,578455,https://ftp.ncbi.nlm.nih.gov/genomes/all/GCF/000/226/115/GCF_000226115.1_ASM22611v1/GCF_000226115.1_ASM22611v1_genomic.fna.gz
GCF_000271645.1,Treme1,578456,https://ftp.ncbi.nlm.nih.gov/genomes/all/GCF/000/271/645/GCF_000271645.1_Treme1/GCF_000271645.1_Treme1_genomic.fna.gz
GCF_000218685.1,v1.0,578457,https://ftp.ncbi.nlm.nih.gov/genomes/all/GCF/000/218/685/GCF_000218685.1_v1.0/GCF_000218685.1_v1.0_genomic.fna.gz
GCF_000143185.2,Schco3,578458,https://ftp.ncbi.nlm.nih.gov/genomes/all/GCF/000/143/185/GCF_000143185.2_Schco3/GCF_000143185.2_Schco3_genomic.fna.gz
GCF_001329695.1,Rhoba1_1,578459,https://ftp.ncbi.nlm.nih.gov/genomes/all/GCF/001/329/695/GCF_001329695.1_Rhoba1_1/GCF_001329695.1_Rhoba1_1_genomic.fna.gz
GCF_026210795.1,ASM2621079v1,588596,https://ftp.ncbi.nlm.nih.gov/genomes/all/GCF/026/210/795/GCF_026210795.1_ASM2621079v1/GCF_026210795.1_ASM2621079v1_genomic.fna.gz
GCF_033458365.1,Neuhi1,588809,https://ftp.ncbi.nlm.nih.gov/genomes/all/GCF/033/458/365/GCF_033458365.1_Neuhi1/GCF_033458365.1_Neuhi1_genomic.fna.gz
GCF_042370955.1,Acral2,591952,https://ftp.ncbi.nlm.nih.gov/genomes/all/GCF/042/370/955/GCF_042370955.1_Acral2/GCF_042370955.1_Acral2_genomic.fna.gz
GCF_038021145.1,Pcitr2,595635,https://ftp.ncbi.nlm.nih.gov/genomes/all/GCF/038/021/145/GCF_038021145.1_Pcitr2/GCF_038021145.1_Pcitr2_genomic.fna.gz
GCF_000300555.1,Agabi_varbur_1,597362,https://ftp.ncbi.nlm.nih.gov/genomes/all/GCF/000/300/555/GCF_000300555.1_Agabi_varbur_1/GCF_000300555.1_Agabi_varbur_1_genomic.fna.gz
GCF_000313525.1,ASM31352v1,599839,https://ftp.ncbi.nlm.nih.gov/genomes/all/GCF/000/313/525/GCF_000313525.1_ASM31352v1/GCF_000313525.1_ASM31352v1_genomic.fna.gz
GCF_000223485.1,Spathaspora_passalidarum_v2.0,619300,https://ftp.ncbi.nlm.nih.gov/genomes/all/GCF/000/223/485/GCF_000223485.1_Spathaspora_passalidarum_v2.0/GCF_000223485.1_Spathaspora_passalidarum_v2.0_genomic.fna.gz
GCF_000027005.1,ASM2700v1,644223,https://ftp.ncbi.nlm.nih.gov/genomes/all/GCF/000/027/005/GCF_000027005.1_ASM2700v1/GCF_000027005.1_ASM2700v1_genomic.fna.gz
GCF_000145635.1,Gae_graminis_V2,644352,https://ftp.ncbi.nlm.nih.gov/genomes/all/GCF/000/145/635/GCF_000145635.1_Gae_graminis_V2/GCF_000145635.1_Gae_graminis_V2_genomic.fna.gz
GCF_000149035.1,C_graminicola_M1_001_V1,645133,https://ftp.ncbi.nlm.nih.gov/genomes/all/GCF/000/149/035/GCF_000149035.1_C_graminicola_M1_001_V1/GCF_000149035.1_C_graminicola_M1_001_V1_genomic.fna.gz
GCF_000182565.1,S_punctatus_V1,645134,https://ftp.ncbi.nlm.nih.gov/genomes/all/GCF/000/182/565/GCF_000182565.1_S_punctatus_V1/GCF_000182565.1_S_punctatus_V1_genomic.fna.gz
GCF_000300595.1,Phanerochaete_carnosa_HHB-10118-Sp_v1.0,650164,https://ftp.ncbi.nlm.nih.gov/genomes/all/GCF/000/300/595/GCF_000300595.1_Phanerochaete_carnosa_HHB-10118-Sp_v1.0/GCF_000300595.1_Phanerochaete_carnosa_HHB-10118-Sp_v1.0_genomic.fna.gz
GCF_000004155.1,SCY4,653667,https://ftp.ncbi.nlm.nih.gov/genomes/all/GCF/000/004/155/GCF_000004155.1_SCY4/GCF_000004155.1_SCY4_genomic.fna.gz
GCF_000280675.1,ASM28067v1,655819,https://ftp.ncbi.nlm.nih.gov/genomes/all/GCF/000/280/675/GCF_000280675.1_ASM28067v1/GCF_000280675.1_ASM28067v1_genomic.fna.gz
GCF_000187425.2,MAA_2.0,655844,https://ftp.ncbi.nlm.nih.gov/genomes/all/GCF/000/187/425/GCF_000187425.2_MAA_2.0/GCF_000187425.2_MAA_2.0_genomic.fna.gz
GCF_000143105.1,Sanger-454-IlluminaPA_2.0,655863,https://ftp.ncbi.nlm.nih.gov/genomes/all/GCF/000/143/105/GCF_000143105.1_Sanger-454-IlluminaPA_2.0/GCF_000143105.1_Sanger-454-IlluminaPA_2.0_genomic.fna.gz
GCF_001641265.1,ASM164126v1,655981,https://ftp.ncbi.nlm.nih.gov/genomes/all/GCF/001/641/265/GCF_001641265.1_ASM164126v1/GCF_001641265.1_ASM164126v1_genomic.fna.gz
GCF_013085055.1,ASM1308505v1,660027,https://ftp.ncbi.nlm.nih.gov/genomes/all/GCF/013/085/055/GCF_013085055.1_ASM1308505v1/GCF_013085055.1_ASM1308505v1_genomic.fna.gz
GCF_000151355.1,v2.0,660122,https://ftp.ncbi.nlm.nih.gov/genomes/all/GCF/000/151/355/GCF_000151355.1_v2.0/GCF_000151355.1_v2.0_genomic.fna.gz
GCF_011745365.1,Crypa2,660469,https://ftp.ncbi.nlm.nih.gov/genomes/all/GCF/011/745/365/GCF_011745365.1_Crypa2/GCF_011745365.1_Crypa2_genomic.fna.gz
GCF_000151505.1,ASM15150v1,663202,https://ftp.ncbi.nlm.nih.gov/genomes/all/GCF/000/151/505/GCF_000151505.1_ASM15150v1/GCF_000151505.1_ASM15150v1_genomic.fna.gz
GCF_000151125.1,ASM15112v2,663331,https://ftp.ncbi.nlm.nih.gov/genomes/all/GCF/000/151/125/GCF_000151125.1_ASM15112v2/GCF_000151125.1_ASM15112v2_genomic.fna.gz
GCF_000146945.2,ASM14694v2,665079,https://ftp.ncbi.nlm.nih.gov/genomes/all/GCF/000/146/945/GCF_000146945.2_ASM14694v2/GCF_000146945.2_ASM14694v2_genomic.fna.gz
GCF_000338995.1,Cocsa1,665912,https://ftp.ncbi.nlm.nih.gov/genomes/all/GCF/000/338/995/GCF_000338995.1_Cocsa1/GCF_000338995.1_Cocsa1_genomic.fna.gz
GCF_000344685.1,Glotr1_1,670483,https://ftp.ncbi.nlm.nih.gov/genomes/all/GCF/000/344/685/GCF_000344685.1_Glotr1_1/GCF_000344685.1_Glotr1_1_genomic.fna.gz
GCF_002117355.1,PosplRSB12_1,670580,https://ftp.ncbi.nlm.nih.gov/genomes/all/GCF/002/117/355/GCF_002117355.1_PosplRSB12_1/GCF_002117355.1_PosplRSB12_1_genomic.fna.gz
GCF_000263375.1,Wallemia_sebi_v1.0,671144,https://ftp.ncbi.nlm.nih.gov/genomes/all/GCF/000/263/375/GCF_000263375.1_Wallemia_sebi_v1.0/GCF_000263375.1_Wallemia_sebi_v1.0_genomic.fna.gz
GCF_000359705.1,Setospaeria_trucica_Et28A_v1.0,671987,https://ftp.ncbi.nlm.nih.gov/genomes/all/GCF/000/359/705/GCF_000359705.1_Setospaeria_trucica_Et28A_v1.0/GCF_000359705.1_Setospaeria_trucica_Et28A_v1.0_genomic.fna.gz
GCF_010093535.1,Linin1,673940,https://ftp.ncbi.nlm.nih.gov/genomes/all/GCF/010/093/535/GCF_010093535.1_Linin1/GCF_010093535.1_Linin1_genomic.fna.gz
GCF_030913465.1,Colna1,681940,https://ftp.ncbi.nlm.nih.gov/genomes/all/GCF/030/913/465/GCF_030913465.1_Colna1/GCF_030913465.1_Colna1_genomic.fna.gz
GCF_000203795.2,v1.1,684364,https://ftp.ncbi.nlm.nih.gov/genomes/all/GCF/000/203/795/GCF_000203795.2_v1.1/GCF_000203795.2_v1.1_genomic.fna.gz
GCF_029851405.1,ASM2985140v1,688661,https://ftp.ncbi.nlm.nih.gov/genomes/all/GCF/029/851/405/GCF_029851405.1_ASM2985140v1/GCF_029851405.1_ASM2985140v1_genomic.fna.gz
GCF_013390195.1,ASM1339019v1,690259,https://ftp.ncbi.nlm.nih.gov/genomes/all/GCF/013/390/195/GCF_013390195.1_ASM1339019v1/GCF_013390195.1_ASM1339019v1_genomic.fna.gz
GCF_001890905.1,Aspac1,690307,https://ftp.ncbi.nlm.nih.gov/genomes/all/GCF/001/890/905/GCF_001890905.1_Aspac1/GCF_001890905.1_Aspac1_genomic.fna.gz
GCF_000320565.1,Septoria_musiva_SO2202_v1.0,692275,https://ftp.ncbi.nlm.nih.gov/genomes/all/GCF/000/320/565/GCF_000320565.1_Septoria_musiva_SO2202_v1.0/GCF_000320565.1_Septoria_musiva_SO2202_v1.0_genomic.fna.gz
GCF_000271605.1,Fomme1,694068,https://ftp.ncbi.nlm.nih.gov/genomes/all/GCF/000/271/605/GCF_000271605.1_Fomme1/GCF_000271605.1_Fomme1_genomic.fna.gz
GCF_022702325.1,ASM2270232v1,698441,https://ftp.ncbi.nlm.nih.gov/genomes/all/GCF/022/702/325/GCF_022702325.1_ASM2270232v1/GCF_022702325.1_ASM2270232v1_genomic.fna.gz
GCF_001661265.1,Saico1,698492,https://ftp.ncbi.nlm.nih.gov/genomes/all/GCF/001/661/265/GCF_001661265.1_Saico1/GCF_001661265.1_Saico1_genomic.fna.gz
GCF_022836535.1,Cspa_1.0,700344,https://ftp.ncbi.nlm.nih.gov/genomes/all/GCF/022/836/535/GCF_022836535.1_Cspa_1.0/GCF_022836535.1_Cspa_1.0_genomic.fna.gz
GCF_035048745.1,Mvel_NIH1002.PB.canu.pilon.trimmedMito,708070,https://ftp.ncbi.nlm.nih.gov/genomes/all/GCF/035/048/745/GCF_035048745.1_Mvel_NIH1002.PB.canu.pilon.trimmedMito/GCF_035048745.1_Mvel_NIH1002.PB.canu.pilon.trimmedMito_genomic.fna.gz
GCF_027942845.1,ASM2794284v1,710243,https://ftp.ncbi.nlm.nih.gov/genomes/all/GCF/027/942/845/GCF_027942845.1_ASM2794284v1/GCF_027942845.1_ASM2794284v1_genomic.fna.gz
GCF_000338955.1,Bauco1,717646,https://ftp.ncbi.nlm.nih.gov/genomes/all/GCF/000/338/955/GCF_000338955.1_Bauco1/GCF_000338955.1_Bauco1_genomic.fna.gz
GCF_000271585.1,Trametes_versicolor_v1.0,717944,https://ftp.ncbi.nlm.nih.gov/genomes/all/GCF/000/271/585/GCF_000271585.1_Trametes_versicolor_v1.0/GCF_000271585.1_Trametes_versicolor_v1.0_genomic.fna.gz
GCF_000264905.1,Stehi1,721885,https://ftp.ncbi.nlm.nih.gov/genomes/all/GCF/000/264/905/GCF_000264905.1_Stehi1/GCF_000264905.1_Stehi1_genomic.fna.gz
GCF_000275845.1,Dichomitus_squalens_v1.0,732165,https://ftp.ncbi.nlm.nih.gov/genomes/all/GCF/000/275/845/GCF_000275845.1_Dichomitus_squalens_v1.0/GCF_000275845.1_Dichomitus_squalens_v1.0_genomic.fna.gz
GCF_000264995.1,Punctularia_strigosozonata_v1.0,741275,https://ftp.ncbi.nlm.nih.gov/genomes/all/GCF/000/264/995/GCF_000264995.1_Punctularia_strigosozonata_v1.0/GCF_000264995.1_Punctularia_strigosozonata_v1.0_genomic.fna.gz
GCF_000271625.1,Conpu1,741705,https://ftp.ncbi.nlm.nih.gov/genomes/all/GCF/000/271/625/GCF_000271625.1_Conpu1/GCF_000271625.1_Conpu1_genomic.fna.gz
GCF_000320585.1,Heterobasidion_irregulare_v2.0,747525,https://ftp.ncbi.nlm.nih.gov/genomes/all/GCF/000/320/585/GCF_000320585.1_Heterobasidion_irregulare_v2.0/GCF_000320585.1_Heterobasidion_irregulare_v2.0_genomic.fna.gz
GCF_000204055.1,v1.0,747676,https://ftp.ncbi.nlm.nih.gov/genomes/all/GCF/000/204/055/GCF_000204055.1_v1.0/GCF_000204055.1_v1.0_genomic.fna.gz
GCF_019321695.1,ASM1932169v1,748121,https://ftp.ncbi.nlm.nih.gov/genomes/all/GCF/019/321/695/GCF_019321695.1_ASM1932169v1/GCF_019321695.1_ASM1932169v1_genomic.fna.gz
GCF_020726555.1,Boeex1,749465,https://ftp.ncbi.nlm.nih.gov/genomes/all/GCF/020/726/555/GCF_020726555.1_Boeex1/GCF_020726555.1_Boeex1_genomic.fna.gz
GCF_000225545.1,AOL24927_1.0,756982,https://ftp.ncbi.nlm.nih.gov/genomes/all/GCF/000/225/545/GCF_000225545.1_AOL24927_1.0/GCF_000225545.1_AOL24927_1.0_genomic.fna.gz
GCF_000221225.1,CTHT_3.0,759272,https://ftp.ncbi.nlm.nih.gov/genomes/all/GCF/000/221/225/GCF_000221225.1_CTHT_3.0/GCF_000221225.1_CTHT_3.0_genomic.fna.gz
GCF_001672515.1,ASM167251v1,759273,https://ftp.ncbi.nlm.nih.gov/genomes/all/GCF/001/672/515/GCF_001672515.1_ASM167251v1/GCF_001672515.1_ASM167251v1_genomic.fna.gz
GCF_001661235.1,Picme2,763406,https://ftp.ncbi.nlm.nih.gov/genomes/all/GCF/001/661/235/GCF_001661235.1_Picme2/GCF_001661235.1_Picme2_genomic.fna.gz
GCF_001638985.1,Phybl2,763407,https://ftp.ncbi.nlm.nih.gov/genomes/all/GCF/001/638/985/GCF_001638985.1_Phybl2/GCF_001638985.1_Phybl2_genomic.fna.gz
GCF_000708205.1,Mixia_osmundae_v1.0,764103,https://ftp.ncbi.nlm.nih.gov/genomes/all/GCF/000/708/205/GCF_000708205.1_Mixia_osmundae_v1.0/GCF_000708205.1_Mixia_osmundae_v1.0_genomic.fna.gz
GCF_001889945.1,Aspbr1,767769,https://ftp.ncbi.nlm.nih.gov/genomes/all/GCF/001/889/945/GCF_001889945.1_Aspbr1/GCF_001889945.1_Aspbr1_genomic.fna.gz
GCF_001692895.1,Cenococcum_geophilum_1.58_v2.0,794803,https://ftp.ncbi.nlm.nih.gov/genomes/all/GCF/001/692/895/GCF_001692895.1_Cenococcum_geophilum_1.58_v2.0/GCF_001692895.1_Cenococcum_geophilum_1.58_v2.0_genomic.fna.gz
GCF_001640025.1,ASM164002v2,796027,https://ftp.ncbi.nlm.nih.gov/genomes/all/GCF/001/640/025/GCF_001640025.1_ASM164002v2/GCF_001640025.1_ASM164002v2_genomic.fna.gz
GCF_001646965.1,ASM164696v1,856822,https://ftp.ncbi.nlm.nih.gov/genomes/all/GCF/001/646/965/GCF_001646965.1_ASM164696v1/GCF_001646965.1_ASM164696v1_genomic.fna.gz
GCF_019112545.1,Guyne1,856835,https://ftp.ncbi.nlm.nih.gov/genomes/all/GCF/019/112/545/GCF_019112545.1_Guyne1/GCF_019112545.1_Guyne1_genomic.fna.gz
GCF_003019875.1,Amore1,857342,https://ftp.ncbi.nlm.nih.gov/genomes/all/GCF/003/019/875/GCF_003019875.1_Amore1/GCF_003019875.1_Amore1_genomic.fna.gz
GCF_000230625.1,Exop_derm_V1,858893,https://ftp.ncbi.nlm.nih.gov/genomes/all/GCF/000/230/625/GCF_000230625.1_Exop_derm_V1/GCF_000230625.1_Exop_derm_V1_genomic.fna.gz
GCF_001664035.1,Metbi1,869754,https://ftp.ncbi.nlm.nih.gov/genomes/all/GCF/001/664/035/GCF_001664035.1_Metbi1/GCF_001664035.1_Metbi1_genomic.fna.gz
GCF_019207475.1,ASM1920747v1,870730,https://ftp.ncbi.nlm.nih.gov/genomes/all/GCF/019/207/475/GCF_019207475.1_ASM1920747v1/GCF_019207475.1_ASM1920747v1_genomic.fna.gz
GCF_000187245.1,Hansenula_2,871575,https://ftp.ncbi.nlm.nih.gov/genomes/all/GCF/000/187/245/GCF_000187245.1_Hansenula_2/GCF_000187245.1_Hansenula_2_genomic.fna.gz
GCF_000146465.1,ASM14646v1,876142,https://ftp.ncbi.nlm.nih.gov/genomes/all/GCF/000/146/465/GCF_000146465.1_ASM14646v1/GCF_000146465.1_ASM14646v1_genomic.fna.gz
GCF_008065305.1,ASM806530v1,879819,https://ftp.ncbi.nlm.nih.gov/genomes/all/GCF/008/065/305/GCF_008065305.1_ASM806530v1/GCF_008065305.1_ASM806530v1_genomic.fna.gz
GCF_000250985.1,Nema_parisii_ERTm1_V3,881290,https://ftp.ncbi.nlm.nih.gov/genomes/all/GCF/000/250/985/GCF_000250985.1_Nema_parisii_ERTm1_V3/GCF_000250985.1_Nema_parisii_ERTm1_V3_genomic.fna.gz
GCF_000277815.2,ASM27781v3,907965,https://ftp.ncbi.nlm.nih.gov/genomes/all/GCF/000/277/815/GCF_000277815.2_ASM27781v3/GCF_000277815.2_ASM27781v3_genomic.fna.gz
GCF_041956535.1,Calth1,911321,https://ftp.ncbi.nlm.nih.gov/genomes/all/GCF/041/956/535/GCF_041956535.1_Calth1/GCF_041956535.1_Calth1_genomic.fna.gz
GCF_000523435.1,Cochliobolus_carbonum_v1.0,930089,https://ftp.ncbi.nlm.nih.gov/genomes/all/GCF/000/523/435/GCF_000523435.1_Cochliobolus_carbonum_v1.0/GCF_000523435.1_Cochliobolus_carbonum_v1.0_genomic.fna.gz
GCF_000523455.1,Cochliobolus_miyabeanus_v1.0,930090,https://ftp.ncbi.nlm.nih.gov/genomes/all/GCF/000/523/455/GCF_000523455.1_Cochliobolus_miyabeanus_v1.0/GCF_000523455.1_Cochliobolus_miyabeanus_v1.0_genomic.fna.gz
GCF_000527765.1,Cochliobolus_victoriae_v1.0,930091,https://ftp.ncbi.nlm.nih.gov/genomes/all/GCF/000/527/765/GCF_000527765.1_Cochliobolus_victoriae_v1.0/GCF_000527765.1_Cochliobolus_victoriae_v1.0_genomic.fna.gz
GCF_000235365.1,ASM23536v1,931890,https://ftp.ncbi.nlm.nih.gov/genomes/all/GCF/000/235/365/GCF_000235365.1_ASM23536v1/GCF_000235365.1_ASM23536v1_genomic.fna.gz
GCF_000300575.1,Agabi_varbisH97_2,936046,https://ftp.ncbi.nlm.nih.gov/genomes/all/GCF/000/300/575/GCF_000300575.1_Agabi_varbisH97_2/GCF_000300575.1_Agabi_varbisH97_2_genomic.fna.gz
GCF_024613125.1,Pisori2,936130,https://ftp.ncbi.nlm.nih.gov/genomes/all/GCF/024/613/125/GCF_024613125.1_Pisori2/GCF_024613125.1_Pisori2_genomic.fna.gz
GCF_000192795.1,Vavr_culi_floridensis_V1,948595,https://ftp.ncbi.nlm.nih.gov/genomes/all/GCF/000/192/795/GCF_000192795.1_Vavr_culi_floridensis_V1/GCF_000192795.1_Vavr_culi_floridensis_V1_genomic.fna.gz
GCF_000225605.1,CmilitarisCM01_v01,983644,https://ftp.ncbi.nlm.nih.gov/genomes/all/GCF/000/225/605/GCF_000225605.1_CmilitarisCM01_v01/GCF_000225605.1_CmilitarisCM01_v01_genomic.fna.gz
GCF_003025095.1,Triha_v1.0,983964,https://ftp.ncbi.nlm.nih.gov/genomes/all/GCF/003/025/095/GCF_003025095.1_Triha_v1.0/GCF_003025095.1_Triha_v1.0_genomic.fna.gz
GCF_001661395.1,Hypbu1,984485,https://ftp.ncbi.nlm.nih.gov/genomes/all/GCF/001/661/395/GCF_001661395.1_Hypbu1/GCF_001661395.1_Hypbu1_genomic.fna.gz
GCF_001661335.1,Babin1,984486,https://ftp.ncbi.nlm.nih.gov/genomes/all/GCF/001/661/335/GCF_001661335.1_Babin1/GCF_001661335.1_Babin1_genomic.fna.gz
GCF_001661415.1,Canta1,984487,https://ftp.ncbi.nlm.nih.gov/genomes/all/GCF/001/661/415/GCF_001661415.1_Canta1/GCF_001661415.1_Canta1_genomic.fna.gz
GCF_038025025.1,Pcit17464,989973,https://ftp.ncbi.nlm.nih.gov/genomes/all/GCF/038/025/025/GCF_038025025.1_Pcit17464/GCF_038025025.1_Pcit17464_genomic.fna.gz
GCF_000231115.1,Vitt_corn_V1,993615,https://ftp.ncbi.nlm.nih.gov/genomes/all/GCF/000/231/115/GCF_000231115.1_Vitt_corn_V1/GCF_000231115.1_Vitt_corn_V1_genomic.fna.gz
GCF_028828465.1,ASM2882846v1,1002107,https://ftp.ncbi.nlm.nih.gov/genomes/all/GCF/028/828/465/GCF_028828465.1_ASM2882846v1/GCF_028828465.1_ASM2882846v1_genomic.fna.gz
GCF_001417885.1,Kmar_1.0,1003335,https://ftp.ncbi.nlm.nih.gov/genomes/all/GCF/001/417/885/GCF_001417885.1_Kmar_1.0/GCF_001417885.1_Kmar_1.0_genomic.fna.gz
GCF_000303195.2,FP7,1028729,https://ftp.ncbi.nlm.nih.gov/genomes/all/GCF/000/303/195/GCF_000303195.2_FP7/GCF_000303195.2_FP7_genomic.fna.gz
GCF_001890125.1,Aspve1,1036611,https://ftp.ncbi.nlm.nih.gov/genomes/all/GCF/001/890/125/GCF_001890125.1_Aspve1/GCF_001890125.1_Aspve1_genomic.fna.gz
GCF_001890705.1,Aspsy1,1036612,https://ftp.ncbi.nlm.nih.gov/genomes/all/GCF/001/890/705/GCF_001890705.1_Aspsy1/GCF_001890705.1_Aspsy1_genomic.fna.gz
GCF_000711695.1,Tilletiaria_anomala_UBC_951_v1.0,1037660,https://ftp.ncbi.nlm.nih.gov/genomes/all/GCF/000/711/695/GCF_000711695.1_Tilletiaria_anomala_UBC_951_v1.0/GCF_000711695.1_Tilletiaria_anomala_UBC_951_v1.0_genomic.fna.gz
GCF_000313485.1,ASM31348v1,1041607,https://ftp.ncbi.nlm.nih.gov/genomes/all/GCF/000/313/485/GCF_000313485.1_ASM31348v1/GCF_000313485.1_ASM31348v1_genomic.fna.gz
GCF_019915245.1,ASM1991524v1,1042133,https://ftp.ncbi.nlm.nih.gov/genomes/all/GCF/019/915/245/GCF_019915245.1_ASM1991524v1/GCF_019915245.1_ASM1991524v1_genomic.fna.gz
GCF_000721785.1,Aureobasidium_pullulans_var._pullulans_EXF-150_assembly_version_1.0,1043002,https://ftp.ncbi.nlm.nih.gov/genomes/all/GCF/000/721/785/GCF_000721785.1_Aureobasidium_pullulans_var._pullulans_EXF-150_assembly_version_1.0/GCF_000721785.1_Aureobasidium_pullulans_var._pullulans_EXF-150_assembly_version_1.0_genomic.fna.gz
GCF_000721775.1,Aureobasidium_pullulans_var._melanogenum_CBS_110374_v1.0,1043003,https://ftp.ncbi.nlm.nih.gov/genomes/all/GCF/000/721/775/GCF_000721775.1_Aureobasidium_pullulans_var._melanogenum_CBS_110374_v1.0/GCF_000721775.1_Aureobasidium_pullulans_var._melanogenum_CBS_110374_v1.0_genomic.fna.gz
GCF_000721765.1,Aureobasidium_pullulans_var._namibiae_CBS_147.97_v1.0,1043004,https://ftp.ncbi.nlm.nih.gov/genomes/all/GCF/000/721/765/GCF_000721765.1_Aureobasidium_pullulans_var._namibiae_CBS_147.97_v1.0/GCF_000721765.1_Aureobasidium_pullulans_var._namibiae_CBS_147.97_v1.0_genomic.fna.gz
GCF_000721755.1,Aureobasidium_pullulans_var._subglaciale_EXF-2481_v1.0,1043005,https://ftp.ncbi.nlm.nih.gov/genomes/all/GCF/000/721/755/GCF_000721755.1_Aureobasidium_pullulans_var._subglaciale_EXF-2481_v1.0/GCF_000721755.1_Aureobasidium_pullulans_var._subglaciale_EXF-2481_v1.0_genomic.fna.gz
GCF_003724135.2,ASM372413v2,1051616,https://ftp.ncbi.nlm.nih.gov/genomes/all/GCF/003/724/135/GCF_003724135.2_ASM372413v2/GCF_003724135.2_ASM372413v2_genomic.fna.gz
GCF_011745625.1,ASM1174562v2,1052096,https://ftp.ncbi.nlm.nih.gov/genomes/all/GCF/011/745/625/GCF_011745625.1_ASM1174562v2/GCF_011745625.1_ASM1174562v2_genomic.fna.gz
GCF_016861625.1,AkawachiiIFO4308_assembly01,1069201,https://ftp.ncbi.nlm.nih.gov/genomes/all/GCF/016/861/625/GCF_016861625.1_AkawachiiIFO4308_assembly01/GCF_016861625.1_AkawachiiIFO4308_assembly01_genomic.fna.gz
GCF_000349005.2,Pneumo_murina_B123_V4,1069680,https://ftp.ncbi.nlm.nih.gov/genomes/all/GCF/000/349/005/GCF_000349005.2_Pneumo_murina_B123_V4/GCF_000349005.2_Pneumo_murina_B123_V4_genomic.fna.gz
GCF_023601865.1,ASM2360186v2,1070780,https://ftp.ncbi.nlm.nih.gov/genomes/all/GCF/023/601/865/GCF_023601865.1_ASM2360186v2/GCF_023601865.1_ASM2360186v2_genomic.fna.gz
GCF_000227115.2,ASM22711v2,1071378,https://ftp.ncbi.nlm.nih.gov/genomes/all/GCF/000/227/115/GCF_000227115.2_ASM22711v2/GCF_000227115.2_ASM22711v2_genomic.fna.gz
GCF_000315915.1,ASM31591v1,1071380,https://ftp.ncbi.nlm.nih.gov/genomes/all/GCF/000/315/915/GCF_000315915.1_ASM31591v1/GCF_000315915.1_ASM31591v1_genomic.fna.gz
GCF_000236905.1,ASM23690v1,1071381,https://ftp.ncbi.nlm.nih.gov/genomes/all/GCF/000/236/905/GCF_000236905.1_ASM23690v1/GCF_000236905.1_ASM23690v1_genomic.fna.gz
GCF_000304475.1,Ka_CBS2517,1071382,https://ftp.ncbi.nlm.nih.gov/genomes/all/GCF/000/304/475/GCF_000304475.1_Ka_CBS2517/GCF_000304475.1_Ka_CBS2517_genomic.fna.gz
GCF_000348985.1,ASM34898v1,1071383,https://ftp.ncbi.nlm.nih.gov/genomes/all/GCF/000/348/985/GCF_000348985.1_ASM34898v1/GCF_000348985.1_ASM34898v1_genomic.fna.gz
GCF_001890725.1,Aspwe1,1073089,https://ftp.ncbi.nlm.nih.gov/genomes/all/GCF/001/890/725/GCF_001890725.1_Aspwe1/GCF_001890725.1_Aspwe1_genomic.fna.gz
GCF_001890105.1,Aspzo1,1073090,https://ftp.ncbi.nlm.nih.gov/genomes/all/GCF/001/890/105/GCF_001890105.1_Aspzo1/GCF_001890105.1_Aspzo1_genomic.fna.gz
GCF_036850825.1,Schama1,1078765,https://ftp.ncbi.nlm.nih.gov/genomes/all/GCF/036/850/825/GCF_036850825.1_Schama1/GCF_036850825.1_Schama1_genomic.fna.gz
GCF_021365365.1,Ilyrob1,1079257,https://ftp.ncbi.nlm.nih.gov/genomes/all/GCF/021/365/365/GCF_021365365.1_Ilyrob1/GCF_021365365.1_Ilyrob1_genomic.fna.gz
GCF_028827665.1,ASM2882766v1,1080232,https://ftp.ncbi.nlm.nih.gov/genomes/all/GCF/028/827/665/GCF_028827665.1_ASM2882766v1/GCF_028827665.1_ASM2882766v1_genomic.fna.gz
GCF_010093935.1,Zasce1,1080233,https://ftp.ncbi.nlm.nih.gov/genomes/all/GCF/010/093/935/GCF_010093935.1_Zasce1/GCF_010093935.1_Zasce1_genomic.fna.gz
GCF_001298625.1,SEUB3.0,1080349,https://ftp.ncbi.nlm.nih.gov/genomes/all/GCF/001/298/625/GCF_001298625.1_SEUB3.0/GCF_001298625.1_SEUB3.0_genomic.fna.gz
GCF_000804445.1,MAM_1.0_for_version_1_of_the_Metarhizium_album_genome,1081103,https://ftp.ncbi.nlm.nih.gov/genomes/all/GCF/000/804/445/GCF_000804445.1_MAM_1.0_for_version_1_of_the_Metarhizium_album_genome/GCF_000804445.1_MAM_1.0_for_version_1_of_the_Metarhizium_album_genome_genomic.fna.gz
GCF_001636725.1,ISF_1.0,1081104,https://ftp.ncbi.nlm.nih.gov/genomes/all/GCF/001/636/725/GCF_001636725.1_ISF_1.0/GCF_001636725.1_ISF_1.0_genomic.fna.gz
GCF_000260195.1,FO_II5_V1,1089451,https://ftp.ncbi.nlm.nih.gov/genomes/all/GCF/000/260/195/GCF_000260195.1_FO_II5_V1/GCF_000260195.1_FO_II5_V1_genomic.fna.gz
GCF_030411735.1,Phiatr1,1093897,https://ftp.ncbi.nlm.nih.gov/genomes/all/GCF/030/411/735/GCF_030411735.1_Phiatr1/GCF_030411735.1_Phiatr1_genomic.fna.gz
GCF_004353045.1,ASM435304v1,1093900,https://ftp.ncbi.nlm.nih.gov/genomes/all/GCF/004/353/045/GCF_004353045.1_ASM435304v1/GCF_004353045.1_ASM435304v1_genomic.fna.gz
GCF_012550715.1,ASM1255071v1,1094350,https://ftp.ncbi.nlm.nih.gov/genomes/all/GCF/012/550/715/GCF_012550715.1_ASM1255071v1/GCF_012550715.1_ASM1255071v1_genomic.fna.gz
GCF_011947395.1,ASM1194739v2,1095194,https://ftp.ncbi.nlm.nih.gov/genomes/all/GCF/011/947/395/GCF_011947395.1_ASM1194739v2/GCF_011947395.1_ASM1194739v2_genomic.fna.gz
GCF_002865645.1,Melbi2,1095630,https://ftp.ncbi.nlm.nih.gov/genomes/all/GCF/002/865/645/GCF_002865645.1_Melbi2/GCF_002865645.1_Melbi2_genomic.fna.gz
GCF_028828025.1,ASM2882802v1,1108849,https://ftp.ncbi.nlm.nih.gov/genomes/all/GCF/028/828/025/GCF_028828025.1_ASM2882802v1/GCF_028828025.1_ASM2882802v1_genomic.fna.gz
GCF_000409485.1,GLAREA,1116229,https://ftp.ncbi.nlm.nih.gov/genomes/all/GCF/000/409/485/GCF_000409485.1_GLAREA/GCF_000409485.1_GLAREA_genomic.fna.gz
GCF_038497785.1,Lipsmi1,1125753,https://ftp.ncbi.nlm.nih.gov/genomes/all/GCF/038/497/785/GCF_038497785.1_Lipsmi1/GCF_038497785.1_Lipsmi1_genomic.fna.gz
GCF_000320785.1,RHOziaDV1.0,1130832,https://ftp.ncbi.nlm.nih.gov/genomes/all/GCF/000/320/785/GCF_000320785.1_RHOziaDV1.0/GCF_000320785.1_RHOziaDV1.0_genomic.fna.gz
GCF_028827165.1,ASM2882716v1,1131564,https://ftp.ncbi.nlm.nih.gov/genomes/all/GCF/028/827/165/GCF_028827165.1_ASM2882716v1/GCF_028827165.1_ASM2882716v1_genomic.fna.gz
GCF_028826775.1,ASM2882677v1,1131581,https://ftp.ncbi.nlm.nih.gov/genomes/all/GCF/028/826/775/GCF_028826775.1_ASM2882677v1/GCF_028826775.1_ASM2882677v1_genomic.fna.gz
GCF_021365285.1,Talpro1,1131652,https://ftp.ncbi.nlm.nih.gov/genomes/all/GCF/021/365/285/GCF_021365285.1_Talpro1/GCF_021365285.1_Talpro1_genomic.fna.gz
GCF_028827265.1,ASM2882726v1,1132637,https://ftp.ncbi.nlm.nih.gov/genomes/all/GCF/028/827/265/GCF_028827265.1_ASM2882726v1/GCF_028827265.1_ASM2882726v1_genomic.fna.gz
GCF_000315875.1,ASM31587v1,1136231,https://ftp.ncbi.nlm.nih.gov/genomes/all/GCF/000/315/875/GCF_000315875.1_ASM31587v1/GCF_000315875.1_ASM31587v1_genomic.fna.gz
GCF_002105095.1,Pseve2,1141098,https://ftp.ncbi.nlm.nih.gov/genomes/all/GCF/002/105/095/GCF_002105095.1_Pseve2/GCF_002105095.1_Pseve2_genomic.fna.gz
GCF_042370625.1,Mychet1,1149848,https://ftp.ncbi.nlm.nih.gov/genomes/all/GCF/042/370/625/GCF_042370625.1_Mychet1/GCF_042370625.1_Mychet1_genomic.fna.gz
GCF_010094145.1,Didex1,1150837,https://ftp.ncbi.nlm.nih.gov/genomes/all/GCF/010/094/145/GCF_010094145.1_Didex1/GCF_010094145.1_Didex1_genomic.fna.gz
GCF_045866475.1,ASM4586647v1,1157608,https://ftp.ncbi.nlm.nih.gov/genomes/all/GCF/045/866/475/GCF_045866475.1_ASM4586647v1/GCF_045866475.1_ASM4586647v1_genomic.fna.gz
GCF_000687475.1,ASM68747v2,1159556,https://ftp.ncbi.nlm.nih.gov/genomes/all/GCF/000/687/475/GCF_000687475.1_ASM68747v2/GCF_000687475.1_ASM68747v2_genomic.fna.gz
GCF_001890805.1,Aspgl1,1160497,https://ftp.ncbi.nlm.nih.gov/genomes/all/GCF/001/890/805/GCF_001890805.1_Aspgl1/GCF_001890805.1_Aspgl1_genomic.fna.gz
GCF_028828045.1,ASM2882804v1,1167516,https://ftp.ncbi.nlm.nih.gov/genomes/all/GCF/028/828/045/GCF_028828045.1_ASM2882804v1/GCF_028828045.1_ASM2882804v1_genomic.fna.gz
GCF_000281105.1,Coni_apol_CBS100218_V1,1168221,https://ftp.ncbi.nlm.nih.gov/genomes/all/GCF/000/281/105/GCF_000281105.1_Coni_apol_CBS100218_V1/GCF_000281105.1_Coni_apol_CBS100218_V1_genomic.fna.gz
GCF_010015615.1,Cucbe1,1168544,https://ftp.ncbi.nlm.nih.gov/genomes/all/GCF/010/015/615/GCF_010015615.1_Cucbe1/GCF_010015615.1_Cucbe1_genomic.fna.gz
GCF_033439665.1,Achstr1,1170767,https://ftp.ncbi.nlm.nih.gov/genomes/all/GCF/033/439/665/GCF_033439665.1_Achstr1/GCF_033439665.1_Achstr1_genomic.fna.gz
GCF_003444635.1,ASM344463v2,1174673,https://ftp.ncbi.nlm.nih.gov/genomes/all/GCF/003/444/635/GCF_003444635.1_ASM344463v2/GCF_003444635.1_ASM344463v2_genomic.fna.gz
GCF_020137385.1,ASM2013738v1,1174677,https://ftp.ncbi.nlm.nih.gov/genomes/all/GCF/020/137/385/GCF_020137385.1_ASM2013738v1/GCF_020137385.1_ASM2013738v1_genomic.fna.gz
GCF_010093885.1,Aplpr1,1176127,https://ftp.ncbi.nlm.nih.gov/genomes/all/GCF/010/093/885/GCF_010093885.1_Aplpr1/GCF_010093885.1_Aplpr1_genomic.fna.gz
GCF_000280035.1,ASM28003v2,1178016,https://ftp.ncbi.nlm.nih.gov/genomes/all/GCF/000/280/035/GCF_000280035.1_ASM28003v2/GCF_000280035.1_ASM28003v2_genomic.fna.gz
GCF_000585585.1,Capr_coro_CBS_617_96_V1,1182541,https://ftp.ncbi.nlm.nih.gov/genomes/all/GCF/000/585/585/GCF_000585585.1_Capr_coro_CBS_617_96_V1/GCF_000585585.1_Capr_coro_CBS_617_96_V1_genomic.fna.gz
GCF_000585565.1,Capr_epim_CBS_606_96_V1,1182542,https://ftp.ncbi.nlm.nih.gov/genomes/all/GCF/000/585/565/GCF_000585565.1_Capr_epim_CBS_606_96_V1/GCF_000585565.1_Capr_epim_CBS_606_96_V1_genomic.fna.gz
GCF_000585535.1,Clad_psam_CBS_110553_V1,1182543,https://ftp.ncbi.nlm.nih.gov/genomes/all/GCF/000/585/535/GCF_000585535.1_Clad_psam_CBS_110553_V1/GCF_000585535.1_Clad_psam_CBS_110553_V1_genomic.fna.gz
GCF_000585515.1,Clad_yegr_CBS_114405_V1,1182544,https://ftp.ncbi.nlm.nih.gov/genomes/all/GCF/000/585/515/GCF_000585515.1_Clad_yegr_CBS_114405_V1/GCF_000585515.1_Clad_yegr_CBS_114405_V1_genomic.fna.gz
GCF_000709125.1,Exop_aqua_CBS_119918_V1,1182545,https://ftp.ncbi.nlm.nih.gov/genomes/all/GCF/000/709/125/GCF_000709125.1_Exop_aqua_CBS_119918_V1/GCF_000709125.1_Exop_aqua_CBS_119918_V1_genomic.fna.gz
GCF_000293215.1,Trichosporon_asahii_1,1186058,https://ftp.ncbi.nlm.nih.gov/genomes/all/GCF/000/293/215/GCF_000293215.1_Trichosporon_asahii_1/GCF_000293215.1_Trichosporon_asahii_1_genomic.fna.gz
GCF_013036055.1,ASM1303605v1,1187904,https://ftp.ncbi.nlm.nih.gov/genomes/all/GCF/013/036/055/GCF_013036055.1_ASM1303605v1/GCF_013036055.1_ASM1303605v1_genomic.fna.gz
GCF_023758085.1,ASM2375808v1,1187925,https://ftp.ncbi.nlm.nih.gov/genomes/all/GCF/023/758/085/GCF_023758085.1_ASM2375808v1/GCF_023758085.1_ASM2375808v1_genomic.fna.gz
GCF_024043165.1,ASM2404316v1,1187928,https://ftp.ncbi.nlm.nih.gov/genomes/all/GCF/024/043/165/GCF_024043165.1_ASM2404316v1/GCF_024043165.1_ASM2404316v1_genomic.fna.gz
GCF_024291825.1,ASM2429182v1,1187938,https://ftp.ncbi.nlm.nih.gov/genomes/all/GCF/024/291/825/GCF_024291825.1_ASM2429182v1/GCF_024291825.1_ASM2429182v1_genomic.fna.gz
GCF_020736505.1,Altro1,1187941,https://ftp.ncbi.nlm.nih.gov/genomes/all/GCF/020/736/505/GCF_020736505.1_Altro1/GCF_020736505.1_Altro1_genomic.fna.gz
GCF_023758065.1,ASM2375806v1,1187951,https://ftp.ncbi.nlm.nih.gov/genomes/all/GCF/023/758/065/GCF_023758065.1_ASM2375806v1/GCF_023758065.1_ASM2375806v1_genomic.fna.gz
GCF_001896365.1,ASM189636v1,1196081,https://ftp.ncbi.nlm.nih.gov/genomes/all/GCF/001/896/365/GCF_001896365.1_ASM189636v1/GCF_001896365.1_ASM189636v1_genomic.fna.gz
GCF_024610275.1,ASM2461027v1,1198502,https://ftp.ncbi.nlm.nih.gov/genomes/all/GCF/024/610/275/GCF_024610275.1_ASM2461027v1/GCF_024610275.1_ASM2461027v1_genomic.fna.gz
GCF_030867565.1,CCOSS01,1209916,https://ftp.ncbi.nlm.nih.gov/genomes/all/GCF/030/867/565/GCF_030867565.1_CCOSS01/GCF_030867565.1_CCOSS01_genomic.fna.gz
GCF_030913485.1,Colgo1,1209918,https://ftp.ncbi.nlm.nih.gov/genomes/all/GCF/030/913/485/GCF_030913485.1_Colgo1/GCF_030913485.1_Colgo1_genomic.fna.gz
GCF_001831195.1,CORC01,1209926,https://ftp.ncbi.nlm.nih.gov/genomes/all/GCF/001/831/195/GCF_001831195.1_CORC01/GCF_001831195.1_CORC01_genomic.fna.gz
GCF_011075155.1,ASM1107515v1,1209932,https://ftp.ncbi.nlm.nih.gov/genomes/all/GCF/011/075/155/GCF_011075155.1_ASM1107515v1/GCF_011075155.1_ASM1107515v1_genomic.fna.gz
GCF_030869305.1,CTAM01,1209934,https://ftp.ncbi.nlm.nih.gov/genomes/all/GCF/030/869/305/GCF_030869305.1_CTAM01/GCF_030869305.1_CTAM01_genomic.fna.gz
GCF_000319635.2,ASM31963v2,1213859,https://ftp.ncbi.nlm.nih.gov/genomes/all/GCF/000/319/635/GCF_000319635.2_ASM31963v2/GCF_000319635.2_ASM31963v2_genomic.fna.gz
GCF_026229845.1,ASM2622984v1,1214568,https://ftp.ncbi.nlm.nih.gov/genomes/all/GCF/026/229/845/GCF_026229845.1_ASM2622984v1/GCF_026229845.1_ASM2622984v1_genomic.fna.gz
GCF_013390185.1,ASM1339018v1,1215731,https://ftp.ncbi.nlm.nih.gov/genomes/all/GCF/013/390/185/GCF_013390185.1_ASM1339018v1/GCF_013390185.1_ASM1339018v1_genomic.fna.gz
GCF_003426965.1,ASM342696v1,1220188,https://ftp.ncbi.nlm.nih.gov/genomes/all/GCF/003/426/965/GCF_003426965.1_ASM342696v1/GCF_003426965.1_ASM342696v1_genomic.fna.gz
GCF_016861865.1,ApuulaauensisMK2_assembly01,1220207,https://ftp.ncbi.nlm.nih.gov/genomes/all/GCF/016/861/865/GCF_016861865.1_ApuulaauensisMK2_assembly01/GCF_016861865.1_ApuulaauensisMK2_assembly01_genomic.fna.gz
GCF_000365145.1,Phia_euro_CBS_101466_V1,1220924,https://ftp.ncbi.nlm.nih.gov/genomes/all/GCF/000/365/145/GCF_000365145.1_Phia_euro_CBS_101466_V1/GCF_000365145.1_Phia_euro_CBS_101466_V1_genomic.fna.gz
GCF_900067095.1,F._proliferatum_ET1_version_1,1227346,https://ftp.ncbi.nlm.nih.gov/genomes/all/GCF/900/067/095/GCF_900067095.1_F._proliferatum_ET1_version_1/GCF_900067095.1_F._proliferatum_ET1_version_1_genomic.fna.gz
GCF_000516985.1,PFICI,1229662,https://ftp.ncbi.nlm.nih.gov/genomes/all/GCF/000/516/985/GCF_000516985.1_PFICI/GCF_000516985.1_PFICI_genomic.fna.gz
GCF_000349305.1,ASM34930v2,1230383,https://ftp.ncbi.nlm.nih.gov/genomes/all/GCF/000/349/305/GCF_000349305.1_ASM34930v2/GCF_000349305.1_ASM34930v2_genomic.fna.gz
GCF_002926085.2,CanDuoHae_v1.0,1231522,https://ftp.ncbi.nlm.nih.gov/genomes/all/GCF/002/926/085/GCF_002926085.2_CanDuoHae_v1.0/GCF_002926085.2_CanDuoHae_v1.0_genomic.fna.gz
GCF_000938715.1,LALA0,1245769,https://ftp.ncbi.nlm.nih.gov/genomes/all/GCF/000/938/715/GCF_000938715.1_LALA0/GCF_000938715.1_LALA0_genomic.fna.gz
GCF_000464535.1,EPUS,1263415,https://ftp.ncbi.nlm.nih.gov/genomes/all/GCF/000/464/535/GCF_000464535.1_EPUS/GCF_000464535.1_EPUS_genomic.fna.gz
GCF_036426115.1,ASM3642611v1,1268659,https://ftp.ncbi.nlm.nih.gov/genomes/all/GCF/036/426/115/GCF_036426115.1_ASM3642611v1/GCF_036426115.1_ASM3642611v1_genomic.fna.gz
GCF_000417875.1,Pflocc_1.0,1277687,https://ftp.ncbi.nlm.nih.gov/genomes/all/GCF/000/417/875/GCF_000417875.1_Pflocc_1.0/GCF_000417875.1_Pflocc_1.0_genomic.fna.gz
GCF_000365165.1,Clad_carr_CBS_160_54_V1,1279043,https://ftp.ncbi.nlm.nih.gov/genomes/all/GCF/000/365/165/GCF_000365165.1_Clad_carr_CBS_160_54_V1/GCF_000365165.1_Clad_carr_CBS_160_54_V1_genomic.fna.gz
GCF_900079805.1,Fusarium_fujikuroi_IMI58289_V2,1279085,https://ftp.ncbi.nlm.nih.gov/genomes/all/GCF/900/079/805/GCF_900079805.1_Fusarium_fujikuroi_IMI58289_V2/GCF_900079805.1_Fusarium_fujikuroi_IMI58289_V2_genomic.fna.gz
GCF_003144205.1,Meimi1,1280837,https://ftp.ncbi.nlm.nih.gov/genomes/all/GCF/003/144/205/GCF_003144205.1_Meimi1/GCF_003144205.1_Meimi1_genomic.fna.gz
GCF_000392275.1,UCRPA7V03,1286976,https://ftp.ncbi.nlm.nih.gov/genomes/all/GCF/000/392/275/GCF_000392275.1_UCRPA7V03/GCF_000392275.1_UCRPA7V03_genomic.fna.gz
GCF_001720155.1,Tsuc_wing_CBS7118_V1,1295528,https://ftp.ncbi.nlm.nih.gov/genomes/all/GCF/001/720/155/GCF_001720155.1_Tsuc_wing_CBS7118_V1/GCF_001720155.1_Tsuc_wing_CBS7118_V1_genomic.fna.gz
GCF_001720195.1,ASM172019v2,1295531,https://ftp.ncbi.nlm.nih.gov/genomes/all/GCF/001/720/195/GCF_001720195.1_ASM172019v2/GCF_001720195.1_ASM172019v2_genomic.fna.gz
GCF_001720205.1,Cryp_amyl_CBS6039_V3,1295533,https://ftp.ncbi.nlm.nih.gov/genomes/all/GCF/001/720/205/GCF_001720205.1_Cryp_amyl_CBS6039_V3/GCF_001720205.1_Cryp_amyl_CBS6039_V3_genomic.fna.gz
GCF_036810415.1,ASM3681041v1,1295534,https://ftp.ncbi.nlm.nih.gov/genomes/all/GCF/036/810/415/GCF_036810415.1_ASM3681041v1/GCF_036810415.1_ASM3681041v1_genomic.fna.gz
GCF_000512605.2,ASM51260v3,1296096,https://ftp.ncbi.nlm.nih.gov/genomes/all/GCF/000/512/605/GCF_000512605.2_ASM51260v3/GCF_000512605.2_ASM51260v3_genomic.fna.gz
GCF_000512585.2,ASM51258v3,1296100,https://ftp.ncbi.nlm.nih.gov/genomes/all/GCF/000/512/585/GCF_000512585.2_ASM51258v3/GCF_000512585.2_ASM51258v3_genomic.fna.gz
GCF_000835755.1,ASM83575v2,1296105,https://ftp.ncbi.nlm.nih.gov/genomes/all/GCF/000/835/755/GCF_000835755.1_ASM83575v2/GCF_000835755.1_ASM83575v2_genomic.fna.gz
GCF_000836335.1,ASM83633v2,1296109,https://ftp.ncbi.nlm.nih.gov/genomes/all/GCF/000/836/335/GCF_000836335.1_ASM83633v2/GCF_000836335.1_ASM83633v2_genomic.fna.gz
GCF_000512565.2,ASM51256v3,1296121,https://ftp.ncbi.nlm.nih.gov/genomes/all/GCF/000/512/565/GCF_000512565.2_ASM51256v3/GCF_000512565.2_ASM51256v3_genomic.fna.gz
GCF_000507465.2,ASM50746v4,1296122,https://ftp.ncbi.nlm.nih.gov/genomes/all/GCF/000/507/465/GCF_000507465.2_ASM50746v4/GCF_000507465.2_ASM50746v4_genomic.fna.gz
GCF_000400465.1,Wallemia_ichthyophaga_version_1.0,1299270,https://ftp.ncbi.nlm.nih.gov/genomes/all/GCF/000/400/465/GCF_000400465.1_Wallemia_ichthyophaga_version_1.0/GCF_000400465.1_Wallemia_ichthyophaga_version_1.0_genomic.fna.gz
GCF_036884685.1,Schxyl1,1304137,https://ftp.ncbi.nlm.nih.gov/genomes/all/GCF/036/884/685/GCF_036884685.1_Schxyl1/GCF_036884685.1_Schxyl1_genomic.fna.gz
GCF_000403515.1,ASM40351v1,1305764,https://ftp.ncbi.nlm.nih.gov/genomes/all/GCF/000/403/515/GCF_000403515.1_ASM40351v1/GCF_000403515.1_ASM40351v1_genomic.fna.gz
GCF_025399195.1,Umbra1,1314678,https://ftp.ncbi.nlm.nih.gov/genomes/all/GCF/025/399/195/GCF_025399195.1_Umbra1/GCF_025399195.1_Umbra1_genomic.fna.gz
GCF_003711515.1,Sodal1,1314773,https://ftp.ncbi.nlm.nih.gov/genomes/all/GCF/003/711/515/GCF_003711515.1_Sodal1/GCF_003711515.1_Sodal1_genomic.fna.gz
GCF_001632365.1,Laesu1,1314785,https://ftp.ncbi.nlm.nih.gov/genomes/all/GCF/001/632/365/GCF_001632365.1_Laesu1/GCF_001632365.1_Laesu1_genomic.fna.gz
GCF_010015565.1,Disac1,1314786,https://ftp.ncbi.nlm.nih.gov/genomes/all/GCF/010/015/565/GCF_010015565.1_Disac1/GCF_010015565.1_Disac1_genomic.fna.gz
GCF_028828155.1,ASM2882815v1,1316194,https://ftp.ncbi.nlm.nih.gov/genomes/all/GCF/028/828/155/GCF_028828155.1_ASM2882815v1/GCF_028828155.1_ASM2882815v1_genomic.fna.gz
GCF_007821495.1,CFIA_Lhya_EG2017,1316788,https://ftp.ncbi.nlm.nih.gov/genomes/all/GCF/007/821/495/GCF_007821495.1_CFIA_Lhya_EG2017/GCF_007821495.1_CFIA_Lhya_EG2017_genomic.fna.gz
GCF_028827825.1,ASM2882782v1,1324776,https://ftp.ncbi.nlm.nih.gov/genomes/all/GCF/028/827/825/GCF_028827825.1_ASM2882782v1/GCF_028827825.1_ASM2882782v1_genomic.fna.gz
GCF_025433545.1,ASM2543354v1,1328300,https://ftp.ncbi.nlm.nih.gov/genomes/all/GCF/025/433/545/GCF_025433545.1_ASM2543354v1/GCF_025433545.1_ASM2543354v1_genomic.fna.gz
GCF_003813185.1,Lenti7_1,1328758,https://ftp.ncbi.nlm.nih.gov/genomes/all/GCF/003/813/185/GCF_003813185.1_Lenti7_1/GCF_003813185.1_Lenti7_1_genomic.fna.gz
GCF_001619985.1,Xylona_heveae_TC161_v1.0,1328760,https://ftp.ncbi.nlm.nih.gov/genomes/all/GCF/001/619/985/GCF_001619985.1_Xylona_heveae_TC161_v1.0/GCF_001619985.1_Xylona_heveae_TC161_v1.0_genomic.fna.gz
GCF_038497685.1,Lipsuo1,1337062,https://ftp.ncbi.nlm.nih.gov/genomes/all/GCF/038/497/685/GCF_038497685.1_Lipsuo1/GCF_038497685.1_Lipsuo1_genomic.fna.gz
GCF_038363865.1,ASM3836386v1,1337664,https://ftp.ncbi.nlm.nih.gov/genomes/all/GCF/038/363/865/GCF_038363865.1_ASM3836386v1/GCF_038363865.1_ASM3836386v1_genomic.fna.gz
GCF_038363985.1,ASM3836398v1,1337665,https://ftp.ncbi.nlm.nih.gov/genomes/all/GCF/038/363/985/GCF_038363985.1_ASM3836398v1/GCF_038363985.1_ASM3836398v1_genomic.fna.gz
GCF_002708625.1,Rhimi1_1,1340429,https://ftp.ncbi.nlm.nih.gov/genomes/all/GCF/002/708/625/GCF_002708625.1_Rhimi1_1/GCF_002708625.1_Rhimi1_1_genomic.fna.gz
GCF_003344945.1,Aspwel1,1341132,https://ftp.ncbi.nlm.nih.gov/genomes/all/GCF/003/344/945/GCF_003344945.1_Aspwel1/GCF_003344945.1_Aspwel1_genomic.fna.gz
GCF_028827695.1,ASM2882769v1,1343394,https://ftp.ncbi.nlm.nih.gov/genomes/all/GCF/028/827/695/GCF_028827695.1_ASM2882769v1/GCF_028827695.1_ASM2882769v1_genomic.fna.gz
GCF_001661345.1,Ascru1,1344418,https://ftp.ncbi.nlm.nih.gov/genomes/all/GCF/001/661/345/GCF_001661345.1_Ascru1/GCF_001661345.1_Ascru1_genomic.fna.gz
GCF_000803265.1,ASM80326v1,1354746,https://ftp.ncbi.nlm.nih.gov/genomes/all/GCF/000/803/265/GCF_000803265.1_ASM80326v1/GCF_000803265.1_ASM80326v1_genomic.fna.gz
GCF_000497045.1,PSEUBRA1,1365824,https://ftp.ncbi.nlm.nih.gov/genomes/all/GCF/000/497/045/GCF_000497045.1_PSEUBRA1/GCF_000497045.1_PSEUBRA1_genomic.fna.gz
GCF_001651985.1,ASM165198v1,1367422,https://ftp.ncbi.nlm.nih.gov/genomes/all/GCF/001/651/985/GCF_001651985.1_ASM165198v1/GCF_001651985.1_ASM165198v1_genomic.fna.gz
GCF_020536065.1,ASM2053606v1,1378263,https://ftp.ncbi.nlm.nih.gov/genomes/all/GCF/020/536/065/GCF_020536065.1_ASM2053606v1/GCF_020536065.1_ASM2053606v1_genomic.fna.gz
GCF_001653235.2,ASM165323v2,1380566,https://ftp.ncbi.nlm.nih.gov/genomes/all/GCF/001/653/235/GCF_001653235.2_ASM165323v2/GCF_001653235.2_ASM165323v2_genomic.fna.gz
GCF_000576695.1,AUH_PRJEB4427_v1,1382522,https://ftp.ncbi.nlm.nih.gov/genomes/all/GCF/000/576/695/GCF_000576695.1_AUH_PRJEB4427_v1/GCF_000576695.1_AUH_PRJEB4427_v1_genomic.fna.gz
GCF_022830035.1,ASM2283003v1,1387563,https://ftp.ncbi.nlm.nih.gov/genomes/all/GCF/022/830/035/GCF_022830035.1_ASM2283003v1/GCF_022830035.1_ASM2283003v1_genomic.fna.gz
GCF_000600275.1,Eurhe1,1388766,https://ftp.ncbi.nlm.nih.gov/genomes/all/GCF/000/600/275/GCF_000600275.1_Eurhe1/GCF_000600275.1_Eurhe1_genomic.fna.gz
GCF_010015585.1,Erebi1,1392243,https://ftp.ncbi.nlm.nih.gov/genomes/all/GCF/010/015/585/GCF_010015585.1_Erebi1/GCF_010015585.1_Erebi1_genomic.fna.gz
GCF_010015815.1,Dotsy1,1392245,https://ftp.ncbi.nlm.nih.gov/genomes/all/GCF/010/015/815/GCF_010015815.1_Dotsy1/GCF_010015815.1_Dotsy1_genomic.fna.gz
GCF_002847485.1,Aspcam1,1392248,https://ftp.ncbi.nlm.nih.gov/genomes/all/GCF/002/847/485/GCF_002847485.1_Aspcam1/GCF_002847485.1_Aspcam1_genomic.fna.gz
GCF_002849105.1,Aspste1,1392250,https://ftp.ncbi.nlm.nih.gov/genomes/all/GCF/002/849/105/GCF_002849105.1_Aspste1/GCF_002849105.1_Aspste1_genomic.fna.gz
GCF_002847465.1,Aspnov1,1392255,https://ftp.ncbi.nlm.nih.gov/genomes/all/GCF/002/847/465/GCF_002847465.1_Aspnov1/GCF_002847465.1_Aspnov1_genomic.fna.gz
GCF_002846915.1,Aspergillus_ochraceoroseus_IBT_24754_v1.1,1392256,https://ftp.ncbi.nlm.nih.gov/genomes/all/GCF/002/846/915/GCF_002846915.1_Aspergillus_ochraceoroseus_IBT_24754_v1.1/GCF_002846915.1_Aspergillus_ochraceoroseus_IBT_24754_v1.1_genomic.fna.gz
GCF_025526975.1,Fimjon1,1396493,https://ftp.ncbi.nlm.nih.gov/genomes/all/GCF/025/526/975/GCF_025526975.1_Fimjon1/GCF_025526975.1_Fimjon1_genomic.fna.gz
GCF_039999085.1,Rhomi1,1397322,https://ftp.ncbi.nlm.nih.gov/genomes/all/GCF/039/999/085/GCF_039999085.1_Rhomi1/GCF_039999085.1_Rhomi1_genomic.fna.gz
GCF_000961545.1,S_schenckii_v1,1397361,https://ftp.ncbi.nlm.nih.gov/genomes/all/GCF/000/961/545/GCF_000961545.1_S_schenckii_v1/GCF_000961545.1_S_schenckii_v1_genomic.fna.gz
GCF_000820605.1,S_brasiliensis_5110_v1,1398154,https://ftp.ncbi.nlm.nih.gov/genomes/all/GCF/000/820/605/GCF_000820605.1_S_brasiliensis_5110_v1/GCF_000820605.1_S_brasiliensis_5110_v1_genomic.fna.gz
GCF_000968595.1,ASM96859v1,1408163,https://ftp.ncbi.nlm.nih.gov/genomes/all/GCF/000/968/595/GCF_000968595.1_ASM96859v1/GCF_000968595.1_ASM96859v1_genomic.fna.gz
GCF_001477535.1,Pneu_jiro_RU7_V2,1408657,https://ftp.ncbi.nlm.nih.gov/genomes/all/GCF/001/477/535/GCF_001477535.1_Pneu_jiro_RU7_V2/GCF_001477535.1_Pneu_jiro_RU7_V2_genomic.fna.gz
GCF_001477545.1,Pneu_cari_B80_V3,1408658,https://ftp.ncbi.nlm.nih.gov/genomes/all/GCF/001/477/545/GCF_001477545.1_Pneu_cari_B80_V3/GCF_001477545.1_Pneu_cari_B80_V3_genomic.fna.gz
GCF_036810445.1,ASM3681044v1,1423913,https://ftp.ncbi.nlm.nih.gov/genomes/all/GCF/036/810/445/GCF_036810445.1_ASM3681044v1/GCF_036810445.1_ASM3681044v1_genomic.fna.gz
GCF_001907595.1,ASM190759v1,1441469,https://ftp.ncbi.nlm.nih.gov/genomes/all/GCF/001/907/595/GCF_001907595.1_ASM190759v1/GCF_001907595.1_ASM190759v1_genomic.fna.gz
GCF_000835455.1,Fons_pedr_CBS_271_37_V1,1442368,https://ftp.ncbi.nlm.nih.gov/genomes/all/GCF/000/835/455/GCF_000835455.1_Fons_pedr_CBS_271_37_V1/GCF_000835455.1_Fons_pedr_CBS_271_37_V1_genomic.fna.gz
GCF_000835555.1,Rhin_mack_CBS_650_93_V1,1442369,https://ftp.ncbi.nlm.nih.gov/genomes/all/GCF/000/835/555/GCF_000835555.1_Rhin_mack_CBS_650_93_V1/GCF_000835555.1_Rhin_mack_CBS_650_93_V1_genomic.fna.gz
GCF_000835475.1,Clad_bant_CBS_173_52_V1,1442370,https://ftp.ncbi.nlm.nih.gov/genomes/all/GCF/000/835/475/GCF_000835475.1_Clad_bant_CBS_173_52_V1/GCF_000835475.1_Clad_bant_CBS_173_52_V1_genomic.fna.gz
GCF_000836435.1,Fons_mult_CBS_102226_V1,1442371,https://ftp.ncbi.nlm.nih.gov/genomes/all/GCF/000/836/435/GCF_000836435.1_Fons_mult_CBS_102226_V1/GCF_000836435.1_Fons_mult_CBS_102226_V1_genomic.fna.gz
GCF_003184625.1,Aspneo1,1448310,https://ftp.ncbi.nlm.nih.gov/genomes/all/GCF/003/184/625/GCF_003184625.1_Aspneo1/GCF_003184625.1_Aspneo1_genomic.fna.gz
GCF_003184925.1,Aspvad1,1448311,https://ftp.ncbi.nlm.nih.gov/genomes/all/GCF/003/184/925/GCF_003184925.1_Aspvad1/GCF_003184925.1_Aspvad1_genomic.fna.gz
GCF_003184785.1,Aspjap1,1448312,https://ftp.ncbi.nlm.nih.gov/genomes/all/GCF/003/184/785/GCF_003184785.1_Aspjap1/GCF_003184785.1_Aspjap1_genomic.fna.gz
GCF_003184755.1,Asppip1,1448313,https://ftp.ncbi.nlm.nih.gov/genomes/all/GCF/003/184/755/GCF_003184755.1_Asppip1/GCF_003184755.1_Asppip1_genomic.fna.gz
GCF_003184535.1,Aspeuc1,1448314,https://ftp.ncbi.nlm.nih.gov/genomes/all/GCF/003/184/535/GCF_003184535.1_Aspeuc1/GCF_003184535.1_Aspeuc1_genomic.fna.gz
GCF_003184745.1,Aspuva1,1448315,https://ftp.ncbi.nlm.nih.gov/genomes/all/GCF/003/184/745/GCF_003184745.1_Aspuva1/GCF_003184745.1_Aspuva1_genomic.fna.gz
GCF_003184845.1,Aspibe1,1448316,https://ftp.ncbi.nlm.nih.gov/genomes/all/GCF/003/184/845/GCF_003184845.1_Aspibe1/GCF_003184845.1_Aspibe1_genomic.fna.gz
GCF_003184835.1,Aspcos1,1448317,https://ftp.ncbi.nlm.nih.gov/genomes/all/GCF/003/184/835/GCF_003184835.1_Aspcos1/GCF_003184835.1_Aspcos1_genomic.fna.gz
GCF_003184825.1,Aspfij1,1448319,https://ftp.ncbi.nlm.nih.gov/genomes/all/GCF/003/184/825/GCF_003184825.1_Aspfij1/GCF_003184825.1_Aspfij1_genomic.fna.gz
GCF_003184545.1,Asphet1,1448321,https://ftp.ncbi.nlm.nih.gov/genomes/all/GCF/003/184/545/GCF_003184545.1_Asphet1/GCF_003184545.1_Asphet1_genomic.fna.gz
GCF_003184765.1,Aspacu1,1448322,https://ftp.ncbi.nlm.nih.gov/genomes/all/GCF/003/184/765/GCF_003184765.1_Aspacu1/GCF_003184765.1_Aspacu1_genomic.fna.gz
GCF_010015735.1,Aaoar1,1450172,https://ftp.ncbi.nlm.nih.gov/genomes/all/GCF/010/015/735/GCF_010015735.1_Aaoar1/GCF_010015735.1_Aaoar1_genomic.fna.gz
GCF_003184595.1,Asplac1,1450533,https://ftp.ncbi.nlm.nih.gov/genomes/all/GCF/003/184/595/GCF_003184595.1_Asplac1/GCF_003184595.1_Asplac1_genomic.fna.gz
GCF_003184695.1,Aspbru1,1450534,https://ftp.ncbi.nlm.nih.gov/genomes/all/GCF/003/184/695/GCF_003184695.1_Aspbru1/GCF_003184695.1_Aspbru1_genomic.fna.gz
GCF_003184525.1,Aspscl1,1450535,https://ftp.ncbi.nlm.nih.gov/genomes/all/GCF/003/184/525/GCF_003184525.1_Aspscl1/GCF_003184525.1_Aspscl1_genomic.fna.gz
GCF_003184865.1,Asphom1,1450537,https://ftp.ncbi.nlm.nih.gov/genomes/all/GCF/003/184/865/GCF_003184865.1_Asphom1/GCF_003184865.1_Asphom1_genomic.fna.gz
GCF_003184585.1,Aspsac1,1450539,https://ftp.ncbi.nlm.nih.gov/genomes/all/GCF/003/184/585/GCF_003184585.1_Aspsac1/GCF_003184585.1_Aspsac1_genomic.fna.gz
GCF_001642045.1,Parsp1,1460663,https://ftp.ncbi.nlm.nih.gov/genomes/all/GCF/001/642/045/GCF_001642045.1_Parsp1/GCF_001642045.1_Parsp1_genomic.fna.gz
GCF_014898435.1,ASM1489843v1,1463999,https://ftp.ncbi.nlm.nih.gov/genomes/all/GCF/014/898/435/GCF_014898435.1_ASM1489843v1/GCF_014898435.1_ASM1489843v1_genomic.fna.gz
GCF_000760515.2,UGP1.1,1485682,https://ftp.ncbi.nlm.nih.gov/genomes/all/GCF/000/760/515/GCF_000760515.2_UGP1.1/GCF_000760515.2_UGP1.1_genomic.fna.gz
GCF_050403185.1,Rt_pacifica_JCM10908v1,1495444,https://ftp.ncbi.nlm.nih.gov/genomes/all/GCF/050/403/185/GCF_050403185.1_Rt_pacifica_JCM10908v1/GCF_050403185.1_Rt_pacifica_JCM10908v1_genomic.fna.gz
GCF_009193645.1,Asppsen1,1506151,https://ftp.ncbi.nlm.nih.gov/genomes/all/GCF/009/193/645/GCF_009193645.1_Asppsen1/GCF_009193645.1_Asppsen1_genomic.fna.gz
GCF_028826965.1,ASM2882696v1,1506179,https://ftp.ncbi.nlm.nih.gov/genomes/all/GCF/028/826/965/GCF_028826965.1_ASM2882696v1/GCF_028826965.1_ASM2882696v1_genomic.fna.gz
GCF_001204775.2,ASM120477v2,1509407,https://ftp.ncbi.nlm.nih.gov/genomes/all/GCF/001/204/775/GCF_001204775.2_ASM120477v2/GCF_001204775.2_ASM120477v2_genomic.fna.gz
GCF_018340605.1,Asppvi_assembly01,1517512,https://ftp.ncbi.nlm.nih.gov/genomes/all/GCF/018/340/605/GCF_018340605.1_Asppvi_assembly01/GCF_018340605.1_Asppvi_assembly01_genomic.fna.gz
GCF_003144195.1,Cersp1,1522189,https://ftp.ncbi.nlm.nih.gov/genomes/all/GCF/003/144/195/GCF_003144195.1_Cersp1/GCF_003144195.1_Cersp1_genomic.fna.gz
GCF_038497645.1,Lipchi1,1546026,https://ftp.ncbi.nlm.nih.gov/genomes/all/GCF/038/497/645/GCF_038497645.1_Lipchi1/GCF_038497645.1_Lipchi1_genomic.fna.gz
GCF_028827895.1,ASM2882789v1,1561947,https://ftp.ncbi.nlm.nih.gov/genomes/all/GCF/028/827/895/GCF_028827895.1_ASM2882789v1/GCF_028827895.1_ASM2882789v1_genomic.fna.gz
GCF_028828015.1,ASM2882801v1,1562058,https://ftp.ncbi.nlm.nih.gov/genomes/all/GCF/028/828/015/GCF_028828015.1_ASM2882801v1/GCF_028828015.1_ASM2882801v1_genomic.fna.gz
GCF_028828195.1,ASM2882819v1,1562060,https://ftp.ncbi.nlm.nih.gov/genomes/all/GCF/028/828/195/GCF_028828195.1_ASM2882819v1/GCF_028828195.1_ASM2882819v1_genomic.fna.gz
GCF_013396195.1,ASM1339619v1,1567544,https://ftp.ncbi.nlm.nih.gov/genomes/all/GCF/013/396/195/GCF_013396195.1_ASM1339619v1/GCF_013396195.1_ASM1339619v1_genomic.fna.gz
GCF_003144245.1,Jamsp1,1569628,https://ftp.ncbi.nlm.nih.gov/genomes/all/GCF/003/144/245/GCF_003144245.1_Jamsp1/GCF_003144245.1_Jamsp1_genomic.fna.gz
GCF_004337985.1,PpBr36,1578925,https://ftp.ncbi.nlm.nih.gov/genomes/all/GCF/004/337/985/GCF_004337985.1_PpBr36/GCF_004337985.1_PpBr36_genomic.fna.gz
GCF_036327395.1,ASM3632739v1,1635080,https://ftp.ncbi.nlm.nih.gov/genomes/all/GCF/036/327/395/GCF_036327395.1_ASM3632739v1/GCF_036327395.1_ASM3632739v1_genomic.fna.gz
GCF_039105145.1,ASM3910514v1,1651941,https://ftp.ncbi.nlm.nih.gov/genomes/all/GCF/039/105/145/GCF_039105145.1_ASM3910514v1/GCF_039105145.1_ASM3910514v1_genomic.fna.gz
GCF_022829205.1,ASM2282920v1,1658444,https://ftp.ncbi.nlm.nih.gov/genomes/all/GCF/022/829/205/GCF_022829205.1_ASM2282920v1/GCF_022829205.1_ASM2282920v1_genomic.fna.gz
GCF_001299255.1,ASM129925v1,1664694,https://ftp.ncbi.nlm.nih.gov/genomes/all/GCF/001/299/255/GCF_001299255.1_ASM129925v1/GCF_001299255.1_ASM129925v1_genomic.fna.gz
GCF_030869225.1,CABS01,1671311,https://ftp.ncbi.nlm.nih.gov/genomes/all/GCF/030/869/225/GCF_030869225.1_CABS01/GCF_030869225.1_CABS01_genomic.fna.gz
GCF_020744255.1,Mictri1,1682393,https://ftp.ncbi.nlm.nih.gov/genomes/all/GCF/020/744/255/GCF_020744255.1_Mictri1/GCF_020744255.1_Mictri1_genomic.fna.gz
GCF_003144135.1,Rhodsp1,1684307,https://ftp.ncbi.nlm.nih.gov/genomes/all/GCF/003/144/135/GCF_003144135.1_Rhodsp1/GCF_003144135.1_Rhodsp1_genomic.fna.gz
GCF_036872675.1,ASM3687267v1,1690604,https://ftp.ncbi.nlm.nih.gov/genomes/all/GCF/036/872/675/GCF_036872675.1_ASM3687267v1/GCF_036872675.1_ASM3687267v1_genomic.fna.gz
GCF_035927105.1,ASM3592710v1,1690606,https://ftp.ncbi.nlm.nih.gov/genomes/all/GCF/035/927/105/GCF_035927105.1_ASM3592710v1/GCF_035927105.1_ASM3592710v1_genomic.fna.gz
GCF_035928015.1,ASM3592801v1,1690608,https://ftp.ncbi.nlm.nih.gov/genomes/all/GCF/035/928/015/GCF_035928015.1_ASM3592801v1/GCF_035928015.1_ASM3592801v1_genomic.fna.gz
GCF_008629635.2,ASM862963v2,1734106,https://ftp.ncbi.nlm.nih.gov/genomes/all/GCF/008/629/635/GCF_008629635.2_ASM862963v2/GCF_008629635.2_ASM862963v2_genomic.fna.gz
GCF_050948025.1,Tricam1,1738374,https://ftp.ncbi.nlm.nih.gov/genomes/all/GCF/050/948/025/GCF_050948025.1_Tricam1/GCF_050948025.1_Tricam1_genomic.fna.gz
GCF_015039405.1,Cananz1,1750568,https://ftp.ncbi.nlm.nih.gov/genomes/all/GCF/015/039/405/GCF_015039405.1_Cananz1/GCF_015039405.1_Cananz1_genomic.fna.gz
GCF_024628925.1,ASM2462892v1,1775924,https://ftp.ncbi.nlm.nih.gov/genomes/all/GCF/024/628/925/GCF_024628925.1_ASM2462892v1/GCF_024628925.1_ASM2462892v1_genomic.fna.gz
GCF_963989305.1,lodBeiA1,1775926,https://ftp.ncbi.nlm.nih.gov/genomes/all/GCF/963/989/305/GCF_963989305.1_lodBeiA1/GCF_963989305.1_lodBeiA1_genomic.fna.gz
GCF_036884675.1,Schcoi1,1788519,https://ftp.ncbi.nlm.nih.gov/genomes/all/GCF/036/884/675/GCF_036884675.1_Schcoi1/GCF_036884675.1_Schcoi1_genomic.fna.gz
GCF_028829455.1,ASM2882945v1,1792511,https://ftp.ncbi.nlm.nih.gov/genomes/all/GCF/028/829/455/GCF_028829455.1_ASM2882945v1/GCF_028829455.1_ASM2882945v1_genomic.fna.gz
GCF_001642395.1,ASM164239v1,1805483,https://ftp.ncbi.nlm.nih.gov/genomes/all/GCF/001/642/395/GCF_001642395.1_ASM164239v1/GCF_001642395.1_ASM164239v1_genomic.fna.gz
GCF_006535985.1,ASM653598v1,1806994,https://ftp.ncbi.nlm.nih.gov/genomes/all/GCF/006/535/985/GCF_006535985.1_ASM653598v1/GCF_006535985.1_ASM653598v1_genomic.fna.gz
GCF_047715665.1,Aspkar1,1810916,https://ftp.ncbi.nlm.nih.gov/genomes/all/GCF/047/715/665/GCF_047715665.1_Aspkar1/GCF_047715665.1_Aspkar1_genomic.fna.gz
GCF_003369625.1,ASM336962v1,1810919,https://ftp.ncbi.nlm.nih.gov/genomes/all/GCF/003/369/625/GCF_003369625.1_ASM336962v1/GCF_003369625.1_ASM336962v1_genomic.fna.gz
GCF_047715825.1,Aspstel1_1,1810926,https://ftp.ncbi.nlm.nih.gov/genomes/all/GCF/047/715/825/GCF_047715825.1_Aspstel1_1/GCF_047715825.1_Aspstel1_1_genomic.fna.gz
GCF_047715775.1,Aspund1_1,1810928,https://ftp.ncbi.nlm.nih.gov/genomes/all/GCF/047/715/775/GCF_047715775.1_Aspund1_1/GCF_047715775.1_Aspund1_1_genomic.fna.gz
GCF_001773325.1,ASM177332v1,1835702,https://ftp.ncbi.nlm.nih.gov/genomes/all/GCF/001/773/325/GCF_001773325.1_ASM177332v1/GCF_001773325.1_ASM177332v1_genomic.fna.gz
GCF_026319265.1,ASM2631926v1,1836956,https://ftp.ncbi.nlm.nih.gov/genomes/all/GCF/026/319/265/GCF_026319265.1_ASM2631926v1/GCF_026319265.1_ASM2631926v1_genomic.fna.gz
GCF_028828085.1,ASM2882808v1,1850975,https://ftp.ncbi.nlm.nih.gov/genomes/all/GCF/028/828/085/GCF_028828085.1_ASM2882808v1/GCF_028828085.1_ASM2882808v1_genomic.fna.gz
GCF_033439085.1,Chafi1,1854472,https://ftp.ncbi.nlm.nih.gov/genomes/all/GCF/033/439/085/GCF_033439085.1_Chafi1/GCF_033439085.1_Chafi1_genomic.fna.gz
GCF_020726465.1,Chagl1,1854479,https://ftp.ncbi.nlm.nih.gov/genomes/all/GCF/020/726/465/GCF_020726465.1_Chagl1/GCF_020726465.1_Chagl1_genomic.fna.gz
GCF_000292625.1,Dacryopinax_sp._DJM_731_SSP1_v1.0,1858805,https://ftp.ncbi.nlm.nih.gov/genomes/all/GCF/000/292/625/GCF_000292625.1_Dacryopinax_sp._DJM_731_SSP1_v1.0/GCF_000292625.1_Dacryopinax_sp._DJM_731_SSP1_v1.0_genomic.fna.gz
GCF_036417295.1,ASM3641729v1,1859122,https://ftp.ncbi.nlm.nih.gov/genomes/all/GCF/036/417/295/GCF_036417295.1_ASM3641729v1/GCF_036417295.1_ASM3641729v1_genomic.fna.gz
GCF_028829775.1,ASM2882977v1,1882272,https://ftp.ncbi.nlm.nih.gov/genomes/all/GCF/028/829/775/GCF_028829775.1_ASM2882977v1/GCF_028829775.1_ASM2882977v1_genomic.fna.gz
GCF_028828495.1,ASM2882849v1,1903569,https://ftp.ncbi.nlm.nih.gov/genomes/all/GCF/028/828/495/GCF_028828495.1_ASM2882849v1/GCF_028828495.1_ASM2882849v1_genomic.fna.gz
GCF_016758775.1,Suicli1,1904413,https://ftp.ncbi.nlm.nih.gov/genomes/all/GCF/016/758/775/GCF_016758775.1_Suicli1/GCF_016758775.1_Suicli1_genomic.fna.gz
GCF_016758755.1,Suidis1,1912936,https://ftp.ncbi.nlm.nih.gov/genomes/all/GCF/016/758/755/GCF_016758755.1_Suidis1/GCF_016758755.1_Suidis1_genomic.fna.gz
GCF_016647785.1,Suifus1,1912939,https://ftp.ncbi.nlm.nih.gov/genomes/all/GCF/016/647/785/GCF_016647785.1_Suifus1/GCF_016647785.1_Suifus1_genomic.fna.gz
GCF_024244095.1,nhom_JUm1504,1912981,https://ftp.ncbi.nlm.nih.gov/genomes/all/GCF/024/244/095/GCF_024244095.1_nhom_JUm1504/GCF_024244095.1_nhom_JUm1504_genomic.fna.gz
GCF_021653875.1,ASM2165387v1,1912982,https://ftp.ncbi.nlm.nih.gov/genomes/all/GCF/021/653/875/GCF_021653875.1_ASM2165387v1/GCF_021653875.1_ASM2165387v1_genomic.fna.gz
GCF_024244105.1,nmin_JUm1510,1912983,https://ftp.ncbi.nlm.nih.gov/genomes/all/GCF/024/244/105/GCF_024244105.1_nmin_JUm1510/GCF_024244105.1_nmin_JUm1510_genomic.fna.gz
GCF_000738915.1,Nema_sp_1_ERTm6_V2,1913371,https://ftp.ncbi.nlm.nih.gov/genomes/all/GCF/000/738/915/GCF_000738915.1_Nema_sp_1_ERTm6_V2/GCF_000738915.1_Nema_sp_1_ERTm6_V2_genomic.fna.gz
GCF_030867605.1,CPAR01,1914294,https://ftp.ncbi.nlm.nih.gov/genomes/all/GCF/030/867/605/GCF_030867605.1_CPAR01/GCF_030867605.1_CPAR01_genomic.fna.gz
GCF_022496945.1,Annmae1,1927788,https://ftp.ncbi.nlm.nih.gov/genomes/all/GCF/022/496/945/GCF_022496945.1_Annmae1/GCF_022496945.1_Annmae1_genomic.fna.gz
GCF_030435595.1,Armtab1,1929756,https://ftp.ncbi.nlm.nih.gov/genomes/all/GCF/030/435/595/GCF_030435595.1_Armtab1/GCF_030435595.1_Armtab1_genomic.fna.gz
GCF_027946475.1,ASM2794647v1,1932322,https://ftp.ncbi.nlm.nih.gov/genomes/all/GCF/027/946/475/GCF_027946475.1_ASM2794647v1/GCF_027946475.1_ASM2794647v1_genomic.fna.gz
GCF_033296635.1,Chafun1_v1.0,1934379,https://ftp.ncbi.nlm.nih.gov/genomes/all/GCF/033/296/635/GCF_033296635.1_Chafun1_v1.0/GCF_033296635.1_Chafun1_v1.0_genomic.fna.gz
GCF_019207285.1,ASM1920728v1,1937702,https://ftp.ncbi.nlm.nih.gov/genomes/all/GCF/019/207/285/GCF_019207285.1_ASM1920728v1/GCF_019207285.1_ASM1920728v1_genomic.fna.gz
GCF_030549165.1,Lasmin1,1954250,https://ftp.ncbi.nlm.nih.gov/genomes/all/GCF/030/549/165/GCF_030549165.1_Lasmin1/GCF_030549165.1_Lasmin1_genomic.fna.gz
GCF_013461495.1,Bfra_R1V1,1964551,https://ftp.ncbi.nlm.nih.gov/genomes/all/GCF/013/461/495/GCF_013461495.1_Bfra_R1V1/GCF_013461495.1_Bfra_R1V1_genomic.fna.gz
GCF_044167205.1,ASM4416720v1,2019550,https://ftp.ncbi.nlm.nih.gov/genomes/all/GCF/044/167/205/GCF_044167205.1_ASM4416720v1/GCF_044167205.1_ASM4416720v1_genomic.fna.gz
GCF_029542925.1,ASM2954292v1,2020962,https://ftp.ncbi.nlm.nih.gov/genomes/all/GCF/029/542/925/GCF_029542925.1_ASM2954292v1/GCF_029542925.1_ASM2954292v1_genomic.fna.gz
GCF_028502605.1,ASM2850260v1,2034170,https://ftp.ncbi.nlm.nih.gov/genomes/all/GCF/028/502/605/GCF_028502605.1_ASM2850260v1/GCF_028502605.1_ASM2850260v1_genomic.fna.gz
GCF_048999995.1,ASM4899999v1,2035830,https://ftp.ncbi.nlm.nih.gov/genomes/all/GCF/048/999/995/GCF_048999995.1_ASM4899999v1/GCF_048999995.1_ASM4899999v1_genomic.fna.gz
GCF_000149585.1,ASM14958v1,2059318,https://ftp.ncbi.nlm.nih.gov/genomes/all/GCF/000/149/585/GCF_000149585.1_ASM14958v1/GCF_000149585.1_ASM14958v1_genomic.fna.gz
GCF_022605165.1,ASM2260516v1,2060973,https://ftp.ncbi.nlm.nih.gov/genomes/all/GCF/022/605/165/GCF_022605165.1_ASM2260516v1/GCF_022605165.1_ASM2260516v1_genomic.fna.gz
GCF_033297395.1,Thiar1,2074819,https://ftp.ncbi.nlm.nih.gov/genomes/all/GCF/033/297/395/GCF_033297395.1_Thiar1/GCF_033297395.1_Thiar1_genomic.fna.gz
GCF_035222275.1,CBS112042p_1.0,2093777,https://ftp.ncbi.nlm.nih.gov/genomes/all/GCF/035/222/275/GCF_035222275.1_CBS112042p_1.0/GCF_035222275.1_CBS112042p_1.0_genomic.fna.gz
GCF_035222375.1,CBS415.72m_1.0,2093779,https://ftp.ncbi.nlm.nih.gov/genomes/all/GCF/035/222/375/GCF_035222375.1_CBS415.72m_1.0/GCF_035222375.1_CBS415.72m_1.0_genomic.fna.gz
GCF_035222475.1,CBS411.78m_1.0,2093780,https://ftp.ncbi.nlm.nih.gov/genomes/all/GCF/035/222/475/GCF_035222475.1_CBS411.78m_1.0/GCF_035222475.1_CBS411.78m_1.0_genomic.fna.gz
GCF_028827025.1,ASM2882702v1,2100454,https://ftp.ncbi.nlm.nih.gov/genomes/all/GCF/028/827/025/GCF_028827025.1_ASM2882702v1/GCF_028827025.1_ASM2882702v1_genomic.fna.gz
GCF_014461135.1,ASM1446113v1,2126181,https://ftp.ncbi.nlm.nih.gov/genomes/all/GCF/014/461/135/GCF_014461135.1_ASM1446113v1/GCF_014461135.1_ASM1446113v1_genomic.fna.gz
GCF_028009165.1,ASM2800916v1,2231603,https://ftp.ncbi.nlm.nih.gov/genomes/all/GCF/028/009/165/GCF_028009165.1_ASM2800916v1/GCF_028009165.1_ASM2800916v1_genomic.fna.gz
GCF_965637985.1,TRVA0,2268995,https://ftp.ncbi.nlm.nih.gov/genomes/all/GCF/965/637/985/GCF_965637985.1_TRVA0/GCF_965637985.1_TRVA0_genomic.fna.gz
GCF_051148585.1,ASM5114858v1,2283408,https://ftp.ncbi.nlm.nih.gov/genomes/all/GCF/051/148/585/GCF_051148585.1_ASM5114858v1/GCF_051148585.1_ASM5114858v1_genomic.fna.gz
GCF_029203305.1,ASM2920330v1,2315449,https://ftp.ncbi.nlm.nih.gov/genomes/all/GCF/029/203/305/GCF_029203305.1_ASM2920330v1/GCF_029203305.1_ASM2920330v1_genomic.fna.gz
GCF_014898535.1,ASM1489853v1,2478750,https://ftp.ncbi.nlm.nih.gov/genomes/all/GCF/014/898/535/GCF_014898535.1_ASM1489853v1/GCF_014898535.1_ASM1489853v1_genomic.fna.gz
GCF_022695815.1,EurotioJF033F_1,2486360,https://ftp.ncbi.nlm.nih.gov/genomes/all/GCF/022/695/815/GCF_022695815.1_EurotioJF033F_1/GCF_022695815.1_EurotioJF033F_1_genomic.fna.gz
GCF_027921745.1,ASM2792174v1,2545709,https://ftp.ncbi.nlm.nih.gov/genomes/all/GCF/027/921/745/GCF_027921745.1_ASM2792174v1/GCF_027921745.1_ASM2792174v1_genomic.fna.gz
GCF_033297405.1,Thiap1,2587402,https://ftp.ncbi.nlm.nih.gov/genomes/all/GCF/033/297/405/GCF_033297405.1_Thiap1/GCF_033297405.1_Thiap1_genomic.fna.gz
GCF_902498895.1,sapIngB,2606893,https://ftp.ncbi.nlm.nih.gov/genomes/all/GCF/902/498/895/GCF_902498895.1_sapIngB/GCF_902498895.1_sapIngB_genomic.fna.gz
GCF_035222485.1,CBS124.78p_1.0,2609844,https://ftp.ncbi.nlm.nih.gov/genomes/all/GCF/035/222/485/GCF_035222485.1_CBS124.78p_1.0/GCF_035222485.1_CBS124.78p_1.0_genomic.fna.gz
GCF_019669845.1,AcreTS7_1,2614577,https://ftp.ncbi.nlm.nih.gov/genomes/all/GCF/019/669/845/GCF_019669845.1_AcreTS7_1/GCF_019669845.1_AcreTS7_1_genomic.fna.gz
GCF_003357145.1,ASM335714v1,2656787,https://ftp.ncbi.nlm.nih.gov/genomes/all/GCF/003/357/145/GCF_003357145.1_ASM335714v1/GCF_003357145.1_ASM335714v1_genomic.fna.gz
GCF_020744385.1,Fuseq1,2675880,https://ftp.ncbi.nlm.nih.gov/genomes/all/GCF/020/744/385/GCF_020744385.1_Fuseq1/GCF_020744385.1_Fuseq1_genomic.fna.gz
GCF_022114955.1,ASM2211495v2,2686198,https://ftp.ncbi.nlm.nih.gov/genomes/all/GCF/022/114/955/GCF_022114955.1_ASM2211495v2/GCF_022114955.1_ASM2211495v2_genomic.fna.gz
GCF_019456465.1,ASM1945646v1,2732470,https://ftp.ncbi.nlm.nih.gov/genomes/all/GCF/019/456/465/GCF_019456465.1_ASM1945646v1/GCF_019456465.1_ASM1945646v1_genomic.fna.gz
GCF_002105105.1,Prola1,2754530,https://ftp.ncbi.nlm.nih.gov/genomes/all/GCF/002/105/105/GCF_002105105.1_Prola1/GCF_002105105.1_Prola1_genomic.fna.gz
GCF_041146345.1,N_Populina_1.0,2781224,https://ftp.ncbi.nlm.nih.gov/genomes/all/GCF/041/146/345/GCF_041146345.1_N_Populina_1.0/GCF_041146345.1_N_Populina_1.0_genomic.fna.gz
GCF_028827545.1,ASM2882754v1,2819901,https://ftp.ncbi.nlm.nih.gov/genomes/all/GCF/028/827/545/GCF_028827545.1_ASM2882754v1/GCF_028827545.1_ASM2882754v1_genomic.fna.gz
GCF_038363925.1,ASM3836392v1,2905665,https://ftp.ncbi.nlm.nih.gov/genomes/all/GCF/038/363/925/GCF_038363925.1_ASM3836392v1/GCF_038363925.1_ASM3836392v1_genomic.fna.gz
GCF_021821965.1,FI-F-10_v._1,3039483,https://ftp.ncbi.nlm.nih.gov/genomes/all/GCF/021/821/965/GCF_021821965.1_FI-F-10_v._1/GCF_021821965.1_FI-F-10_v._1_genomic.fna.gz
GCF_964197705.1,Pfluo_KMR99,3158075,https://ftp.ncbi.nlm.nih.gov/genomes/all/GCF/964/197/705/GCF_964197705.1_Pfluo_KMR99/GCF_964197705.1_Pfluo_KMR99_genomic.fna.gz
GCF_050370095.1,ASM5037009v1,3417454,https://ftp.ncbi.nlm.nih.gov/genomes/all/GCF/050/370/095/GCF_050370095.1_ASM5037009v1/GCF_050370095.1_ASM5037009v1_genomic.fna.gz
GCF_002759435.1,Cand_auris_B8441_V3,3712126,https://ftp.ncbi.nlm.nih.gov/genomes/all/GCF/002/759/435/GCF_002759435.1_Cand_auris_B8441_V3/GCF_002759435.1_Cand_auris_B8441_V3_genomic.fna.gz
